--
-- PostgreSQL database dump
--

-- Dumped from database version 14.9 (Debian 14.9-1.pgdg120+1)
-- Dumped by pg_dump version 14.9 (Debian 14.9-1.pgdg120+1)

SET statement_timeout = 0;
SET lock_timeout = 0;
SET idle_in_transaction_session_timeout = 0;
SET client_encoding = 'UTF8';
SET standard_conforming_strings = on;
SELECT pg_catalog.set_config('search_path', '', false);
SET check_function_bodies = false;
SET xmloption = content;
SET client_min_messages = warning;
SET row_security = off;

SET default_tablespace = '';

SET default_table_access_method = heap;

--
-- Name: accounting_accounting; Type: TABLE; Schema: public; Owner: admin
--

CREATE TABLE public.accounting_accounting (
    id uuid NOT NULL,
    name character varying(500) NOT NULL,
    account integer,
    code character varying(50),
    quantity integer NOT NULL,
    cost double precision NOT NULL,
    note text,
    accessories_id uuid,
    categories_id uuid,
    consumable_id uuid
);


ALTER TABLE public.accounting_accounting OWNER TO admin;

--
-- Name: accounting_categories; Type: TABLE; Schema: public; Owner: admin
--

CREATE TABLE public.accounting_categories (
    id uuid NOT NULL,
    name character varying(50) NOT NULL,
    slug character varying(50) NOT NULL
);


ALTER TABLE public.accounting_categories OWNER TO admin;

--
-- Name: auth_group; Type: TABLE; Schema: public; Owner: admin
--

CREATE TABLE public.auth_group (
    id integer NOT NULL,
    name character varying(150) NOT NULL
);


ALTER TABLE public.auth_group OWNER TO admin;

--
-- Name: auth_group_id_seq; Type: SEQUENCE; Schema: public; Owner: admin
--

ALTER TABLE public.auth_group ALTER COLUMN id ADD GENERATED BY DEFAULT AS IDENTITY (
    SEQUENCE NAME public.auth_group_id_seq
    START WITH 1
    INCREMENT BY 1
    NO MINVALUE
    NO MAXVALUE
    CACHE 1
);


--
-- Name: auth_group_permissions; Type: TABLE; Schema: public; Owner: admin
--

CREATE TABLE public.auth_group_permissions (
    id bigint NOT NULL,
    group_id integer NOT NULL,
    permission_id integer NOT NULL
);


ALTER TABLE public.auth_group_permissions OWNER TO admin;

--
-- Name: auth_group_permissions_id_seq; Type: SEQUENCE; Schema: public; Owner: admin
--

ALTER TABLE public.auth_group_permissions ALTER COLUMN id ADD GENERATED BY DEFAULT AS IDENTITY (
    SEQUENCE NAME public.auth_group_permissions_id_seq
    START WITH 1
    INCREMENT BY 1
    NO MINVALUE
    NO MAXVALUE
    CACHE 1
);


--
-- Name: auth_permission; Type: TABLE; Schema: public; Owner: admin
--

CREATE TABLE public.auth_permission (
    id integer NOT NULL,
    name character varying(255) NOT NULL,
    content_type_id integer NOT NULL,
    codename character varying(100) NOT NULL
);


ALTER TABLE public.auth_permission OWNER TO admin;

--
-- Name: auth_permission_id_seq; Type: SEQUENCE; Schema: public; Owner: admin
--

ALTER TABLE public.auth_permission ALTER COLUMN id ADD GENERATED BY DEFAULT AS IDENTITY (
    SEQUENCE NAME public.auth_permission_id_seq
    START WITH 1
    INCREMENT BY 1
    NO MINVALUE
    NO MAXVALUE
    CACHE 1
);


--
-- Name: auth_user; Type: TABLE; Schema: public; Owner: admin
--

CREATE TABLE public.auth_user (
    id integer NOT NULL,
    password character varying(128) NOT NULL,
    last_login timestamp with time zone,
    is_superuser boolean NOT NULL,
    username character varying(150) NOT NULL,
    first_name character varying(150) NOT NULL,
    last_name character varying(150) NOT NULL,
    email character varying(254) NOT NULL,
    is_staff boolean NOT NULL,
    is_active boolean NOT NULL,
    date_joined timestamp with time zone NOT NULL
);


ALTER TABLE public.auth_user OWNER TO admin;

--
-- Name: auth_user_groups; Type: TABLE; Schema: public; Owner: admin
--

CREATE TABLE public.auth_user_groups (
    id bigint NOT NULL,
    user_id integer NOT NULL,
    group_id integer NOT NULL
);


ALTER TABLE public.auth_user_groups OWNER TO admin;

--
-- Name: auth_user_groups_id_seq; Type: SEQUENCE; Schema: public; Owner: admin
--

ALTER TABLE public.auth_user_groups ALTER COLUMN id ADD GENERATED BY DEFAULT AS IDENTITY (
    SEQUENCE NAME public.auth_user_groups_id_seq
    START WITH 1
    INCREMENT BY 1
    NO MINVALUE
    NO MAXVALUE
    CACHE 1
);


--
-- Name: auth_user_id_seq; Type: SEQUENCE; Schema: public; Owner: admin
--

ALTER TABLE public.auth_user ALTER COLUMN id ADD GENERATED BY DEFAULT AS IDENTITY (
    SEQUENCE NAME public.auth_user_id_seq
    START WITH 1
    INCREMENT BY 1
    NO MINVALUE
    NO MAXVALUE
    CACHE 1
);


--
-- Name: auth_user_user_permissions; Type: TABLE; Schema: public; Owner: admin
--

CREATE TABLE public.auth_user_user_permissions (
    id bigint NOT NULL,
    user_id integer NOT NULL,
    permission_id integer NOT NULL
);


ALTER TABLE public.auth_user_user_permissions OWNER TO admin;

--
-- Name: auth_user_user_permissions_id_seq; Type: SEQUENCE; Schema: public; Owner: admin
--

ALTER TABLE public.auth_user_user_permissions ALTER COLUMN id ADD GENERATED BY DEFAULT AS IDENTITY (
    SEQUENCE NAME public.auth_user_user_permissions_id_seq
    START WITH 1
    INCREMENT BY 1
    NO MINVALUE
    NO MAXVALUE
    CACHE 1
);


--
-- Name: consumables_acccat; Type: TABLE; Schema: public; Owner: admin
--

CREATE TABLE public.consumables_acccat (
    id uuid NOT NULL,
    name character varying(50) NOT NULL,
    slug character varying(50) NOT NULL
);


ALTER TABLE public.consumables_acccat OWNER TO admin;

--
-- Name: consumables_accessories; Type: TABLE; Schema: public; Owner: admin
--

CREATE TABLE public.consumables_accessories (
    id uuid NOT NULL,
    name character varying(150) NOT NULL,
    serial character varying(50),
    "serialImg" character varying(100),
    invent character varying(50),
    "inventImg" character varying(100),
    quantity integer NOT NULL,
    description text,
    note text,
    categories_id uuid,
    manufacturer_id uuid
);


ALTER TABLE public.consumables_accessories OWNER TO admin;

--
-- Name: consumables_categories; Type: TABLE; Schema: public; Owner: admin
--

CREATE TABLE public.consumables_categories (
    id uuid NOT NULL,
    name character varying(50) NOT NULL,
    slug character varying(50) NOT NULL
);


ALTER TABLE public.consumables_categories OWNER TO admin;

--
-- Name: consumables_consumables; Type: TABLE; Schema: public; Owner: admin
--

CREATE TABLE public.consumables_consumables (
    id uuid NOT NULL,
    name character varying(150) NOT NULL,
    serial character varying(50),
    "serialImg" character varying(100),
    invent character varying(50),
    "inventImg" character varying(100),
    quantity integer NOT NULL,
    description text,
    note text,
    categories_id uuid,
    manufacturer_id uuid
);


ALTER TABLE public.consumables_consumables OWNER TO admin;

--
-- Name: counterparty_manufacturer; Type: TABLE; Schema: public; Owner: admin
--

CREATE TABLE public.counterparty_manufacturer (
    id uuid NOT NULL,
    name character varying(150) NOT NULL,
    country character varying(150) NOT NULL,
    production character varying(150) NOT NULL
);


ALTER TABLE public.counterparty_manufacturer OWNER TO admin;

--
-- Name: decommission_categorydec; Type: TABLE; Schema: public; Owner: admin
--

CREATE TABLE public.decommission_categorydec (
    id uuid NOT NULL,
    name character varying(50) NOT NULL,
    slug character varying(50) NOT NULL
);


ALTER TABLE public.decommission_categorydec OWNER TO admin;

--
-- Name: decommission_categorydis; Type: TABLE; Schema: public; Owner: admin
--

CREATE TABLE public.decommission_categorydis (
    id uuid NOT NULL,
    name character varying(50) NOT NULL,
    slug character varying(50) NOT NULL
);


ALTER TABLE public.decommission_categorydis OWNER TO admin;

--
-- Name: decommission_decommission; Type: TABLE; Schema: public; Owner: admin
--

CREATE TABLE public.decommission_decommission (
    stock_model_id uuid NOT NULL,
    date date,
    categories_id uuid
);


ALTER TABLE public.decommission_decommission OWNER TO admin;

--
-- Name: decommission_disposal; Type: TABLE; Schema: public; Owner: admin
--

CREATE TABLE public.decommission_disposal (
    stock_model_id uuid NOT NULL,
    date date,
    categories_id uuid
);


ALTER TABLE public.decommission_disposal OWNER TO admin;

--
-- Name: device_device; Type: TABLE; Schema: public; Owner: admin
--

CREATE TABLE public.device_device (
    id uuid NOT NULL,
    name character varying(150) NOT NULL,
    serial character varying(50),
    "serialImg" character varying(100),
    invent character varying(50),
    "inventImg" character varying(100),
    description text,
    quantity integer NOT NULL,
    cost double precision NOT NULL,
    resource double precision NOT NULL,
    note text,
    categories_id uuid,
    manufacturer_id uuid,
    workplace_id uuid,
    hostname character varying(50),
    ip_address character varying(50),
    login character varying(50),
    pwd character varying(20)
);


ALTER TABLE public.device_device OWNER TO admin;

--
-- Name: device_device_accessories; Type: TABLE; Schema: public; Owner: admin
--

CREATE TABLE public.device_device_accessories (
    id bigint NOT NULL,
    device_id uuid NOT NULL,
    accessories_id uuid NOT NULL
);


ALTER TABLE public.device_device_accessories OWNER TO admin;

--
-- Name: device_device_accessories_id_seq; Type: SEQUENCE; Schema: public; Owner: admin
--

ALTER TABLE public.device_device_accessories ALTER COLUMN id ADD GENERATED BY DEFAULT AS IDENTITY (
    SEQUENCE NAME public.device_device_accessories_id_seq
    START WITH 1
    INCREMENT BY 1
    NO MINVALUE
    NO MAXVALUE
    CACHE 1
);


--
-- Name: device_device_consumable; Type: TABLE; Schema: public; Owner: admin
--

CREATE TABLE public.device_device_consumable (
    id bigint NOT NULL,
    device_id uuid NOT NULL,
    consumables_id uuid NOT NULL
);


ALTER TABLE public.device_device_consumable OWNER TO admin;

--
-- Name: device_device_consumable_id_seq; Type: SEQUENCE; Schema: public; Owner: admin
--

ALTER TABLE public.device_device_consumable ALTER COLUMN id ADD GENERATED BY DEFAULT AS IDENTITY (
    SEQUENCE NAME public.device_device_consumable_id_seq
    START WITH 1
    INCREMENT BY 1
    NO MINVALUE
    NO MAXVALUE
    CACHE 1
);


--
-- Name: device_devicecat; Type: TABLE; Schema: public; Owner: admin
--

CREATE TABLE public.device_devicecat (
    id uuid NOT NULL,
    name character varying(50) NOT NULL,
    slug character varying(50) NOT NULL
);


ALTER TABLE public.device_devicecat OWNER TO admin;

--
-- Name: django_admin_log; Type: TABLE; Schema: public; Owner: admin
--

CREATE TABLE public.django_admin_log (
    id integer NOT NULL,
    action_time timestamp with time zone NOT NULL,
    object_id text,
    object_repr character varying(200) NOT NULL,
    action_flag smallint NOT NULL,
    change_message text NOT NULL,
    content_type_id integer,
    user_id integer NOT NULL,
    CONSTRAINT django_admin_log_action_flag_check CHECK ((action_flag >= 0))
);


ALTER TABLE public.django_admin_log OWNER TO admin;

--
-- Name: django_admin_log_id_seq; Type: SEQUENCE; Schema: public; Owner: admin
--

ALTER TABLE public.django_admin_log ALTER COLUMN id ADD GENERATED BY DEFAULT AS IDENTITY (
    SEQUENCE NAME public.django_admin_log_id_seq
    START WITH 1
    INCREMENT BY 1
    NO MINVALUE
    NO MAXVALUE
    CACHE 1
);


--
-- Name: django_content_type; Type: TABLE; Schema: public; Owner: admin
--

CREATE TABLE public.django_content_type (
    id integer NOT NULL,
    app_label character varying(100) NOT NULL,
    model character varying(100) NOT NULL
);


ALTER TABLE public.django_content_type OWNER TO admin;

--
-- Name: django_content_type_id_seq; Type: SEQUENCE; Schema: public; Owner: admin
--

ALTER TABLE public.django_content_type ALTER COLUMN id ADD GENERATED BY DEFAULT AS IDENTITY (
    SEQUENCE NAME public.django_content_type_id_seq
    START WITH 1
    INCREMENT BY 1
    NO MINVALUE
    NO MAXVALUE
    CACHE 1
);


--
-- Name: django_migrations; Type: TABLE; Schema: public; Owner: admin
--

CREATE TABLE public.django_migrations (
    id bigint NOT NULL,
    app character varying(255) NOT NULL,
    name character varying(255) NOT NULL,
    applied timestamp with time zone NOT NULL
);


ALTER TABLE public.django_migrations OWNER TO admin;

--
-- Name: django_migrations_id_seq; Type: SEQUENCE; Schema: public; Owner: admin
--

ALTER TABLE public.django_migrations ALTER COLUMN id ADD GENERATED BY DEFAULT AS IDENTITY (
    SEQUENCE NAME public.django_migrations_id_seq
    START WITH 1
    INCREMENT BY 1
    NO MINVALUE
    NO MAXVALUE
    CACHE 1
);


--
-- Name: django_session; Type: TABLE; Schema: public; Owner: admin
--

CREATE TABLE public.django_session (
    session_key character varying(40) NOT NULL,
    session_data text NOT NULL,
    expire_date timestamp with time zone NOT NULL
);


ALTER TABLE public.django_session OWNER TO admin;

--
-- Name: employee_departament; Type: TABLE; Schema: public; Owner: admin
--

CREATE TABLE public.employee_departament (
    id uuid NOT NULL,
    name character varying(50) NOT NULL
);


ALTER TABLE public.employee_departament OWNER TO admin;

--
-- Name: employee_employee; Type: TABLE; Schema: public; Owner: admin
--

CREATE TABLE public.employee_employee (
    id uuid NOT NULL,
    name character varying(50) NOT NULL,
    surname character varying(50) NOT NULL,
    "employeeEmail" character varying(254),
    post_id uuid,
    workplace_id uuid,
    last_name character varying(50) NOT NULL
);


ALTER TABLE public.employee_employee OWNER TO admin;

--
-- Name: employee_post; Type: TABLE; Schema: public; Owner: admin
--

CREATE TABLE public.employee_post (
    id uuid NOT NULL,
    name character varying(50) NOT NULL,
    departament_id uuid
);


ALTER TABLE public.employee_post OWNER TO admin;

--
-- Name: signature_signature; Type: TABLE; Schema: public; Owner: admin
--

CREATE TABLE public.signature_signature (
    id uuid NOT NULL,
    name character varying(50) NOT NULL,
    "licenseKeyFileOpen" character varying(100),
    "licenseKeyFileClose" character varying(100),
    "periodOpen" date,
    "periodClose" date,
    "employeeRegister_id" uuid,
    "employeeStorage_id" uuid,
    storage_id uuid,
    workstation_id uuid
);


ALTER TABLE public.signature_signature OWNER TO admin;

--
-- Name: software_os; Type: TABLE; Schema: public; Owner: admin
--

CREATE TABLE public.software_os (
    id uuid NOT NULL,
    name character varying(50) NOT NULL,
    version character varying(200),
    "bitDepth" character varying(200),
    "licenseKeyText" character varying(50),
    "licenseKeyImg" character varying(100),
    "licenseKeyFile" character varying(100),
    manufacturer_id uuid
);


ALTER TABLE public.software_os OWNER TO admin;

--
-- Name: software_software; Type: TABLE; Schema: public; Owner: admin
--

CREATE TABLE public.software_software (
    id uuid NOT NULL,
    name character varying(50) NOT NULL,
    version character varying(200),
    "bitDepth" character varying(200),
    "licenseKeyText" character varying(50),
    "licenseKeyImg" character varying(100),
    "licenseKeyFile" character varying(100),
    manufacturer_id uuid
);


ALTER TABLE public.software_software OWNER TO admin;

--
-- Name: stockroom_categoryacc; Type: TABLE; Schema: public; Owner: admin
--

CREATE TABLE public.stockroom_categoryacc (
    id uuid NOT NULL,
    name character varying(50) NOT NULL,
    slug character varying(50) NOT NULL
);


ALTER TABLE public.stockroom_categoryacc OWNER TO admin;

--
-- Name: stockroom_categorydev; Type: TABLE; Schema: public; Owner: admin
--

CREATE TABLE public.stockroom_categorydev (
    id uuid NOT NULL,
    name character varying(50) NOT NULL,
    slug character varying(50) NOT NULL
);


ALTER TABLE public.stockroom_categorydev OWNER TO admin;

--
-- Name: stockroom_history; Type: TABLE; Schema: public; Owner: admin
--

CREATE TABLE public.stockroom_history (
    id uuid NOT NULL,
    stock_model character varying(150) NOT NULL,
    stock_model_id character varying(50) NOT NULL,
    device character varying(150),
    "deviceId" character varying(50),
    quantity integer NOT NULL,
    "dateInstall" date,
    "user" character varying(50) NOT NULL,
    status character varying(10) NOT NULL,
    categories_id uuid,
    note text
);


ALTER TABLE public.stockroom_history OWNER TO admin;

--
-- Name: stockroom_historyacc; Type: TABLE; Schema: public; Owner: admin
--

CREATE TABLE public.stockroom_historyacc (
    id uuid NOT NULL,
    stock_model character varying(150) NOT NULL,
    stock_model_id character varying(50) NOT NULL,
    device character varying(150),
    "deviceId" character varying(50),
    quantity integer NOT NULL,
    "dateInstall" date,
    "user" character varying(50) NOT NULL,
    status character varying(10) NOT NULL,
    categories_id uuid,
    note text
);


ALTER TABLE public.stockroom_historyacc OWNER TO admin;

--
-- Name: stockroom_historydev; Type: TABLE; Schema: public; Owner: admin
--

CREATE TABLE public.stockroom_historydev (
    id uuid NOT NULL,
    stock_model character varying(150) NOT NULL,
    stock_model_id character varying(50) NOT NULL,
    quantity integer NOT NULL,
    "dateInstall" date,
    "user" character varying(50) NOT NULL,
    status character varying(50) NOT NULL,
    categories_id uuid,
    note text
);


ALTER TABLE public.stockroom_historydev OWNER TO admin;

--
-- Name: stockroom_stockacc; Type: TABLE; Schema: public; Owner: admin
--

CREATE TABLE public.stockroom_stockacc (
    stock_model_id uuid NOT NULL,
    "dateAddToStock" date,
    "dateInstall" date,
    rack integer,
    shelf integer,
    categories_id uuid
);


ALTER TABLE public.stockroom_stockacc OWNER TO admin;

--
-- Name: stockroom_stockcat; Type: TABLE; Schema: public; Owner: admin
--

CREATE TABLE public.stockroom_stockcat (
    id uuid NOT NULL,
    name character varying(50) NOT NULL,
    slug character varying(50) NOT NULL
);


ALTER TABLE public.stockroom_stockcat OWNER TO admin;

--
-- Name: stockroom_stockdev; Type: TABLE; Schema: public; Owner: admin
--

CREATE TABLE public.stockroom_stockdev (
    stock_model_id uuid NOT NULL,
    "dateAddToStock" date,
    "dateInstall" date,
    rack integer,
    shelf integer,
    categories_id uuid
);


ALTER TABLE public.stockroom_stockdev OWNER TO admin;

--
-- Name: stockroom_stockroom; Type: TABLE; Schema: public; Owner: admin
--

CREATE TABLE public.stockroom_stockroom (
    stock_model_id uuid NOT NULL,
    "dateAddToStock" date,
    "dateInstall" date,
    rack integer,
    shelf integer,
    categories_id uuid
);


ALTER TABLE public.stockroom_stockroom OWNER TO admin;

--
-- Name: workplace_room; Type: TABLE; Schema: public; Owner: admin
--

CREATE TABLE public.workplace_room (
    id uuid NOT NULL,
    name character varying(15) NOT NULL,
    building character varying(25) NOT NULL,
    floor character varying(25) NOT NULL
);


ALTER TABLE public.workplace_room OWNER TO admin;

--
-- Name: workplace_workplace; Type: TABLE; Schema: public; Owner: admin
--

CREATE TABLE public.workplace_workplace (
    id uuid NOT NULL,
    name character varying(50) NOT NULL,
    room_id uuid
);


ALTER TABLE public.workplace_workplace OWNER TO admin;

--
-- Data for Name: accounting_accounting; Type: TABLE DATA; Schema: public; Owner: admin
--

COPY public.accounting_accounting (id, name, account, code, quantity, cost, note, accessories_id, categories_id, consumable_id) FROM stdin;
c1e594e5-33f8-4931-b2c7-e8340536f003	Картридж CANON 067 C голубой	100000201	101	12	12900		\N	df8136fb-12cc-4bfa-a9e8-5f1e769638d6	90a32fc9-4ca4-46d1-84b8-8508b52b67d2
b31d6c6b-9667-44d8-a4ae-c31ffe0078e7	Картридж CANON 067 B черный	100000201	100	12	12900		\N	df8136fb-12cc-4bfa-a9e8-5f1e769638d6	30f44fac-9876-4378-ba59-bbdfe9897924
8541a53c-d884-4219-9e52-dbd5caf21da5	Картридж CANON 067 M пурпурный	100000201	102	12	12900		\N	df8136fb-12cc-4bfa-a9e8-5f1e769638d6	2916baa7-6548-4622-ad7d-dc7ae7710965
0c220ceb-5170-4680-b73a-de3958c370c7	Картридж CANON 067 Y желтый	100000201	103	12	12900		\N	df8136fb-12cc-4bfa-a9e8-5f1e769638d6	dc4a36d4-4536-4bac-9e30-3c381d4dfdd5
4c671b00-bf0a-45c2-b25e-d69b7a4c7901	Canon тонер C-EXV 49 (8524B002)	100000201	201	10	9500		\N	df8136fb-12cc-4bfa-a9e8-5f1e769638d6	a922c5c4-6f69-4c66-8e28-572ca76b9755
8aa89883-47a5-4f0f-b06e-57b91a2d7dc6	Canon фотобарабан C-EXV 49 (8528B003AA 000)	100000201	200	4	25000		\N	fd9f805c-6983-4b06-a039-efc79e141222	ade549c6-06a6-4b7b-aecf-fad02adceed7
7e34ff8a-f831-46a9-9fca-18bf03ef7b5c	Canon тонер C-EXV 49 (8525B002)	100000201	202	10	12000		\N	df8136fb-12cc-4bfa-a9e8-5f1e769638d6	c8dbd594-1e08-44e2-b592-2bbfc98609da
91ee701e-f5b5-4046-84c8-cfcc1d460c0f	Canon тонер C-EXV 49 (8526B002)	100000201	203	10	12000		\N	df8136fb-12cc-4bfa-a9e8-5f1e769638d6	1e7cec54-fdfd-48f9-837c-b0533b9e9b8c
20180bef-53e2-49b0-b29f-013b82f49e98	Canon тонер C-EXV 49 (8527B002)	100000201	204	10	12000		\N	df8136fb-12cc-4bfa-a9e8-5f1e769638d6	6ca7808d-3096-4334-bf41-f847baf59b75
7d220a25-5eee-4c2c-bd87-a697facd6bdc	Картридж лазерный Kyocera TK-1170 черный, с чипом	100000201	300	10	10499		\N	df8136fb-12cc-4bfa-a9e8-5f1e769638d6	34e0c89d-5b36-4084-b376-283470e0903e
af746562-cb88-4510-aa99-82a6da37dab4	Картридж лазерный Pantum TL-420H черный, с чипом	100000201	400	8	5599		\N	df8136fb-12cc-4bfa-a9e8-5f1e769638d6	215a2be0-4585-44df-939d-9176acc8d7c9
\.


--
-- Data for Name: accounting_categories; Type: TABLE DATA; Schema: public; Owner: admin
--

COPY public.accounting_categories (id, name, slug) FROM stdin;
df8136fb-12cc-4bfa-a9e8-5f1e769638d6	Картриджы	cartridge
fd9f805c-6983-4b06-a039-efc79e141222	Барабан	drums
\.


--
-- Data for Name: auth_group; Type: TABLE DATA; Schema: public; Owner: admin
--

COPY public.auth_group (id, name) FROM stdin;
\.


--
-- Data for Name: auth_group_permissions; Type: TABLE DATA; Schema: public; Owner: admin
--

COPY public.auth_group_permissions (id, group_id, permission_id) FROM stdin;
\.


--
-- Data for Name: auth_permission; Type: TABLE DATA; Schema: public; Owner: admin
--

COPY public.auth_permission (id, name, content_type_id, codename) FROM stdin;
1	Can add log entry	1	add_logentry
2	Can change log entry	1	change_logentry
3	Can delete log entry	1	delete_logentry
4	Can view log entry	1	view_logentry
5	Can add permission	2	add_permission
6	Can change permission	2	change_permission
7	Can delete permission	2	delete_permission
8	Can view permission	2	view_permission
9	Can add group	3	add_group
10	Can change group	3	change_group
11	Can delete group	3	delete_group
12	Can view group	3	view_group
13	Can add user	4	add_user
14	Can change user	4	change_user
15	Can delete user	4	delete_user
16	Can view user	4	view_user
17	Can add content type	5	add_contenttype
18	Can change content type	5	change_contenttype
19	Can delete content type	5	delete_contenttype
20	Can view content type	5	view_contenttype
21	Can add session	6	add_session
22	Can change session	6	change_session
23	Can delete session	6	delete_session
24	Can view session	6	view_session
25	Can add Кабинет	7	add_room
26	Can change Кабинет	7	change_room
27	Can delete Кабинет	7	delete_room
28	Can view Кабинет	7	view_room
29	Can add Рабочее место	8	add_workplace
30	Can change Рабочее место	8	change_workplace
31	Can delete Рабочее место	8	delete_workplace
32	Can view Рабочее место	8	view_workplace
33	Can add Отдел	9	add_departament
34	Can change Отдел	9	change_departament
35	Can delete Отдел	9	delete_departament
36	Can view Отдел	9	view_departament
37	Can add Должность	10	add_post
38	Can change Должность	10	change_post
39	Can delete Должность	10	delete_post
40	Can view Должность	10	view_post
41	Can add Сотрудник	11	add_employee
42	Can change Сотрудник	11	change_employee
43	Can delete Сотрудник	11	delete_employee
44	Can view Сотрудник	11	view_employee
45	Can add Программное обеспечение	12	add_software
46	Can change Программное обеспечение	12	change_software
47	Can delete Программное обеспечение	12	delete_software
48	Can view Программное обеспечение	12	view_software
49	Can add Операционная система	13	add_os
50	Can change Операционная система	13	change_os
51	Can delete Операционная система	13	delete_os
52	Can view Операционная система	13	view_os
53	Can add Группа комплектующих	14	add_acccat
54	Can change Группа комплектующих	14	change_acccat
55	Can delete Группа комплектующих	14	delete_acccat
56	Can view Группа комплектующих	14	view_acccat
57	Can add Группа расходников	15	add_categories
58	Can change Группа расходников	15	change_categories
59	Can delete Группа расходников	15	delete_categories
60	Can view Группа расходников	15	view_categories
61	Can add Расходник	16	add_consumables
62	Can change Расходник	16	change_consumables
63	Can delete Расходник	16	delete_consumables
64	Can view Расходник	16	view_consumables
65	Добавление на склад	16	can_add_consumable_to_stock
66	Can add Комплектующее	17	add_accessories
67	Can change Комплектующее	17	change_accessories
68	Can delete Комплектующее	17	delete_accessories
69	Can view Комплектующее	17	view_accessories
70	Добавление на склад	17	can_add_accessories_to_stock
71	Can add Группа устройств	18	add_devicecat
72	Can change Группа устройств	18	change_devicecat
73	Can delete Группа устройств	18	delete_devicecat
74	Can view Группа устройств	18	view_devicecat
75	Can add Устройства	19	add_device
76	Can change Устройства	19	change_device
77	Can delete Устройства	19	delete_device
78	Can view Устройства	19	view_device
79	Перемещение	19	can_move_device
80	Добавление на склад	19	can_add_stock
81	Установка расходника	19	can_install_consumable
82	Установка комплектующего	19	can_install_accessories
83	Добавление истории	19	can_add_history
84	Can add ЭЦП	20	add_signature
85	Can change ЭЦП	20	change_signature
86	Can delete ЭЦП	20	delete_signature
87	Can view ЭЦП	20	view_signature
88	Can add Производитель	21	add_manufacturer
89	Can change Производитель	21	change_manufacturer
90	Can delete Производитель	21	delete_manufacturer
91	Can view Производитель	21	view_manufacturer
92	Can add Группа комплектующих	22	add_categoryacc
93	Can change Группа комплектующих	22	change_categoryacc
94	Can delete Группа комплектующих	22	delete_categoryacc
95	Can view Группа комплектующих	22	view_categoryacc
96	Can add Группа устройств	23	add_categorydev
97	Can change Группа устройств	23	change_categorydev
98	Can delete Группа устройств	23	delete_categorydev
99	Can view Группа устройств	23	view_categorydev
100	Can add Группа расходников	24	add_stockcat
101	Can change Группа расходников	24	change_stockcat
102	Can delete Группа расходников	24	delete_stockcat
103	Can view Группа расходников	24	view_stockcat
104	Can add Склад Расходников	25	add_stockroom
105	Can change Склад Расходников	25	change_stockroom
106	Can delete Склад Расходников	25	delete_stockroom
107	Can view Склад Расходников	25	view_stockroom
108	Удалить co склада	25	remove_consumables_from_stock
109	Добавить на склада	25	add_consumables_to_stock
110	Установить в устройство	25	add_consumables_to_device
111	Can add Склад устройств	26	add_stockdev
112	Can change Склад устройств	26	change_stockdev
113	Can delete Склад устройств	26	delete_stockdev
114	Can view Склад устройств	26	view_stockdev
115	Удалить co склада	26	remove_device_from_stock
116	Добавить на склада	26	add_device_to_stock
117	Переместить устройство	26	move_device
118	Добавить историю	26	add_history_to_device
119	Can add Склад комплектующих	27	add_stockacc
120	Can change Склад комплектующих	27	change_stockacc
121	Can delete Склад комплектующих	27	delete_stockacc
122	Can view Склад комплектующих	27	view_stockacc
123	Удалить co склада	27	remove_accessories_from_stock
124	Добавить на склада	27	add_accessories_to_stock
125	Установить в устройство	27	add_accessories_to_device
126	Can add История устройств	28	add_historydev
127	Can change История устройств	28	change_historydev
128	Can delete История устройств	28	delete_historydev
129	Can view История устройств	28	view_historydev
130	Can add История комплектующих	29	add_historyacc
131	Can change История комплектующих	29	change_historyacc
132	Can delete История комплектующих	29	delete_historyacc
133	Can view История комплектующих	29	view_historyacc
134	Can add История расходников	30	add_history
135	Can change История расходников	30	change_history
136	Can delete История расходников	30	delete_history
137	Can view История расходников	30	view_history
138	Can add Группа списания устройств	31	add_categorydec
139	Can change Группа списания устройств	31	change_categorydec
140	Can delete Группа списания устройств	31	delete_categorydec
141	Can view Группа списания устройств	31	view_categorydec
142	Can add Группа утилизации устройств	32	add_categorydis
143	Can change Группа утилизации устройств	32	change_categorydis
144	Can delete Группа утилизации устройств	32	delete_categorydis
145	Can view Группа утилизации устройств	32	view_categorydis
146	Отправить на утилизацию	32	add_to_disposal
147	Удалить из утилизации	32	remove_from_disposal
148	Can add Утилизация устройств	33	add_disposal
149	Can change Утилизация устройств	33	change_disposal
150	Can delete Утилизация устройств	33	delete_disposal
151	Can view Утилизация устройств	33	view_disposal
152	Can add Списание устройств	34	add_decommission
153	Can change Списание устройств	34	change_decommission
154	Can delete Списание устройств	34	delete_decommission
155	Can view Списание устройств	34	view_decommission
156	Отправить на списание	34	add_to_decommission
157	Удалить из списания	34	remove_from_decommission
158	Can add Группа расходников	35	add_categories
159	Can change Группа расходников	35	change_categories
160	Can delete Группа расходников	35	delete_categories
161	Can view Группа расходников	35	view_categories
162	Can add На балансе	36	add_accounting
163	Can change На балансе	36	change_accounting
164	Can delete На балансе	36	delete_accounting
165	Can view На балансе	36	view_accounting
\.


--
-- Data for Name: auth_user; Type: TABLE DATA; Schema: public; Owner: admin
--

COPY public.auth_user (id, password, last_login, is_superuser, username, first_name, last_name, email, is_staff, is_active, date_joined) FROM stdin;
1	pbkdf2_sha256$600000$bD10HsTKJMAyL4E3PYBlxG$UdVMUC12hmrg4ZZQRbBdGzUbc6e2IyWxGy8T+vD5XPQ=	2023-09-18 10:55:57.686986+00	t	admin			q@q.qw	t	t	2023-09-11 07:54:31.596243+00
\.


--
-- Data for Name: auth_user_groups; Type: TABLE DATA; Schema: public; Owner: admin
--

COPY public.auth_user_groups (id, user_id, group_id) FROM stdin;
\.


--
-- Data for Name: auth_user_user_permissions; Type: TABLE DATA; Schema: public; Owner: admin
--

COPY public.auth_user_user_permissions (id, user_id, permission_id) FROM stdin;
\.


--
-- Data for Name: consumables_acccat; Type: TABLE DATA; Schema: public; Owner: admin
--

COPY public.consumables_acccat (id, name, slug) FROM stdin;
abacdf10-8afb-41c3-8449-f0cb23397ef7	CPU	cpu
847e6dee-8b86-4b39-9a7d-76e70a82fbee	GPU	gpu
0ffdb529-c6b3-4d01-a689-f52626671d34	Дисплей	display
ea14ceed-d7cd-4cb1-bc2c-0df5fee351c4	RAM	ram
778b2235-c167-4a51-a758-afe272425743	SSD, HDD	ssd-hdd
\.


--
-- Data for Name: consumables_accessories; Type: TABLE DATA; Schema: public; Owner: admin
--

COPY public.consumables_accessories (id, name, serial, "serialImg", invent, "inventImg", quantity, description, note, categories_id, manufacturer_id) FROM stdin;
831751e4-6ded-4071-8d0d-8b067bb56e06	Samsung 980 [MZ-V8V250BW]	\N		\N		2	250 ГБ SSD M.2		778b2235-c167-4a51-a758-afe272425743	1737ddfc-1def-4f2b-9721-b62142c15058
f669e040-67d0-41d9-aa4a-e8f5fe4d6a56	AMD Radeon R9 Gamer Series 1X8	\N		\N		1	8 ГБ DDR4		ea14ceed-d7cd-4cb1-bc2c-0df5fee351c4	617092d1-7e4f-4189-a199-3d54635e9daa
e7c85c95-3990-47c1-9566-f67e1983ab16	Core i3-13100	\N		\N		1			abacdf10-8afb-41c3-8449-f0cb23397ef7	b25a0079-99ce-4057-96e6-c6372f8a4516
908f0546-0f34-40e9-99fb-a18fb279e99b	Core i5-12400F	\N		\N		0			abacdf10-8afb-41c3-8449-f0cb23397ef7	b25a0079-99ce-4057-96e6-c6372f8a4516
9095b820-4455-4e24-98b5-3c246726d195	Radeon RX 6400	\N		\N		0	4 ГБ DDR6		847e6dee-8b86-4b39-9a7d-76e70a82fbee	617092d1-7e4f-4189-a199-3d54635e9daa
da526b48-52a8-4529-a0a9-8dfab92357e3	MSI PRO AP272 13M-423XRU	\N		\N		0	27" Full HD (1920x1080) IPS		0ffdb529-c6b3-4d01-a689-f52626671d34	f88441b7-8d88-4148-831c-2060ff5c92e1
cc2eba00-290b-4a40-9d9b-d67ffd7e29d3	Stream Pro PBI270-07	\N		\N		0	27" Full HD (1920x1080) IPS		0ffdb529-c6b3-4d01-a689-f52626671d34	e62f7f1b-e9a8-47f9-8883-9e6bb14df45f
ba15854d-f290-420a-894b-535f0b1e615f	Ryzen 7 5825U	\N		\N		0			abacdf10-8afb-41c3-8449-f0cb23397ef7	617092d1-7e4f-4189-a199-3d54635e9daa
8257fddf-3975-46ac-a980-750f32c1e6d0	Samsung 990 PRO [MZ-V9P1T0BW]	\N		\N		0	1000 ГБ SSD M.2		778b2235-c167-4a51-a758-afe272425743	1737ddfc-1def-4f2b-9721-b62142c15058
976e255c-e493-48df-bed2-e90d0a0c1290	ASUS M3700WYAK-WA004M	\N		\N		0	27" Full HD (1920x1080) IPS		0ffdb529-c6b3-4d01-a689-f52626671d34	e86a53bd-331e-464e-8905-ffe437c647eb
e8e07a3b-dcfd-4a4c-ba7b-3675f6f2ce4a	AMD Radeon R9 Gamer Series 2X8	\N		\N		0	2Х8 ГБ DDR4		ea14ceed-d7cd-4cb1-bc2c-0df5fee351c4	617092d1-7e4f-4189-a199-3d54635e9daa
\.


--
-- Data for Name: consumables_categories; Type: TABLE DATA; Schema: public; Owner: admin
--

COPY public.consumables_categories (id, name, slug) FROM stdin;
3afb5797-cbf8-41b1-bd21-b394940ac635	Картридж	cartridge
a1f80882-6ebd-4c50-818b-68372edc3907	Фотовал	fotoval
4aa6664f-d05d-4444-897a-e09df38231ae	Барабан	drumm
f1fe41b9-cc76-481a-bff8-fd884326b720	Емкость	box
\.


--
-- Data for Name: consumables_consumables; Type: TABLE DATA; Schema: public; Owner: admin
--

COPY public.consumables_consumables (id, name, serial, "serialImg", invent, "inventImg", quantity, description, note, categories_id, manufacturer_id) FROM stdin;
a922c5c4-6f69-4c66-8e28-572ca76b9755	C-EXV 49 b	\N		\N		10			3afb5797-cbf8-41b1-bd21-b394940ac635	7ea51a80-cfee-47ad-b332-a3ccc36b5618
c8dbd594-1e08-44e2-b592-2bbfc98609da	C-EXV 49 c	\N		\N		10			3afb5797-cbf8-41b1-bd21-b394940ac635	7ea51a80-cfee-47ad-b332-a3ccc36b5618
6ca7808d-3096-4334-bf41-f847baf59b75	C-EXV 49 y	\N		\N		10			3afb5797-cbf8-41b1-bd21-b394940ac635	7ea51a80-cfee-47ad-b332-a3ccc36b5618
ade549c6-06a6-4b7b-aecf-fad02adceed7	фотобарабан C-EXV 49	\N		\N		4			4aa6664f-d05d-4444-897a-e09df38231ae	7ea51a80-cfee-47ad-b332-a3ccc36b5618
34e0c89d-5b36-4084-b376-283470e0903e	TK-1170	\N		\N		10			3afb5797-cbf8-41b1-bd21-b394940ac635	4d8a2a74-54a6-4b4c-ae6d-34fe9ee14286
215a2be0-4585-44df-939d-9176acc8d7c9	TL-420H	\N		\N		10			3afb5797-cbf8-41b1-bd21-b394940ac635	cb12afde-6821-4510-8729-db8b1a81d59b
1e7cec54-fdfd-48f9-837c-b0533b9e9b8c	C-EXV 49 m	\N		\N		10			3afb5797-cbf8-41b1-bd21-b394940ac635	7ea51a80-cfee-47ad-b332-a3ccc36b5618
90a32fc9-4ca4-46d1-84b8-8508b52b67d2	CANON 067 C	\N		\N		10			3afb5797-cbf8-41b1-bd21-b394940ac635	7ea51a80-cfee-47ad-b332-a3ccc36b5618
30f44fac-9876-4378-ba59-bbdfe9897924	CANON 067 B	\N		\N		10			3afb5797-cbf8-41b1-bd21-b394940ac635	7ea51a80-cfee-47ad-b332-a3ccc36b5618
dc4a36d4-4536-4bac-9e30-3c381d4dfdd5	CANON 067 Y	\N		\N		10			3afb5797-cbf8-41b1-bd21-b394940ac635	7ea51a80-cfee-47ad-b332-a3ccc36b5618
2916baa7-6548-4622-ad7d-dc7ae7710965	CANON 067 M	\N		\N		10			3afb5797-cbf8-41b1-bd21-b394940ac635	7ea51a80-cfee-47ad-b332-a3ccc36b5618
\.


--
-- Data for Name: counterparty_manufacturer; Type: TABLE DATA; Schema: public; Owner: admin
--

COPY public.counterparty_manufacturer (id, name, country, production) FROM stdin;
e62f7f1b-e9a8-47f9-8883-9e6bb14df45f	Prime Box	Россия	Россия
b25a0079-99ce-4057-96e6-c6372f8a4516	Intel	США	Тайвань
617092d1-7e4f-4189-a199-3d54635e9daa	AMD	США	Тайвань
1737ddfc-1def-4f2b-9721-b62142c15058	Samsung	Южная корея	Южная Корея
e86a53bd-331e-464e-8905-ffe437c647eb	ASUS	Тайвань	Тайвань
f88441b7-8d88-4148-831c-2060ff5c92e1	MSI	Тайвань	Тайвань
7ea51a80-cfee-47ad-b332-a3ccc36b5618	Canon	Япония	Япония
4d8a2a74-54a6-4b4c-ae6d-34fe9ee14286	KYOCERA	Япония	Япония
cb12afde-6821-4510-8729-db8b1a81d59b	Pantum	Китай	Китай
\.


--
-- Data for Name: decommission_categorydec; Type: TABLE DATA; Schema: public; Owner: admin
--

COPY public.decommission_categorydec (id, name, slug) FROM stdin;
\.


--
-- Data for Name: decommission_categorydis; Type: TABLE DATA; Schema: public; Owner: admin
--

COPY public.decommission_categorydis (id, name, slug) FROM stdin;
\.


--
-- Data for Name: decommission_decommission; Type: TABLE DATA; Schema: public; Owner: admin
--

COPY public.decommission_decommission (stock_model_id, date, categories_id) FROM stdin;
\.


--
-- Data for Name: decommission_disposal; Type: TABLE DATA; Schema: public; Owner: admin
--

COPY public.decommission_disposal (stock_model_id, date, categories_id) FROM stdin;
\.


--
-- Data for Name: device_device; Type: TABLE DATA; Schema: public; Owner: admin
--

COPY public.device_device (id, name, serial, "serialImg", invent, "inventImg", description, quantity, note, categories_id, manufacturer_id, workplace_id, hostname, ip_address, login, pwd) FROM stdin;
b432f9e9-7612-4abc-af5f-bc1d1ad66d17	Stream Pro PBI270-07	SN312915		202301010007			1		54f12c9c-72c4-4a81-baff-e9902b36d22c	e62f7f1b-e9a8-47f9-8883-9e6bb14df45f	07ae1b74-f4e7-4b47-89ea-732393343587	\N	http://10.15.20.241	\N	\N
6f1679c5-614a-4d7c-b645-6f0055684c01	ASUS M3700WYAK-WA004M	SN457451		202301010019			1		54f12c9c-72c4-4a81-baff-e9902b36d22c	e86a53bd-331e-464e-8905-ffe437c647eb	9118847d-a3f9-4b05-91b3-929701694887	\N	http://10.15.10.151	\N	\N
ddcd9e87-c9f4-46e2-a251-a0ee30662af9	ASUS M3700WYAK-WA004M	SN457435		202301010015			1		54f12c9c-72c4-4a81-baff-e9902b36d22c	e86a53bd-331e-464e-8905-ffe437c647eb	dee1e98a-d2d7-42c3-9492-e3056a0f2b2e	\N	http://10.15.10.131	\N	\N
e59ad221-b6d1-4f6d-b6ec-e2406a48aacc	Stream Pro PBI270-07	SN312986		202301010008			1		54f12c9c-72c4-4a81-baff-e9902b36d22c	e62f7f1b-e9a8-47f9-8883-9e6bb14df45f	b850701e-9884-493a-81b7-8377a306ae73	\N	http://10.15.20.242	\N	\N
1ea06e93-c567-463e-8341-f4dbf0b6d450	ASUS M3700WYAK-WA004M	SN457413		202301010012			1		54f12c9c-72c4-4a81-baff-e9902b36d22c	e86a53bd-331e-464e-8905-ffe437c647eb	12573a7b-42d2-4f28-9f83-41ab0ba62528	\N	http://10.15.10.112	\N	\N
d73d21ef-17bb-4c7e-b9c6-07f8219356c3	Stream Pro PBI270-07	SN312963		202301010009			1		54f12c9c-72c4-4a81-baff-e9902b36d22c	e62f7f1b-e9a8-47f9-8883-9e6bb14df45f	8af24e96-33a4-49cf-b8c7-8d9134db4c88	\N	http://10.15.20.251	\N	\N
dbe23643-0639-43e8-b906-b7af89727bd1	Stream Pro PBI270-07	SN312947		202301010010			1		54f12c9c-72c4-4a81-baff-e9902b36d22c	e62f7f1b-e9a8-47f9-8883-9e6bb14df45f	3840daf4-86e6-4339-86d0-f27666c0f64f	\N	http://10.15.20.252	\N	\N
bb826baf-7d77-4874-96da-ff3b7f58adc1	Stream Pro PBI270-07	SN312987		202301010005			1		54f12c9c-72c4-4a81-baff-e9902b36d22c	e62f7f1b-e9a8-47f9-8883-9e6bb14df45f	65a9e05f-f217-46e6-b534-72b15fbea355	\N	http://10.15.20.221	\N	\N
7364d90d-223f-4150-a918-d063aac4a02a	Stream Pro PBI270-07	SN312947		202301010001			1		54f12c9c-72c4-4a81-baff-e9902b36d22c	e62f7f1b-e9a8-47f9-8883-9e6bb14df45f	57e2af75-2ccd-4c95-92fb-7a12becd93bd	\N	http://10.15.20.211	\N	\N
ce033285-39b0-4c6c-ae8c-cd0c9449896a	Stream Pro PBI270-07	SN312936		202301010002			1		54f12c9c-72c4-4a81-baff-e9902b36d22c	e62f7f1b-e9a8-47f9-8883-9e6bb14df45f	a92f31de-5539-4ac7-89f8-306f7e295784	\N	http://10.15.20.212	\N	\N
f6285e42-d067-4551-8696-9c858782b60a	Stream Pro PBI270-07	SN312959		202301010006			1		54f12c9c-72c4-4a81-baff-e9902b36d22c	e62f7f1b-e9a8-47f9-8883-9e6bb14df45f	0a7c9c80-c15c-41c9-8861-2e2fd6dbac2b	\N	http://10.15.20.231	\N	\N
52799404-2662-4abd-9577-321039955d90	Stream Pro PBI270-07	SN312957		202301010003			1		54f12c9c-72c4-4a81-baff-e9902b36d22c	e62f7f1b-e9a8-47f9-8883-9e6bb14df45f	4d82e7d7-9a23-41ab-9a4b-6a20d3b9b045	\N	http://10.15.20.221	\N	\N
a8eda637-cdf0-45b0-8ee3-610ef0f0d1c7	MSI PRO AP272 13M-423XRU	SN971628		202301010022			1		54f12c9c-72c4-4a81-baff-e9902b36d22c	f88441b7-8d88-4148-831c-2060ff5c92e1	8e0c1640-b70e-4772-a127-dfa54ba3cb52	\N	http://10.15.20.112	\N	\N
00ea9f67-58c6-4aba-9822-6c20c65519c6	Stream Pro PBI270-07	SN312914		202301010004			1		54f12c9c-72c4-4a81-baff-e9902b36d22c	e62f7f1b-e9a8-47f9-8883-9e6bb14df45f	08e30bdc-fc0b-4de7-8b56-d45f4ce6bd59	\N	http://10.15.20.222	\N	\N
272bab89-031a-40e4-a0ea-1215b3f91d29	ASUS M3700WYAK-WA004M	SN457410		202301010011			1		54f12c9c-72c4-4a81-baff-e9902b36d22c	e86a53bd-331e-464e-8905-ffe437c647eb	86c38e54-f8c8-40ea-85fa-9344bfed0cb2	\N	http://10.15.10.111	\N	\N
1dcd57bd-8aba-4533-98a1-b781578e6920	ASUS M3700WYAK-WA004M	SN457459		202301010020			1		54f12c9c-72c4-4a81-baff-e9902b36d22c	e86a53bd-331e-464e-8905-ffe437c647eb	27560195-be65-4ac3-b8ab-aff9bb235b83	\N	http://10.15.10.152	\N	\N
5b7b5d5b-7e7a-40e4-82d8-980e6bf3ab06	MSI PRO AP272 13M-423XRU	SN971646		202301010023			1		54f12c9c-72c4-4a81-baff-e9902b36d22c	f88441b7-8d88-4148-831c-2060ff5c92e1	54a5f987-ab1e-4e3b-bc50-06f47ac61a55	\N	http://10.15.20.121	\N	\N
1eb90d81-392e-4614-a2b0-724672d2348f	ASUS M3700WYAK-WA004M	SN457427		202301010014			1		54f12c9c-72c4-4a81-baff-e9902b36d22c	e86a53bd-331e-464e-8905-ffe437c647eb	4e7facd8-b27a-4348-addc-25b0257d39c6	\N	http://10.15.10.122	\N	\N
927b7c56-e43b-4e3e-9492-e8f939d8bf53	ASUS M3700WYAK-WA004M	SN457425		202301010013			1		54f12c9c-72c4-4a81-baff-e9902b36d22c	e86a53bd-331e-464e-8905-ffe437c647eb	4af3d970-b1ed-48a9-846c-77f8723106de	\N	http://10.15.10.121	\N	\N
17de2277-dfdd-422d-a28d-2e7b817845fe	ASUS M3700WYAK-WA004M	SN457445		202301010018			1		54f12c9c-72c4-4a81-baff-e9902b36d22c	e86a53bd-331e-464e-8905-ffe437c647eb	de5f2e28-fcc1-400d-8744-a87b9e6e96cf	\N	http://10.15.10.142	\N	\N
f451ac22-50ab-4a07-8c7c-6aad79cb410f	ASUS M3700WYAK-WA004M	SN457438		202301010016			1		54f12c9c-72c4-4a81-baff-e9902b36d22c	e86a53bd-331e-464e-8905-ffe437c647eb	37eda5ed-2005-4dca-9ac7-ae8ef6842d59	\N	http://10.15.10.132	\N	\N
cdb726ef-149b-4c33-9a69-dd4f31f40eaa	ASUS M3700WYAK-WA004M	SN457442		202301010017			1		54f12c9c-72c4-4a81-baff-e9902b36d22c	e86a53bd-331e-464e-8905-ffe437c647eb	3fc65b39-5df6-4e6f-a957-57bc0c1cb20b	\N	http://10.15.10.141	\N	\N
15fb25de-153b-4fec-ace2-21ec236d3c72	MSI PRO AP272 13M-423XRU	SN971637		202301010025			1		54f12c9c-72c4-4a81-baff-e9902b36d22c	f88441b7-8d88-4148-831c-2060ff5c92e1	5408c17b-6530-4160-ab8c-9aa37a64b94b	\N	http://10.15.20.131	\N	\N
a76a289a-d9d2-44e7-ba8d-8c8a30221bcd	MSI PRO AP272 13M-423XRU	SN971624		202301010021			1		54f12c9c-72c4-4a81-baff-e9902b36d22c	f88441b7-8d88-4148-831c-2060ff5c92e1	b20cd71e-1b34-4667-b786-344516443e60	\N	http://10.15.20.111	\N	\N
d895206a-5174-4b53-8cb3-e5d7e0c891ae	MSI PRO AP272 13M-423XRU	SN971651		202301010027			1		54f12c9c-72c4-4a81-baff-e9902b36d22c	f88441b7-8d88-4148-831c-2060ff5c92e1	25edc452-bbc8-48a6-b2fe-5a6a8c124713	\N	http://10.15.20.141	\N	\N
246427b4-aa5f-43a7-ab99-c19191c594a7	MSI PRO AP272 13M-423XRU	SN971645		202301010026			1		54f12c9c-72c4-4a81-baff-e9902b36d22c	f88441b7-8d88-4148-831c-2060ff5c92e1	ea2c2466-7876-4df3-b03b-19fd04c4cd85	\N	http://10.15.20.132	\N	\N
f87e42d4-2e98-48e9-8346-450cddf2af94	MSI PRO AP272 13M-423XRU	SN971697		202301010030			1		54f12c9c-72c4-4a81-baff-e9902b36d22c	f88441b7-8d88-4148-831c-2060ff5c92e1	7b9bf0a2-570b-4976-b048-8a16079e1d4a	\N	http://10.15.20.152	\N	\N
307d6ef0-06e7-40f9-bb52-c36a44699ce8	MSI PRO AP272 13M-423XRU	SN971619		202301010035			1		54f12c9c-72c4-4a81-baff-e9902b36d22c	f88441b7-8d88-4148-831c-2060ff5c92e1	3199e21d-0e51-4621-975c-e29187424609	\N	http://10.15.10.232	\N	\N
dc984f05-fbd9-4ee8-b8ce-c2e3ae54910c	MSI PRO AP272 13M-423XRU	SN971683		202301010029			1		54f12c9c-72c4-4a81-baff-e9902b36d22c	f88441b7-8d88-4148-831c-2060ff5c92e1	ad1cff4f-960d-4496-8d1e-66d35202802e	\N	http://10.15.20.151	\N	\N
26bd3b8c-7497-4d22-a5b7-2129f2fa456b	MSI PRO AP272 13M-423XRU	SN971657		202301010028			1		54f12c9c-72c4-4a81-baff-e9902b36d22c	f88441b7-8d88-4148-831c-2060ff5c92e1	3d8874b3-a729-4219-a090-344f74977023	\N	http://10.15.20.142	\N	\N
97b37310-effd-419a-bad6-a7c26f965ddb	MSI PRO AP272 13M-423XRU	SN971613		202301010033			1		54f12c9c-72c4-4a81-baff-e9902b36d22c	f88441b7-8d88-4148-831c-2060ff5c92e1	a2bf45a6-f23c-4bdc-87b5-1a5a53637d68	\N	http://10.15.10.222	\N	\N
0183dc66-1ef0-4c3c-bae9-b185279fe565	MSI PRO AP272 13M-423XRU	SN971615		202301010034			1		54f12c9c-72c4-4a81-baff-e9902b36d22c	f88441b7-8d88-4148-831c-2060ff5c92e1	264e6e56-aaf2-4e56-8c0d-999fe3bd904a	\N	http://10.15.10.231	\N	\N
20b46e15-b3f6-47cc-9080-9c54d883265e	MSI PRO AP272 13M-423XRU	SN971682		202301010024			1		54f12c9c-72c4-4a81-baff-e9902b36d22c	f88441b7-8d88-4148-831c-2060ff5c92e1	4fcfc255-98c2-43b8-9f9d-2703515dbe72	\N	http://10.15.20.122	\N	\N
bbab85c4-e1a0-445a-afa7-d9af40aa9a9e	MSI PRO AP272 13M-423XRU	SN971673		202301010031			1		54f12c9c-72c4-4a81-baff-e9902b36d22c	f88441b7-8d88-4148-831c-2060ff5c92e1	1dad98e3-5317-4bb7-b3f3-1b6e7c74e05f	\N	http://10.15.10.211	\N	\N
ca7af1df-0f35-4eeb-9068-0fd764bda998	MSI PRO AP272 13M-423XRU	SN971604		202301010037			1		54f12c9c-72c4-4a81-baff-e9902b36d22c	f88441b7-8d88-4148-831c-2060ff5c92e1	e9a60375-b370-4950-88d1-a79550c6a0bd	\N	http://10.15.10.252	\N	\N
a98d6860-2000-407d-8911-39e580a5c048	MSI PRO AP272 13M-423XRU	SN971689		202301010036			1		54f12c9c-72c4-4a81-baff-e9902b36d22c	f88441b7-8d88-4148-831c-2060ff5c92e1	97b87382-5446-444c-bb0d-6ab777cbc4cb	\N	http://10.15.10.242	\N	\N
429e6de1-3da7-45c9-b35f-20e01d4315b3	imageRUNNER ADVANCE DX C3822i MFP	SN546275		202301010038			1		8170f926-a09f-4ac1-822c-0a5e83f4b5fa	7ea51a80-cfee-47ad-b332-a3ccc36b5618	67d51d29-d208-4712-9600-435c1bf26b51	\N	http://10.15.10.243	\N	\N
b41dabf1-dda7-4d99-80b5-15d7b58f8c38	Kyocera ECOSYS M2040dn	SN7254861		202301010039			1		8170f926-a09f-4ac1-822c-0a5e83f4b5fa	4d8a2a74-54a6-4b4c-ae6d-34fe9ee14286	a63e5acb-84b7-4012-8bbf-ce41cec1f80b	\N	http://10.15.10.241	\N	\N
e864927f-e2f0-448e-9306-3e91139ee7c9	Kyocera ECOSYS M2040dn	SN7254862		202301010040			1		8170f926-a09f-4ac1-822c-0a5e83f4b5fa	4d8a2a74-54a6-4b4c-ae6d-34fe9ee14286	530a7b31-0aa5-44a6-91d1-5ae94b8f939c	\N	http://10.15.10.221	\N	\N
73fe1d83-e99a-475b-b0fb-621382beb53a	Flip WM55B	SN42863790		202301010041			1		54f12c9c-72c4-4a81-baff-e9902b36d22c	1737ddfc-1def-4f2b-9721-b62142c15058	8cbd3313-adf9-4d7f-a828-e110e9f8d2e5	\N	http://10.15.10.251	\N	\N
9a7cc37a-7d36-4a83-8c1e-ace25f104f30	Pantum M6502	SN387304		202301010042			1		8170f926-a09f-4ac1-822c-0a5e83f4b5fa	cb12afde-6821-4510-8729-db8b1a81d59b	7c1162ae-181a-4f58-9f54-6edd8d7f8fd7	\N	http://10.15.10.113	\N	\N
7405b41e-7331-4342-a0f7-db52eb8fc11f	MSI PRO AP272 13M-423XRU	SN971675		202301010032			1		54f12c9c-72c4-4a81-baff-e9902b36d22c	f88441b7-8d88-4148-831c-2060ff5c92e1	a93d52fc-abe3-4d3e-aa5e-4ac5a8f2eb29	\N	http://10.15.10.212	\N	\N
628a3a23-a312-4cd4-8d69-0f89bf36e95a	Pantum M6502	SN387313		202301010043			1		8170f926-a09f-4ac1-822c-0a5e83f4b5fa	cb12afde-6821-4510-8729-db8b1a81d59b	a34b654f-d4d7-41e6-83bd-b2b2ce28ae2c	\N	http://10.15.10.123	\N	\N
6e0e3bde-691d-4328-8ff9-ec07826c96bd	Pantum M6502	SN387337		202301010049			1		8170f926-a09f-4ac1-822c-0a5e83f4b5fa	cb12afde-6821-4510-8729-db8b1a81d59b	aa3ec4d8-b0fe-4004-bf07-d43359c796a3	\N	http://10.15.20.113	\N	\N
00e2df74-f7a5-4df0-aabb-845fc37d2c3a	Pantum M6502	SN387317		202301010044			1		8170f926-a09f-4ac1-822c-0a5e83f4b5fa	cb12afde-6821-4510-8729-db8b1a81d59b	f2748b3a-44e9-4b2d-ace1-b91271a324da	\N	http://10.15.10.133	\N	\N
3759664d-cad8-4355-b4ee-37eeba139ff1	Pantum M6502	SN387323		202301010045			1		8170f926-a09f-4ac1-822c-0a5e83f4b5fa	cb12afde-6821-4510-8729-db8b1a81d59b	d9e7b2d4-4f30-4bc1-9d60-a726d3b31749	\N	http://10.15.10.143	\N	\N
04577e4d-b3f2-4fab-98e6-870797dc602c	Pantum M6502	SN387341		202301010050			1		8170f926-a09f-4ac1-822c-0a5e83f4b5fa	cb12afde-6821-4510-8729-db8b1a81d59b	1812fee4-be91-48c7-b424-6d374cd7540c	\N	http://10.15.20.123	\N	\N
d8a11a1b-41b7-4b01-a7df-9a3a53d8a81c	Pantum M6502	SN387328		202301010046			1		8170f926-a09f-4ac1-822c-0a5e83f4b5fa	cb12afde-6821-4510-8729-db8b1a81d59b	c318921e-a81a-4cbe-a520-d6e93760b59d	\N	http://10.15.10.153	\N	\N
76c4dec7-c8fa-4174-9347-c470e935e6ff	Pantum M6502	SN387342		202301010051			1		8170f926-a09f-4ac1-822c-0a5e83f4b5fa	cb12afde-6821-4510-8729-db8b1a81d59b	8af0b249-5b52-4f32-89e8-406acbff7469	\N	http://10.15.20.133	\N	\N
d491f4eb-0c9b-4926-b688-c385fe90ff49	Pantum M6502	SN387334		202301010047			1		8170f926-a09f-4ac1-822c-0a5e83f4b5fa	cb12afde-6821-4510-8729-db8b1a81d59b	faa99b57-f77c-45ee-af7e-c422329bfddf	\N	http://10.15.10.213	\N	\N
c8a0fd92-10c4-49ff-b1fb-88e63d4fc1c8	Pantum M6502	SN387327		202301010048			1		8170f926-a09f-4ac1-822c-0a5e83f4b5fa	cb12afde-6821-4510-8729-db8b1a81d59b	cdb5be2c-6a45-46b9-a6f2-5556852dc0e5	\N	http://10.15.10.233	\N	\N
23ee72ee-fb3f-4d6c-8fbf-6345be23aee6	Pantum M6502	SN387348		202301010052			1		8170f926-a09f-4ac1-822c-0a5e83f4b5fa	cb12afde-6821-4510-8729-db8b1a81d59b	31a3a562-36fa-4306-9eef-09d65b0801d1	\N	http://10.15.20.143	\N	\N
9d65914e-b917-4a8d-bb85-575a9bf24417	Pantum M6502	SN387354		202301010053			1		8170f926-a09f-4ac1-822c-0a5e83f4b5fa	cb12afde-6821-4510-8729-db8b1a81d59b	b914a73a-9ad1-47fe-891c-5fb4d6935666	\N	http://10.15.20.153	\N	\N
7beff29c-458d-45b8-b8b9-b6a5cdafdd7b	Pantum M6502	SN387359		202301010054			1		8170f926-a09f-4ac1-822c-0a5e83f4b5fa	cb12afde-6821-4510-8729-db8b1a81d59b	c04ded6b-4219-42ff-863d-2dad5eabfc9d	\N	http://10.15.20.213	\N	\N
c96c4fdd-85d4-43a5-8c3a-460363132c1f	Pantum M6502	SN387363		202301010055			1		8170f926-a09f-4ac1-822c-0a5e83f4b5fa	cb12afde-6821-4510-8729-db8b1a81d59b	a26025a7-899c-4eac-b3b4-70003a859ca1	\N	http://10.15.20.223	\N	\N
ac92c1d9-6612-43d6-9d43-4f014da35e95	Pantum M6502	SN387368		202301010056			1		8170f926-a09f-4ac1-822c-0a5e83f4b5fa	cb12afde-6821-4510-8729-db8b1a81d59b	3f8c3c9a-9e36-4d21-8a8d-262a9d6b09b3	\N	http://10.15.20.233	\N	\N
758772df-3ae6-44eb-be74-880786d7476d	Pantum M6502	SN387373		202301010057			1		8170f926-a09f-4ac1-822c-0a5e83f4b5fa	cb12afde-6821-4510-8729-db8b1a81d59b	af7cca62-7f4f-45ce-a2cd-30f819f2f3e3	\N	http://10.15.20.243	\N	\N
95818f5f-496e-44c2-8ee7-16c0cfe59f7a	Pantum M6502	SN387398		202301010058			1		8170f926-a09f-4ac1-822c-0a5e83f4b5fa	cb12afde-6821-4510-8729-db8b1a81d59b	939c6d45-4a91-4bcf-8225-710c4689271a	\N	http://10.15.20.253	\N	\N
9ae080e8-a2b8-4e10-9336-c5c6807e1aa2	Canon i-SENSYS MF655Cdw	SN984671		202301010059			1		8170f926-a09f-4ac1-822c-0a5e83f4b5fa	7ea51a80-cfee-47ad-b332-a3ccc36b5618	ab41cd4f-dfd7-48bd-8094-e9c545a63ed0	\N	http://10.15.20.253	\N	\N
86a767ca-7dfc-4b47-9d4d-128e0fd3cce2	Canon i-SENSYS MF655Cdw	SN984672		202301010060			1		8170f926-a09f-4ac1-822c-0a5e83f4b5fa	7ea51a80-cfee-47ad-b332-a3ccc36b5618	e4d0dbf7-6495-4613-94e9-6c50e0cf7095	\N	http://10.15.20.223	\N	\N
\.


--
-- Data for Name: device_device_accessories; Type: TABLE DATA; Schema: public; Owner: admin
--

COPY public.device_device_accessories (id, device_id, accessories_id) FROM stdin;
3	7364d90d-223f-4150-a918-d063aac4a02a	e8e07a3b-dcfd-4a4c-ba7b-3675f6f2ce4a
4	7364d90d-223f-4150-a918-d063aac4a02a	908f0546-0f34-40e9-99fb-a18fb279e99b
5	7364d90d-223f-4150-a918-d063aac4a02a	cc2eba00-290b-4a40-9d9b-d67ffd7e29d3
6	7364d90d-223f-4150-a918-d063aac4a02a	8257fddf-3975-46ac-a980-750f32c1e6d0
7	7364d90d-223f-4150-a918-d063aac4a02a	9095b820-4455-4e24-98b5-3c246726d195
8	ce033285-39b0-4c6c-ae8c-cd0c9449896a	e8e07a3b-dcfd-4a4c-ba7b-3675f6f2ce4a
9	ce033285-39b0-4c6c-ae8c-cd0c9449896a	908f0546-0f34-40e9-99fb-a18fb279e99b
10	ce033285-39b0-4c6c-ae8c-cd0c9449896a	cc2eba00-290b-4a40-9d9b-d67ffd7e29d3
11	ce033285-39b0-4c6c-ae8c-cd0c9449896a	8257fddf-3975-46ac-a980-750f32c1e6d0
12	ce033285-39b0-4c6c-ae8c-cd0c9449896a	9095b820-4455-4e24-98b5-3c246726d195
13	52799404-2662-4abd-9577-321039955d90	e8e07a3b-dcfd-4a4c-ba7b-3675f6f2ce4a
14	52799404-2662-4abd-9577-321039955d90	908f0546-0f34-40e9-99fb-a18fb279e99b
15	52799404-2662-4abd-9577-321039955d90	cc2eba00-290b-4a40-9d9b-d67ffd7e29d3
16	52799404-2662-4abd-9577-321039955d90	8257fddf-3975-46ac-a980-750f32c1e6d0
17	52799404-2662-4abd-9577-321039955d90	9095b820-4455-4e24-98b5-3c246726d195
18	00ea9f67-58c6-4aba-9822-6c20c65519c6	e8e07a3b-dcfd-4a4c-ba7b-3675f6f2ce4a
19	00ea9f67-58c6-4aba-9822-6c20c65519c6	908f0546-0f34-40e9-99fb-a18fb279e99b
20	00ea9f67-58c6-4aba-9822-6c20c65519c6	cc2eba00-290b-4a40-9d9b-d67ffd7e29d3
21	00ea9f67-58c6-4aba-9822-6c20c65519c6	8257fddf-3975-46ac-a980-750f32c1e6d0
22	00ea9f67-58c6-4aba-9822-6c20c65519c6	9095b820-4455-4e24-98b5-3c246726d195
23	bb826baf-7d77-4874-96da-ff3b7f58adc1	e8e07a3b-dcfd-4a4c-ba7b-3675f6f2ce4a
24	bb826baf-7d77-4874-96da-ff3b7f58adc1	908f0546-0f34-40e9-99fb-a18fb279e99b
25	bb826baf-7d77-4874-96da-ff3b7f58adc1	cc2eba00-290b-4a40-9d9b-d67ffd7e29d3
26	bb826baf-7d77-4874-96da-ff3b7f58adc1	8257fddf-3975-46ac-a980-750f32c1e6d0
27	bb826baf-7d77-4874-96da-ff3b7f58adc1	9095b820-4455-4e24-98b5-3c246726d195
28	f6285e42-d067-4551-8696-9c858782b60a	e8e07a3b-dcfd-4a4c-ba7b-3675f6f2ce4a
29	f6285e42-d067-4551-8696-9c858782b60a	908f0546-0f34-40e9-99fb-a18fb279e99b
30	f6285e42-d067-4551-8696-9c858782b60a	cc2eba00-290b-4a40-9d9b-d67ffd7e29d3
31	f6285e42-d067-4551-8696-9c858782b60a	8257fddf-3975-46ac-a980-750f32c1e6d0
32	f6285e42-d067-4551-8696-9c858782b60a	9095b820-4455-4e24-98b5-3c246726d195
33	b432f9e9-7612-4abc-af5f-bc1d1ad66d17	e8e07a3b-dcfd-4a4c-ba7b-3675f6f2ce4a
34	b432f9e9-7612-4abc-af5f-bc1d1ad66d17	908f0546-0f34-40e9-99fb-a18fb279e99b
35	b432f9e9-7612-4abc-af5f-bc1d1ad66d17	cc2eba00-290b-4a40-9d9b-d67ffd7e29d3
36	b432f9e9-7612-4abc-af5f-bc1d1ad66d17	8257fddf-3975-46ac-a980-750f32c1e6d0
37	b432f9e9-7612-4abc-af5f-bc1d1ad66d17	9095b820-4455-4e24-98b5-3c246726d195
38	e59ad221-b6d1-4f6d-b6ec-e2406a48aacc	e8e07a3b-dcfd-4a4c-ba7b-3675f6f2ce4a
39	e59ad221-b6d1-4f6d-b6ec-e2406a48aacc	908f0546-0f34-40e9-99fb-a18fb279e99b
40	e59ad221-b6d1-4f6d-b6ec-e2406a48aacc	cc2eba00-290b-4a40-9d9b-d67ffd7e29d3
41	e59ad221-b6d1-4f6d-b6ec-e2406a48aacc	8257fddf-3975-46ac-a980-750f32c1e6d0
42	e59ad221-b6d1-4f6d-b6ec-e2406a48aacc	9095b820-4455-4e24-98b5-3c246726d195
43	d73d21ef-17bb-4c7e-b9c6-07f8219356c3	e8e07a3b-dcfd-4a4c-ba7b-3675f6f2ce4a
44	d73d21ef-17bb-4c7e-b9c6-07f8219356c3	908f0546-0f34-40e9-99fb-a18fb279e99b
45	d73d21ef-17bb-4c7e-b9c6-07f8219356c3	cc2eba00-290b-4a40-9d9b-d67ffd7e29d3
46	d73d21ef-17bb-4c7e-b9c6-07f8219356c3	8257fddf-3975-46ac-a980-750f32c1e6d0
47	d73d21ef-17bb-4c7e-b9c6-07f8219356c3	9095b820-4455-4e24-98b5-3c246726d195
48	dbe23643-0639-43e8-b906-b7af89727bd1	e8e07a3b-dcfd-4a4c-ba7b-3675f6f2ce4a
49	dbe23643-0639-43e8-b906-b7af89727bd1	908f0546-0f34-40e9-99fb-a18fb279e99b
50	dbe23643-0639-43e8-b906-b7af89727bd1	cc2eba00-290b-4a40-9d9b-d67ffd7e29d3
51	dbe23643-0639-43e8-b906-b7af89727bd1	8257fddf-3975-46ac-a980-750f32c1e6d0
52	dbe23643-0639-43e8-b906-b7af89727bd1	9095b820-4455-4e24-98b5-3c246726d195
53	272bab89-031a-40e4-a0ea-1215b3f91d29	ba15854d-f290-420a-894b-535f0b1e615f
54	272bab89-031a-40e4-a0ea-1215b3f91d29	e8e07a3b-dcfd-4a4c-ba7b-3675f6f2ce4a
55	272bab89-031a-40e4-a0ea-1215b3f91d29	976e255c-e493-48df-bed2-e90d0a0c1290
56	272bab89-031a-40e4-a0ea-1215b3f91d29	8257fddf-3975-46ac-a980-750f32c1e6d0
57	1ea06e93-c567-463e-8341-f4dbf0b6d450	ba15854d-f290-420a-894b-535f0b1e615f
58	1ea06e93-c567-463e-8341-f4dbf0b6d450	e8e07a3b-dcfd-4a4c-ba7b-3675f6f2ce4a
59	1ea06e93-c567-463e-8341-f4dbf0b6d450	976e255c-e493-48df-bed2-e90d0a0c1290
60	1ea06e93-c567-463e-8341-f4dbf0b6d450	8257fddf-3975-46ac-a980-750f32c1e6d0
61	927b7c56-e43b-4e3e-9492-e8f939d8bf53	ba15854d-f290-420a-894b-535f0b1e615f
62	927b7c56-e43b-4e3e-9492-e8f939d8bf53	e8e07a3b-dcfd-4a4c-ba7b-3675f6f2ce4a
63	927b7c56-e43b-4e3e-9492-e8f939d8bf53	976e255c-e493-48df-bed2-e90d0a0c1290
64	927b7c56-e43b-4e3e-9492-e8f939d8bf53	8257fddf-3975-46ac-a980-750f32c1e6d0
65	1eb90d81-392e-4614-a2b0-724672d2348f	ba15854d-f290-420a-894b-535f0b1e615f
66	1eb90d81-392e-4614-a2b0-724672d2348f	e8e07a3b-dcfd-4a4c-ba7b-3675f6f2ce4a
67	1eb90d81-392e-4614-a2b0-724672d2348f	976e255c-e493-48df-bed2-e90d0a0c1290
68	1eb90d81-392e-4614-a2b0-724672d2348f	8257fddf-3975-46ac-a980-750f32c1e6d0
69	ddcd9e87-c9f4-46e2-a251-a0ee30662af9	ba15854d-f290-420a-894b-535f0b1e615f
70	ddcd9e87-c9f4-46e2-a251-a0ee30662af9	e8e07a3b-dcfd-4a4c-ba7b-3675f6f2ce4a
71	ddcd9e87-c9f4-46e2-a251-a0ee30662af9	976e255c-e493-48df-bed2-e90d0a0c1290
72	ddcd9e87-c9f4-46e2-a251-a0ee30662af9	8257fddf-3975-46ac-a980-750f32c1e6d0
73	f451ac22-50ab-4a07-8c7c-6aad79cb410f	ba15854d-f290-420a-894b-535f0b1e615f
74	f451ac22-50ab-4a07-8c7c-6aad79cb410f	e8e07a3b-dcfd-4a4c-ba7b-3675f6f2ce4a
75	f451ac22-50ab-4a07-8c7c-6aad79cb410f	976e255c-e493-48df-bed2-e90d0a0c1290
76	f451ac22-50ab-4a07-8c7c-6aad79cb410f	8257fddf-3975-46ac-a980-750f32c1e6d0
77	cdb726ef-149b-4c33-9a69-dd4f31f40eaa	ba15854d-f290-420a-894b-535f0b1e615f
78	cdb726ef-149b-4c33-9a69-dd4f31f40eaa	e8e07a3b-dcfd-4a4c-ba7b-3675f6f2ce4a
79	cdb726ef-149b-4c33-9a69-dd4f31f40eaa	976e255c-e493-48df-bed2-e90d0a0c1290
80	cdb726ef-149b-4c33-9a69-dd4f31f40eaa	8257fddf-3975-46ac-a980-750f32c1e6d0
81	17de2277-dfdd-422d-a28d-2e7b817845fe	ba15854d-f290-420a-894b-535f0b1e615f
82	17de2277-dfdd-422d-a28d-2e7b817845fe	e8e07a3b-dcfd-4a4c-ba7b-3675f6f2ce4a
83	17de2277-dfdd-422d-a28d-2e7b817845fe	976e255c-e493-48df-bed2-e90d0a0c1290
84	17de2277-dfdd-422d-a28d-2e7b817845fe	8257fddf-3975-46ac-a980-750f32c1e6d0
85	6f1679c5-614a-4d7c-b645-6f0055684c01	ba15854d-f290-420a-894b-535f0b1e615f
86	6f1679c5-614a-4d7c-b645-6f0055684c01	e8e07a3b-dcfd-4a4c-ba7b-3675f6f2ce4a
87	6f1679c5-614a-4d7c-b645-6f0055684c01	976e255c-e493-48df-bed2-e90d0a0c1290
88	6f1679c5-614a-4d7c-b645-6f0055684c01	8257fddf-3975-46ac-a980-750f32c1e6d0
89	1dcd57bd-8aba-4533-98a1-b781578e6920	ba15854d-f290-420a-894b-535f0b1e615f
90	1dcd57bd-8aba-4533-98a1-b781578e6920	e8e07a3b-dcfd-4a4c-ba7b-3675f6f2ce4a
91	1dcd57bd-8aba-4533-98a1-b781578e6920	976e255c-e493-48df-bed2-e90d0a0c1290
92	1dcd57bd-8aba-4533-98a1-b781578e6920	8257fddf-3975-46ac-a980-750f32c1e6d0
93	a76a289a-d9d2-44e7-ba8d-8c8a30221bcd	f669e040-67d0-41d9-aa4a-e8f5fe4d6a56
94	a76a289a-d9d2-44e7-ba8d-8c8a30221bcd	831751e4-6ded-4071-8d0d-8b067bb56e06
95	a76a289a-d9d2-44e7-ba8d-8c8a30221bcd	e7c85c95-3990-47c1-9566-f67e1983ab16
96	a76a289a-d9d2-44e7-ba8d-8c8a30221bcd	da526b48-52a8-4529-a0a9-8dfab92357e3
97	a8eda637-cdf0-45b0-8ee3-610ef0f0d1c7	f669e040-67d0-41d9-aa4a-e8f5fe4d6a56
98	a8eda637-cdf0-45b0-8ee3-610ef0f0d1c7	831751e4-6ded-4071-8d0d-8b067bb56e06
99	a8eda637-cdf0-45b0-8ee3-610ef0f0d1c7	e7c85c95-3990-47c1-9566-f67e1983ab16
100	a8eda637-cdf0-45b0-8ee3-610ef0f0d1c7	da526b48-52a8-4529-a0a9-8dfab92357e3
101	5b7b5d5b-7e7a-40e4-82d8-980e6bf3ab06	f669e040-67d0-41d9-aa4a-e8f5fe4d6a56
102	5b7b5d5b-7e7a-40e4-82d8-980e6bf3ab06	831751e4-6ded-4071-8d0d-8b067bb56e06
103	5b7b5d5b-7e7a-40e4-82d8-980e6bf3ab06	e7c85c95-3990-47c1-9566-f67e1983ab16
104	5b7b5d5b-7e7a-40e4-82d8-980e6bf3ab06	da526b48-52a8-4529-a0a9-8dfab92357e3
105	20b46e15-b3f6-47cc-9080-9c54d883265e	f669e040-67d0-41d9-aa4a-e8f5fe4d6a56
106	20b46e15-b3f6-47cc-9080-9c54d883265e	831751e4-6ded-4071-8d0d-8b067bb56e06
107	20b46e15-b3f6-47cc-9080-9c54d883265e	e7c85c95-3990-47c1-9566-f67e1983ab16
108	20b46e15-b3f6-47cc-9080-9c54d883265e	da526b48-52a8-4529-a0a9-8dfab92357e3
109	15fb25de-153b-4fec-ace2-21ec236d3c72	f669e040-67d0-41d9-aa4a-e8f5fe4d6a56
110	15fb25de-153b-4fec-ace2-21ec236d3c72	831751e4-6ded-4071-8d0d-8b067bb56e06
111	15fb25de-153b-4fec-ace2-21ec236d3c72	e7c85c95-3990-47c1-9566-f67e1983ab16
112	15fb25de-153b-4fec-ace2-21ec236d3c72	da526b48-52a8-4529-a0a9-8dfab92357e3
113	246427b4-aa5f-43a7-ab99-c19191c594a7	f669e040-67d0-41d9-aa4a-e8f5fe4d6a56
114	246427b4-aa5f-43a7-ab99-c19191c594a7	831751e4-6ded-4071-8d0d-8b067bb56e06
115	246427b4-aa5f-43a7-ab99-c19191c594a7	e7c85c95-3990-47c1-9566-f67e1983ab16
116	246427b4-aa5f-43a7-ab99-c19191c594a7	da526b48-52a8-4529-a0a9-8dfab92357e3
117	d895206a-5174-4b53-8cb3-e5d7e0c891ae	f669e040-67d0-41d9-aa4a-e8f5fe4d6a56
118	d895206a-5174-4b53-8cb3-e5d7e0c891ae	831751e4-6ded-4071-8d0d-8b067bb56e06
119	d895206a-5174-4b53-8cb3-e5d7e0c891ae	e7c85c95-3990-47c1-9566-f67e1983ab16
120	d895206a-5174-4b53-8cb3-e5d7e0c891ae	da526b48-52a8-4529-a0a9-8dfab92357e3
121	26bd3b8c-7497-4d22-a5b7-2129f2fa456b	f669e040-67d0-41d9-aa4a-e8f5fe4d6a56
122	26bd3b8c-7497-4d22-a5b7-2129f2fa456b	831751e4-6ded-4071-8d0d-8b067bb56e06
123	26bd3b8c-7497-4d22-a5b7-2129f2fa456b	e7c85c95-3990-47c1-9566-f67e1983ab16
124	26bd3b8c-7497-4d22-a5b7-2129f2fa456b	da526b48-52a8-4529-a0a9-8dfab92357e3
125	dc984f05-fbd9-4ee8-b8ce-c2e3ae54910c	f669e040-67d0-41d9-aa4a-e8f5fe4d6a56
126	dc984f05-fbd9-4ee8-b8ce-c2e3ae54910c	831751e4-6ded-4071-8d0d-8b067bb56e06
127	dc984f05-fbd9-4ee8-b8ce-c2e3ae54910c	e7c85c95-3990-47c1-9566-f67e1983ab16
128	dc984f05-fbd9-4ee8-b8ce-c2e3ae54910c	da526b48-52a8-4529-a0a9-8dfab92357e3
129	f87e42d4-2e98-48e9-8346-450cddf2af94	f669e040-67d0-41d9-aa4a-e8f5fe4d6a56
130	f87e42d4-2e98-48e9-8346-450cddf2af94	831751e4-6ded-4071-8d0d-8b067bb56e06
131	f87e42d4-2e98-48e9-8346-450cddf2af94	e7c85c95-3990-47c1-9566-f67e1983ab16
132	f87e42d4-2e98-48e9-8346-450cddf2af94	da526b48-52a8-4529-a0a9-8dfab92357e3
133	bbab85c4-e1a0-445a-afa7-d9af40aa9a9e	f669e040-67d0-41d9-aa4a-e8f5fe4d6a56
134	bbab85c4-e1a0-445a-afa7-d9af40aa9a9e	831751e4-6ded-4071-8d0d-8b067bb56e06
135	bbab85c4-e1a0-445a-afa7-d9af40aa9a9e	e7c85c95-3990-47c1-9566-f67e1983ab16
136	bbab85c4-e1a0-445a-afa7-d9af40aa9a9e	da526b48-52a8-4529-a0a9-8dfab92357e3
137	7405b41e-7331-4342-a0f7-db52eb8fc11f	f669e040-67d0-41d9-aa4a-e8f5fe4d6a56
138	7405b41e-7331-4342-a0f7-db52eb8fc11f	831751e4-6ded-4071-8d0d-8b067bb56e06
139	7405b41e-7331-4342-a0f7-db52eb8fc11f	e7c85c95-3990-47c1-9566-f67e1983ab16
140	7405b41e-7331-4342-a0f7-db52eb8fc11f	da526b48-52a8-4529-a0a9-8dfab92357e3
141	97b37310-effd-419a-bad6-a7c26f965ddb	f669e040-67d0-41d9-aa4a-e8f5fe4d6a56
142	97b37310-effd-419a-bad6-a7c26f965ddb	831751e4-6ded-4071-8d0d-8b067bb56e06
143	97b37310-effd-419a-bad6-a7c26f965ddb	e7c85c95-3990-47c1-9566-f67e1983ab16
144	97b37310-effd-419a-bad6-a7c26f965ddb	da526b48-52a8-4529-a0a9-8dfab92357e3
145	0183dc66-1ef0-4c3c-bae9-b185279fe565	f669e040-67d0-41d9-aa4a-e8f5fe4d6a56
146	0183dc66-1ef0-4c3c-bae9-b185279fe565	831751e4-6ded-4071-8d0d-8b067bb56e06
147	0183dc66-1ef0-4c3c-bae9-b185279fe565	e7c85c95-3990-47c1-9566-f67e1983ab16
148	0183dc66-1ef0-4c3c-bae9-b185279fe565	da526b48-52a8-4529-a0a9-8dfab92357e3
149	307d6ef0-06e7-40f9-bb52-c36a44699ce8	f669e040-67d0-41d9-aa4a-e8f5fe4d6a56
150	307d6ef0-06e7-40f9-bb52-c36a44699ce8	831751e4-6ded-4071-8d0d-8b067bb56e06
151	307d6ef0-06e7-40f9-bb52-c36a44699ce8	e7c85c95-3990-47c1-9566-f67e1983ab16
152	307d6ef0-06e7-40f9-bb52-c36a44699ce8	da526b48-52a8-4529-a0a9-8dfab92357e3
153	a98d6860-2000-407d-8911-39e580a5c048	f669e040-67d0-41d9-aa4a-e8f5fe4d6a56
154	a98d6860-2000-407d-8911-39e580a5c048	831751e4-6ded-4071-8d0d-8b067bb56e06
155	a98d6860-2000-407d-8911-39e580a5c048	e7c85c95-3990-47c1-9566-f67e1983ab16
156	a98d6860-2000-407d-8911-39e580a5c048	da526b48-52a8-4529-a0a9-8dfab92357e3
157	ca7af1df-0f35-4eeb-9068-0fd764bda998	f669e040-67d0-41d9-aa4a-e8f5fe4d6a56
158	ca7af1df-0f35-4eeb-9068-0fd764bda998	831751e4-6ded-4071-8d0d-8b067bb56e06
159	ca7af1df-0f35-4eeb-9068-0fd764bda998	e7c85c95-3990-47c1-9566-f67e1983ab16
160	ca7af1df-0f35-4eeb-9068-0fd764bda998	da526b48-52a8-4529-a0a9-8dfab92357e3
\.


--
-- Data for Name: device_device_consumable; Type: TABLE DATA; Schema: public; Owner: admin
--

COPY public.device_device_consumable (id, device_id, consumables_id) FROM stdin;
3	429e6de1-3da7-45c9-b35f-20e01d4315b3	c8dbd594-1e08-44e2-b592-2bbfc98609da
4	429e6de1-3da7-45c9-b35f-20e01d4315b3	a922c5c4-6f69-4c66-8e28-572ca76b9755
5	429e6de1-3da7-45c9-b35f-20e01d4315b3	6ca7808d-3096-4334-bf41-f847baf59b75
6	429e6de1-3da7-45c9-b35f-20e01d4315b3	1e7cec54-fdfd-48f9-837c-b0533b9e9b8c
7	429e6de1-3da7-45c9-b35f-20e01d4315b3	ade549c6-06a6-4b7b-aecf-fad02adceed7
8	b41dabf1-dda7-4d99-80b5-15d7b58f8c38	34e0c89d-5b36-4084-b376-283470e0903e
9	e864927f-e2f0-448e-9306-3e91139ee7c9	34e0c89d-5b36-4084-b376-283470e0903e
10	9a7cc37a-7d36-4a83-8c1e-ace25f104f30	215a2be0-4585-44df-939d-9176acc8d7c9
11	628a3a23-a312-4cd4-8d69-0f89bf36e95a	215a2be0-4585-44df-939d-9176acc8d7c9
12	00e2df74-f7a5-4df0-aabb-845fc37d2c3a	215a2be0-4585-44df-939d-9176acc8d7c9
13	3759664d-cad8-4355-b4ee-37eeba139ff1	215a2be0-4585-44df-939d-9176acc8d7c9
14	d8a11a1b-41b7-4b01-a7df-9a3a53d8a81c	215a2be0-4585-44df-939d-9176acc8d7c9
15	d491f4eb-0c9b-4926-b688-c385fe90ff49	215a2be0-4585-44df-939d-9176acc8d7c9
16	c8a0fd92-10c4-49ff-b1fb-88e63d4fc1c8	215a2be0-4585-44df-939d-9176acc8d7c9
17	6e0e3bde-691d-4328-8ff9-ec07826c96bd	215a2be0-4585-44df-939d-9176acc8d7c9
18	04577e4d-b3f2-4fab-98e6-870797dc602c	215a2be0-4585-44df-939d-9176acc8d7c9
19	76c4dec7-c8fa-4174-9347-c470e935e6ff	215a2be0-4585-44df-939d-9176acc8d7c9
20	23ee72ee-fb3f-4d6c-8fbf-6345be23aee6	215a2be0-4585-44df-939d-9176acc8d7c9
21	9d65914e-b917-4a8d-bb85-575a9bf24417	215a2be0-4585-44df-939d-9176acc8d7c9
22	7beff29c-458d-45b8-b8b9-b6a5cdafdd7b	215a2be0-4585-44df-939d-9176acc8d7c9
23	c96c4fdd-85d4-43a5-8c3a-460363132c1f	215a2be0-4585-44df-939d-9176acc8d7c9
24	ac92c1d9-6612-43d6-9d43-4f014da35e95	215a2be0-4585-44df-939d-9176acc8d7c9
25	758772df-3ae6-44eb-be74-880786d7476d	215a2be0-4585-44df-939d-9176acc8d7c9
26	95818f5f-496e-44c2-8ee7-16c0cfe59f7a	215a2be0-4585-44df-939d-9176acc8d7c9
27	9ae080e8-a2b8-4e10-9336-c5c6807e1aa2	dc4a36d4-4536-4bac-9e30-3c381d4dfdd5
28	9ae080e8-a2b8-4e10-9336-c5c6807e1aa2	90a32fc9-4ca4-46d1-84b8-8508b52b67d2
29	9ae080e8-a2b8-4e10-9336-c5c6807e1aa2	2916baa7-6548-4622-ad7d-dc7ae7710965
30	9ae080e8-a2b8-4e10-9336-c5c6807e1aa2	30f44fac-9876-4378-ba59-bbdfe9897924
31	86a767ca-7dfc-4b47-9d4d-128e0fd3cce2	dc4a36d4-4536-4bac-9e30-3c381d4dfdd5
32	86a767ca-7dfc-4b47-9d4d-128e0fd3cce2	90a32fc9-4ca4-46d1-84b8-8508b52b67d2
33	86a767ca-7dfc-4b47-9d4d-128e0fd3cce2	2916baa7-6548-4622-ad7d-dc7ae7710965
34	86a767ca-7dfc-4b47-9d4d-128e0fd3cce2	30f44fac-9876-4378-ba59-bbdfe9897924
\.


--
-- Data for Name: device_devicecat; Type: TABLE DATA; Schema: public; Owner: admin
--

COPY public.device_devicecat (id, name, slug) FROM stdin;
54f12c9c-72c4-4a81-baff-e9902b36d22c	Моноблок	monoblock
8170f926-a09f-4ac1-822c-0a5e83f4b5fa	МФУ	mfu
\.


--
-- Data for Name: django_admin_log; Type: TABLE DATA; Schema: public; Owner: admin
--

COPY public.django_admin_log (id, action_time, object_id, object_repr, action_flag, change_message, content_type_id, user_id) FROM stdin;
1	2023-09-22 09:06:23.592964+00	54f12c9c-72c4-4a81-baff-e9902b36d22c	Моноблок	1	[{"added": {}}]	18	1
2	2023-09-22 09:07:51.614234+00	abacdf10-8afb-41c3-8449-f0cb23397ef7	CPU	1	[{"added": {}}]	14	1
3	2023-09-22 09:08:04.900349+00	847e6dee-8b86-4b39-9a7d-76e70a82fbee	GPU	1	[{"added": {}}]	14	1
4	2023-09-22 09:08:28.93446+00	0ffdb529-c6b3-4d01-a689-f52626671d34	Дисплей	1	[{"added": {}}]	14	1
5	2023-09-22 09:08:35.333818+00	ea14ceed-d7cd-4cb1-bc2c-0df5fee351c4	RAM	1	[{"added": {}}]	14	1
6	2023-09-22 09:09:01.964065+00	778b2235-c167-4a51-a758-afe272425743	SSD, HDD	1	[{"added": {}}]	14	1
7	2023-09-25 06:04:16.935687+00	4cadd079-e6b5-43b5-8e6d-1ec3fbee87b5	HistoryAcc object (4cadd079-e6b5-43b5-8e6d-1ec3fbee87b5)	3		29	1
8	2023-09-25 06:04:16.945792+00	3a20027f-6777-4cbd-9936-0a01174b2cd0	HistoryAcc object (3a20027f-6777-4cbd-9936-0a01174b2cd0)	3		29	1
9	2023-09-25 06:04:16.947252+00	373d93d4-fb05-482e-8c26-8bb2b6ed74d6	HistoryAcc object (373d93d4-fb05-482e-8c26-8bb2b6ed74d6)	3		29	1
10	2023-09-25 06:04:16.948417+00	9c980deb-c727-4dd6-a2ac-3266d335b24f	HistoryAcc object (9c980deb-c727-4dd6-a2ac-3266d335b24f)	3		29	1
11	2023-09-25 06:04:16.949502+00	587d029c-1ddf-430e-a797-c2ec9fbad15c	HistoryAcc object (587d029c-1ddf-430e-a797-c2ec9fbad15c)	3		29	1
12	2023-09-25 06:04:16.950829+00	f98c74a8-34cc-47b9-95a4-c15470106b03	HistoryAcc object (f98c74a8-34cc-47b9-95a4-c15470106b03)	3		29	1
13	2023-09-25 06:05:46.30242+00	531b79e0-5046-4593-8fdf-a5c3aeb80983	HistoryAcc object (531b79e0-5046-4593-8fdf-a5c3aeb80983)	3		29	1
14	2023-09-25 06:06:15.462755+00	940d3a96-6290-4e8c-808d-1f33c780144a	HistoryAcc object (940d3a96-6290-4e8c-808d-1f33c780144a)	3		29	1
15	2023-09-25 06:06:53.625396+00	84fa0f63-72b7-46e1-9e1d-4236c92e947b	HistoryAcc object (84fa0f63-72b7-46e1-9e1d-4236c92e947b)	3		29	1
16	2023-09-25 06:35:42.574219+00	b94f6b5d-311f-41a4-b8d4-2d9379872069	HistoryAcc object (b94f6b5d-311f-41a4-b8d4-2d9379872069)	3		29	1
17	2023-09-25 06:35:59.847889+00	9f5dfec1-e310-427e-8d8b-850a3a6426c1	HistoryAcc object (9f5dfec1-e310-427e-8d8b-850a3a6426c1)	3		29	1
18	2023-09-25 06:39:17.468317+00	5a91bfbf-5dd5-4f70-9d11-2f86203cce84	HistoryAcc object (5a91bfbf-5dd5-4f70-9d11-2f86203cce84)	3		29	1
19	2023-09-25 06:41:15.182519+00	eb1630f6-7ab0-4298-9815-175429fd4b5f	HistoryAcc object (eb1630f6-7ab0-4298-9815-175429fd4b5f)	2	[{"changed": {"fields": ["ID \\u0423\\u0441\\u0442\\u0440\\u043e\\u0439\\u0441\\u0442\\u0432\\u0430"]}}]	29	1
20	2023-09-25 06:42:36.511802+00	ffc37b0c-4865-4d49-8e86-35514277412f	HistoryAcc object (ffc37b0c-4865-4d49-8e86-35514277412f)	2	[{"changed": {"fields": ["ID \\u0423\\u0441\\u0442\\u0440\\u043e\\u0439\\u0441\\u0442\\u0432\\u0430"]}}]	29	1
21	2023-09-25 06:43:26.845832+00	ffc37b0c-4865-4d49-8e86-35514277412f	HistoryAcc object (ffc37b0c-4865-4d49-8e86-35514277412f)	2	[{"changed": {"fields": ["ID \\u0423\\u0441\\u0442\\u0440\\u043e\\u0439\\u0441\\u0442\\u0432\\u0430"]}}]	29	1
22	2023-09-25 06:44:21.375875+00	1a48cc3b-fb66-44d4-a762-eb5d1bdfbc0a	HistoryAcc object (1a48cc3b-fb66-44d4-a762-eb5d1bdfbc0a)	2	[{"changed": {"fields": ["ID \\u0423\\u0441\\u0442\\u0440\\u043e\\u0439\\u0441\\u0442\\u0432\\u0430"]}}]	29	1
23	2023-09-25 06:45:17.423891+00	e8e07a3b-dcfd-4a4c-ba7b-3675f6f2ce4a	AMD Radeon R9 Gamer Series	2	[{"changed": {"fields": ["\\u041e\\u0441\\u0442\\u0430\\u0442\\u043e\\u043a \\u043d\\u0430 \\u0441\\u043a\\u043b\\u0430\\u0434\\u0435"]}}]	17	1
24	2023-09-25 10:05:58.886583+00	3afb5797-cbf8-41b1-bd21-b394940ac635	Картридж	1	[{"added": {}}]	15	1
25	2023-09-25 10:06:08.568364+00	a1f80882-6ebd-4c50-818b-68372edc3907	Фотовал	1	[{"added": {}}]	15	1
26	2023-09-25 10:06:24.37081+00	4aa6664f-d05d-4444-897a-e09df38231ae	Барабан	1	[{"added": {}}]	15	1
27	2023-09-25 10:06:40.57744+00	f1fe41b9-cc76-481a-bff8-fd884326b720	Емкость	1	[{"added": {}}]	15	1
28	2023-09-25 10:07:45.83212+00	c8dbd594-1e08-44e2-b592-2bbfc98609da	Stockroom object (c8dbd594-1e08-44e2-b592-2bbfc98609da)	2	[{"changed": {"fields": ["\\u0421\\u0442\\u0435\\u043b\\u043b\\u0430\\u0436"]}}]	25	1
29	2023-09-25 10:13:41.820639+00	8170f926-a09f-4ac1-822c-0a5e83f4b5fa	МАУ	1	[{"added": {}}]	18	1
30	2023-09-25 10:13:57.997801+00	8170f926-a09f-4ac1-822c-0a5e83f4b5fa	МФУ	2	[{"changed": {"fields": ["\\u041d\\u0430\\u0437\\u0432\\u0430\\u043d\\u0438\\u0435", "URL"]}}]	18	1
31	2023-09-25 12:15:43.228907+00	30f44fac-9876-4378-ba59-bbdfe9897924	Stockroom object (30f44fac-9876-4378-ba59-bbdfe9897924)	2	[{"changed": {"fields": ["\\u0421\\u0442\\u0435\\u043b\\u043b\\u0430\\u0436", "\\u041f\\u043e\\u043b\\u043a\\u0430"]}}]	25	1
32	2023-09-25 12:16:32.965261+00	2916baa7-6548-4622-ad7d-dc7ae7710965	Stockroom object (2916baa7-6548-4622-ad7d-dc7ae7710965)	2	[{"changed": {"fields": ["\\u0421\\u0442\\u0435\\u043b\\u043b\\u0430\\u0436", "\\u041f\\u043e\\u043b\\u043a\\u0430"]}}]	25	1
\.


--
-- Data for Name: django_content_type; Type: TABLE DATA; Schema: public; Owner: admin
--

COPY public.django_content_type (id, app_label, model) FROM stdin;
1	admin	logentry
2	auth	permission
3	auth	group
4	auth	user
5	contenttypes	contenttype
6	sessions	session
7	workplace	room
8	workplace	workplace
9	employee	departament
10	employee	post
11	employee	employee
12	software	software
13	software	os
14	consumables	acccat
15	consumables	categories
16	consumables	consumables
17	consumables	accessories
18	device	devicecat
19	device	device
20	signature	signature
21	counterparty	manufacturer
22	stockroom	categoryacc
23	stockroom	categorydev
24	stockroom	stockcat
25	stockroom	stockroom
26	stockroom	stockdev
27	stockroom	stockacc
28	stockroom	historydev
29	stockroom	historyacc
30	stockroom	history
31	decommission	categorydec
32	decommission	categorydis
33	decommission	disposal
34	decommission	decommission
35	accounting	categories
36	accounting	accounting
\.


--
-- Data for Name: django_migrations; Type: TABLE DATA; Schema: public; Owner: admin
--

COPY public.django_migrations (id, app, name, applied) FROM stdin;
1	counterparty	0001_initial	2023-09-11 07:52:47.088636+00
2	consumables	0001_initial	2023-09-11 07:52:47.323257+00
3	consumables	0002_remove_accessories_buhcode_and_more	2023-09-11 07:52:47.344481+00
4	accounting	0001_initial	2023-09-11 07:52:47.491096+00
5	accounting	0002_alter_accounting_options_alter_accounting_name	2023-09-11 07:52:47.498397+00
6	accounting	0003_alter_accounting_options	2023-09-11 07:52:47.502041+00
7	accounting	0004_alter_accounting_options	2023-09-11 07:52:47.505413+00
8	accounting	0005_alter_categories_options	2023-09-11 07:52:47.50758+00
9	accounting	0006_alter_accounting_options_alter_categories_options	2023-09-11 07:52:47.512563+00
10	accounting	0007_alter_categories_slug	2023-09-11 07:52:47.515396+00
11	contenttypes	0001_initial	2023-09-11 07:52:47.535184+00
12	auth	0001_initial	2023-09-11 07:52:47.969564+00
13	admin	0001_initial	2023-09-11 07:52:48.089287+00
14	admin	0002_logentry_remove_auto_add	2023-09-11 07:52:48.093682+00
15	admin	0003_logentry_add_action_flag_choices	2023-09-11 07:52:48.098973+00
16	contenttypes	0002_remove_content_type_name	2023-09-11 07:52:48.108021+00
17	auth	0002_alter_permission_name_max_length	2023-09-11 07:52:48.112436+00
18	auth	0003_alter_user_email_max_length	2023-09-11 07:52:48.118006+00
19	auth	0004_alter_user_username_opts	2023-09-11 07:52:48.124969+00
20	auth	0005_alter_user_last_login_null	2023-09-11 07:52:48.129968+00
21	auth	0006_require_contenttypes_0002	2023-09-11 07:52:48.133587+00
22	auth	0007_alter_validators_add_error_messages	2023-09-11 07:52:48.13822+00
23	auth	0008_alter_user_username_max_length	2023-09-11 07:52:48.293259+00
24	auth	0009_alter_user_last_name_max_length	2023-09-11 07:52:48.299064+00
25	auth	0010_alter_group_name_max_length	2023-09-11 07:52:48.305268+00
26	auth	0011_update_proxy_permissions	2023-09-11 07:52:48.311739+00
27	auth	0012_alter_user_first_name_max_length	2023-09-11 07:52:48.323637+00
28	consumables	0003_alter_accessories_name_alter_consumables_name	2023-09-11 07:52:48.330918+00
29	consumables	0004_alter_accessories_options_alter_consumables_options_and_more	2023-09-11 07:52:48.345161+00
30	consumables	0005_alter_accessories_options_alter_consumables_options	2023-09-11 07:52:48.352073+00
31	workplace	0001_initial	2023-09-11 07:52:48.3942+00
32	device	0001_initial	2023-09-11 07:52:48.516597+00
33	decommission	0001_initial	2023-09-11 07:52:48.749997+00
34	decommission	0002_alter_categorydis_options_alter_decommission_options	2023-09-11 07:52:48.759171+00
35	decommission	0003_alter_categorydis_options	2023-09-11 07:52:48.763175+00
36	decommission	0004_alter_decommission_options	2023-09-11 07:52:48.770896+00
37	device	0002_alter_device_options	2023-09-11 07:52:48.784891+00
38	device	0003_alter_device_accessories_alter_device_consumable	2023-09-11 07:52:48.816567+00
39	device	0004_alter_device_accessories_alter_device_consumable	2023-09-11 07:52:48.856131+00
40	device	0005_alter_device_options_alter_device_accessories_and_more	2023-09-11 07:52:48.889616+00
41	device	0006_device_hostname_device_ip_address_device_login_and_more	2023-09-11 07:52:48.965098+00
42	device	0007_alter_device_options	2023-09-11 07:52:48.970293+00
43	device	0008_alter_device_options	2023-09-11 07:52:48.980924+00
44	device	0009_alter_device_options	2023-09-11 07:52:49.003721+00
45	device	0010_alter_device_options	2023-09-11 07:52:49.012324+00
46	device	0011_alter_device_ip_address	2023-09-11 07:52:49.020308+00
47	employee	0001_initial	2023-09-11 07:52:49.169042+00
48	employee	0002_alter_employee_options	2023-09-11 07:52:49.178829+00
49	sessions	0001_initial	2023-09-11 07:52:49.224062+00
50	signature	0001_initial	2023-09-11 07:52:49.291747+00
51	software	0001_initial	2023-09-11 07:52:49.371367+00
52	stockroom	0001_initial	2023-09-11 07:52:49.702741+00
53	stockroom	0002_alter_stockdev_options	2023-09-11 07:52:49.720063+00
54	stockroom	0003_alter_stockacc_options_alter_stockroom_options	2023-09-11 07:52:49.750075+00
55	stockroom	0004_alter_stockdev_options_history_note_historyacc_note_and_more	2023-09-11 07:52:49.852649+00
56	stockroom	0005_alter_stockacc_options_alter_stockdev_options_and_more	2023-09-11 07:52:49.882616+00
57	stockroom	0006_alter_stockdev_options	2023-09-11 07:52:49.906943+00
58	workplace	0002_alter_workplace_room	2023-09-11 07:52:49.929974+00
59	workplace	0003_alter_workplace_room	2023-09-11 07:52:49.944159+00
60	workplace	0004_alter_workplace_room	2023-09-11 07:52:49.962726+00
61	workplace	0005_alter_room_options_alter_workplace_options	2023-09-11 07:52:49.967685+00
62	workplace	0006_alter_workplace_options	2023-09-11 07:52:49.972152+00
63	device	0012_remove_device_accessories_remove_device_consumable_and_more	2023-09-13 08:06:39.242143+00
64	employee	0003_alter_employee_options_remove_employee_family_and_more	2023-09-22 06:42:00.501245+00
65	employee	0004_alter_employee_last_name_alter_employee_name_and_more	2023-09-22 09:30:32.288382+00
\.


--
-- Data for Name: django_session; Type: TABLE DATA; Schema: public; Owner: admin
--

COPY public.django_session (session_key, session_data, expire_date) FROM stdin;
\.


--
-- Data for Name: employee_departament; Type: TABLE DATA; Schema: public; Owner: admin
--

COPY public.employee_departament (id, name) FROM stdin;
bb5fb136-6f24-4372-bb8c-516d77916778	Бухгалтерия
14e267ee-f340-4ded-b74c-27403dfe5d8c	Управление
14a062b2-3b85-4949-b235-c267f79ba499	Материальное обеспечение
7c527c9f-42d3-4efe-b252-3273af0ea4ac	ИТ
d0bd318f-278c-43b4-b9aa-cf432d1168d7	Научный отдел
70bf3fb8-4723-4b1d-bd15-005a137ea272	Конструкторский отдел
eef4b4f0-c029-4fa2-8510-d5e52b4a46f3	Технологический отдел
\.


--
-- Data for Name: employee_employee; Type: TABLE DATA; Schema: public; Owner: admin
--

COPY public.employee_employee (id, name, surname, "employeeEmail", post_id, workplace_id, last_name) FROM stdin;
ca0ce952-469f-42c5-aa7f-5fdc142db6b3	Фёдор	Клюев	\N	5227fa83-180f-4509-8cc9-d00d2a5f1528	e9a60375-b370-4950-88d1-a79550c6a0bd	Артёмович
6022f022-5266-4652-bb9f-f39292f007dc	Иван	Козлов	\N	dfe29b9f-3f22-40e7-9f3b-c7ffb836caf6	86c38e54-f8c8-40ea-85fa-9344bfed0cb2	Фёдорович
733c0a7d-432c-4939-91e3-6547379ba0eb	Алиса	Игнатова	\N	3540b43a-1ed5-4cb2-af67-8f9e109f11e5	97b87382-5446-444c-bb0d-6ab777cbc4cb	Георгиевна
ae1f90a7-3403-4f18-8be6-507d8db6eae6	Савва	Муравьев	\N	c7ca2f6d-89bc-48b7-8b42-e583b908d8f5	264e6e56-aaf2-4e56-8c0d-999fe3bd904a	Артёмович
6cd05110-9064-42ef-8c9f-a2eb7b7c4156	Виталий	Соболев	\N	cf57ec03-80a2-42a2-b8d0-124467a8b1ec	54a5f987-ab1e-4e3b-bc50-06f47ac61a55	Даниилович
d8db14e2-2aba-49c5-bcb6-d76e77af1eea	Алина	Бородина	\N	4f951b91-b5a7-4495-a611-2437eb19b578	a2bf45a6-f23c-4bdc-87b5-1a5a53637d68	Владимировна
d92b8980-8ac6-4e7a-b666-78708e5ec56f	Ксения	Васильева	\N	7518da39-d2ed-449d-a08e-7c49b3a28904	3199e21d-0e51-4621-975c-e29187424609	Сергеевна
9d23897f-cf72-4446-a193-a9b7c2b07352	Елена	Михайлова	\N	6db67570-39c3-4df3-9e20-8f130d10d4bc	dee1e98a-d2d7-42c3-9492-e3056a0f2b2e	Тимофеевна
48d9162d-b91f-44c6-b18f-afc8d7014ffa	Злата	Исаева	\N	efed7253-de8e-4fbf-9d1a-eabed854c9e1	27560195-be65-4ac3-b8ab-aff9bb235b83	Романовна
1c15613e-2d87-4b51-a39f-3c1f1c7d78a4	Яна	Мухина	\N	efed7253-de8e-4fbf-9d1a-eabed854c9e1	4e7facd8-b27a-4348-addc-25b0257d39c6	Матвеевна
27c21434-7fb7-4380-b89a-494f1680885e	Артём	Колесов	\N	efed7253-de8e-4fbf-9d1a-eabed854c9e1	37eda5ed-2005-4dca-9ac7-ae8ef6842d59	Григорьевич
1fd5099a-b51b-412e-9aa7-3a12527e6824	Мила	Волкова	\N	f4cb1b9c-2587-4d37-b60b-612661c1b475	ea2c2466-7876-4df3-b03b-19fd04c4cd85	Мироновна
1633eb47-7d6c-40bf-b42c-6ea4a86a69d1	Георгий	Калинин	\N	f4cb1b9c-2587-4d37-b60b-612661c1b475	3d8874b3-a729-4219-a090-344f74977023	Кириллович
2fa9f682-84eb-4452-8661-8e7cfe8ce5f6	Александр	Кузнецов	\N	f4cb1b9c-2587-4d37-b60b-612661c1b475	5408c17b-6530-4160-ab8c-9aa37a64b94b	Богданович
f048cd7b-ecb0-4c67-b709-380a64deb427	Екатерина	Орлова	\N	f4cb1b9c-2587-4d37-b60b-612661c1b475	7b9bf0a2-570b-4976-b048-8a16079e1d4a	Владиславовна
5ddb6339-d810-49c7-ad5e-314e730eb8ee	Святослав	Киселев	\N	f4cb1b9c-2587-4d37-b60b-612661c1b475	25edc452-bbc8-48a6-b2fe-5a6a8c124713	Николаевич
9e33fa73-b32c-41a6-bd71-b7166e07971e	Мила	Скворцова	\N	6db67570-39c3-4df3-9e20-8f130d10d4bc	3fc65b39-5df6-4e6f-a957-57bc0c1cb20b	Романовна
1c4e8a2d-072a-404a-ac2a-fc666ecd5cc6	Роман	Сахаров	\N	cf57ec03-80a2-42a2-b8d0-124467a8b1ec	8e0c1640-b70e-4772-a127-dfa54ba3cb52	Иванович
0f3b87b0-57e8-4c18-9d2d-18092249a8c4	Ульяна	Никифорова	\N	efed7253-de8e-4fbf-9d1a-eabed854c9e1	9118847d-a3f9-4b05-91b3-929701694887	Максимовна
324b593d-d5c6-45a6-8ef9-38633d3c7bc2	Таисия	Калинина	\N	efed7253-de8e-4fbf-9d1a-eabed854c9e1	de5f2e28-fcc1-400d-8744-a87b9e6e96cf	Ярославовна
25f9cc4c-5b29-4899-9809-106f4bfa91f5	Михаил	Макаров	\N	6db67570-39c3-4df3-9e20-8f130d10d4bc	4af3d970-b1ed-48a9-846c-77f8723106de	Михайлович
3fbde85e-7f8a-4ef4-853c-987656069bea	Александр	Степанов	\N	a0fe4e5d-8942-4a3c-bc53-3b0867d37b6a	08e30bdc-fc0b-4de7-8b56-d45f4ce6bd59	Даниэльевич
31e79dfc-79f4-4b63-b296-9c8c97d1664f	Василиса	Тарасова	\N	a7f2f57b-73e8-4529-a9af-98964a71c27f	b20cd71e-1b34-4667-b786-344516443e60	Матвеевна
e9c99e38-57c5-4f25-b04c-34c907bd73a1	Станислав	Павлов	\N	4c88e179-4ed8-4796-a49e-2442148aa898	1dad98e3-5317-4bb7-b3f3-1b6e7c74e05f	Максимович
6a0d818a-e015-4e41-8241-d21d6d9f17de	Елизавета	Власова	\N	0e3331ad-9906-42c8-8e9c-90bf659ef20a	a93d52fc-abe3-4d3e-aa5e-4ac5a8f2eb29	Михайловна
f71ee2b9-94f8-4a7b-8475-9c54b33e0825	Александра	Комарова	\N	22c907cc-d2c5-4d8b-81d3-040219042a35	4d82e7d7-9a23-41ab-9a4b-6a20d3b9b045	Михайловна
438139f8-fa14-4ffd-aeaf-9e9a93e67769	Полина	Круглова	\N	f4cb1b9c-2587-4d37-b60b-612661c1b475	ad1cff4f-960d-4496-8d1e-66d35202802e	Данииловна
97e50ed9-8466-4946-9e71-e86c47a626d2	Глеб	Казаков	\N	f4cb1b9c-2587-4d37-b60b-612661c1b475	4fcfc255-98c2-43b8-9f9d-2703515dbe72	Серафимович
c51984de-a6a8-4f04-a60a-4072bc8fc3af	Варвара	Нестерова	\N	6db67570-39c3-4df3-9e20-8f130d10d4bc	12573a7b-42d2-4f28-9f83-41ab0ba62528	Руслановна
5291c7d8-7542-4479-91da-49c1a35b7bc5	Иван	Морозов	\N	4aaff1ee-223f-4b2b-9794-9238200d4b06	57e2af75-2ccd-4c95-92fb-7a12becd93bd	Тигранович
dff5d80b-b286-44b1-b1e3-dc18a5c48541	Ангелина	Трофимова	\N	22c907cc-d2c5-4d8b-81d3-040219042a35	a92f31de-5539-4ac7-89f8-306f7e295784	Львовна
74840edf-ef1f-4709-be53-048cc8b4e635	Диана	Ермолаева	\N	a0fe4e5d-8942-4a3c-bc53-3b0867d37b6a	65a9e05f-f217-46e6-b534-72b15fbea355	Дмитриевна
525e6b40-e0ee-45de-834a-95c749d7a0bd	Владимир	Александров	\N	a0fe4e5d-8942-4a3c-bc53-3b0867d37b6a	0a7c9c80-c15c-41c9-8861-2e2fd6dbac2b	Фёдорович
6b7b4fae-82f3-4ff1-b1f7-df5ff44af94b	Милана	Давыдова	\N	a0fe4e5d-8942-4a3c-bc53-3b0867d37b6a	07ae1b74-f4e7-4b47-89ea-732393343587	Михайловна
1f7699f4-df4b-45ca-8ead-672c0a19797a	София	Васильева	\N	a0fe4e5d-8942-4a3c-bc53-3b0867d37b6a	b850701e-9884-493a-81b7-8377a306ae73	Ивановна
26015914-502d-413b-a06a-f76ed70e935f	Екатерина	Калмыкова	\N	a0fe4e5d-8942-4a3c-bc53-3b0867d37b6a	8af24e96-33a4-49cf-b8c7-8d9134db4c88	Дмитриевна
e8913a91-ac3e-4a4b-8cb7-3a32065cd503	Александр	Прокофьев	\N	a0fe4e5d-8942-4a3c-bc53-3b0867d37b6a	3840daf4-86e6-4339-86d0-f27666c0f64f	Семёнович
\.


--
-- Data for Name: employee_post; Type: TABLE DATA; Schema: public; Owner: admin
--

COPY public.employee_post (id, name, departament_id) FROM stdin;
4f951b91-b5a7-4495-a611-2437eb19b578	Главный бухгалтер	bb5fb136-6f24-4372-bb8c-516d77916778
5227fa83-180f-4509-8cc9-d00d2a5f1528	Директор	14e267ee-f340-4ded-b74c-27403dfe5d8c
3540b43a-1ed5-4cb2-af67-8f9e109f11e5	Секретарь	14e267ee-f340-4ded-b74c-27403dfe5d8c
0e3331ad-9906-42c8-8e9c-90bf659ef20a	Инженер-программист	7c527c9f-42d3-4efe-b252-3273af0ea4ac
4c88e179-4ed8-4796-a49e-2442148aa898	Системный администратор	7c527c9f-42d3-4efe-b252-3273af0ea4ac
c7ca2f6d-89bc-48b7-8b42-e583b908d8f5	Начальник отдела	14a062b2-3b85-4949-b235-c267f79ba499
7518da39-d2ed-449d-a08e-7c49b3a28904	Специалист	14a062b2-3b85-4949-b235-c267f79ba499
dfe29b9f-3f22-40e7-9f3b-c7ffb836caf6	Начальник отдела	d0bd318f-278c-43b4-b9aa-cf432d1168d7
efed7253-de8e-4fbf-9d1a-eabed854c9e1	Научный сотрудник	d0bd318f-278c-43b4-b9aa-cf432d1168d7
6db67570-39c3-4df3-9e20-8f130d10d4bc	Старший научный сотрудник	d0bd318f-278c-43b4-b9aa-cf432d1168d7
a0fe4e5d-8942-4a3c-bc53-3b0867d37b6a	Инженер-конструктор	70bf3fb8-4723-4b1d-bd15-005a137ea272
22c907cc-d2c5-4d8b-81d3-040219042a35	Ведущий конструктор	70bf3fb8-4723-4b1d-bd15-005a137ea272
f4cb1b9c-2587-4d37-b60b-612661c1b475	Инженер-технолог	eef4b4f0-c029-4fa2-8510-d5e52b4a46f3
cf57ec03-80a2-42a2-b8d0-124467a8b1ec	Ведущий технолог	eef4b4f0-c029-4fa2-8510-d5e52b4a46f3
4aaff1ee-223f-4b2b-9794-9238200d4b06	Главный конструктор	70bf3fb8-4723-4b1d-bd15-005a137ea272
a7f2f57b-73e8-4529-a9af-98964a71c27f	Главный технолог	eef4b4f0-c029-4fa2-8510-d5e52b4a46f3
\.


--
-- Data for Name: signature_signature; Type: TABLE DATA; Schema: public; Owner: admin
--

COPY public.signature_signature (id, name, "licenseKeyFileOpen", "licenseKeyFileClose", "periodOpen", "periodClose", "employeeRegister_id", "employeeStorage_id", storage_id, workstation_id) FROM stdin;
\.


--
-- Data for Name: software_os; Type: TABLE DATA; Schema: public; Owner: admin
--

COPY public.software_os (id, name, version, "bitDepth", "licenseKeyText", "licenseKeyImg", "licenseKeyFile", manufacturer_id) FROM stdin;
\.


--
-- Data for Name: software_software; Type: TABLE DATA; Schema: public; Owner: admin
--

COPY public.software_software (id, name, version, "bitDepth", "licenseKeyText", "licenseKeyImg", "licenseKeyFile", manufacturer_id) FROM stdin;
\.


--
-- Data for Name: stockroom_categoryacc; Type: TABLE DATA; Schema: public; Owner: admin
--

COPY public.stockroom_categoryacc (id, name, slug) FROM stdin;
9b28b48e-a0a0-40f5-94ff-e21956f78fce	SSD, HDD	ssd-hdd
527fada8-2627-4c49-bbf6-723bbf196e2e	RAM	ram
788628ad-1ae9-4b55-b976-61d38be2a35c	CPU	cpu
35a39c93-45dc-4799-b025-6ac0a91cca4c	GPU	gpu
ae07144a-22f7-493c-aa73-ffacf088e8e5	Дисплей	display
\.


--
-- Data for Name: stockroom_categorydev; Type: TABLE DATA; Schema: public; Owner: admin
--

COPY public.stockroom_categorydev (id, name, slug) FROM stdin;
86f52b39-cea8-4dec-bed0-9367731cd17b	Моноблок	monoblock
629e2024-afc4-4fc0-96ae-00060ed73f44	МФУ	mfu
\.


--
-- Data for Name: stockroom_history; Type: TABLE DATA; Schema: public; Owner: admin
--

COPY public.stockroom_history (id, stock_model, stock_model_id, device, "deviceId", quantity, "dateInstall", "user", status, categories_id, note) FROM stdin;
5a8e0786-3804-4b3d-94cc-2c9a46c8c704	C-EXV 49 b	a922c5c4-6f69-4c66-8e28-572ca76b9755	\N	\N	10	2023-09-25	admin	Приход	\N	\N
ccfa3108-0207-4bef-93cc-4a100a93b970	C-EXV 49 c	c8dbd594-1e08-44e2-b592-2bbfc98609da	\N	\N	10	2023-09-25	admin	Приход	38969a72-19e3-4fc0-99a5-abaeb9b0688d	\N
9231f594-25d1-4cee-9b18-29afbf8c670e	C-EXV 49 y	6ca7808d-3096-4334-bf41-f847baf59b75	\N	\N	10	2023-09-25	admin	Приход	38969a72-19e3-4fc0-99a5-abaeb9b0688d	\N
6d70814f-df3e-4f9a-aedb-68d67c94cf60	C-EXV 49 M	1e7cec54-fdfd-48f9-837c-b0533b9e9b8c	\N	\N	10	2023-09-25	admin	Приход	38969a72-19e3-4fc0-99a5-abaeb9b0688d	\N
2b442ea4-0d82-4374-871a-9d28874a6582	фотобарабан C-EXV 49	ade549c6-06a6-4b7b-aecf-fad02adceed7	\N	\N	4	2023-09-25	admin	Приход	2fc369be-30f4-4122-bd48-c2d7559c1a11	\N
8bf916f4-7b29-489b-bf39-7813c1aa3562	TK-1170	34e0c89d-5b36-4084-b376-283470e0903e	\N	\N	10	2023-09-25	admin	Приход	38969a72-19e3-4fc0-99a5-abaeb9b0688d	\N
f460c7a9-78c8-4b51-8dfb-92b332ac5fab	TL-420H	215a2be0-4585-44df-939d-9176acc8d7c9	\N	\N	10	2023-09-25	admin	Приход	38969a72-19e3-4fc0-99a5-abaeb9b0688d	\N
89011c5e-6afb-477c-8c19-ad947f4ed363	CANON 067 C	90a32fc9-4ca4-46d1-84b8-8508b52b67d2	\N	\N	10	2023-09-25	admin	Приход	38969a72-19e3-4fc0-99a5-abaeb9b0688d	\N
c54dcc82-144d-4cfe-b269-3367da5889b4	CANON 067 B	30f44fac-9876-4378-ba59-bbdfe9897924	\N	\N	10	2023-09-25	admin	Приход	38969a72-19e3-4fc0-99a5-abaeb9b0688d	\N
7fd3e914-9ae9-4825-8672-118b76b34ab5	CANON 067 Y	dc4a36d4-4536-4bac-9e30-3c381d4dfdd5	\N	\N	10	2023-09-25	admin	Приход	38969a72-19e3-4fc0-99a5-abaeb9b0688d	\N
1e8076f2-806b-4656-83c4-c34713d3e578	CANON 067 M	2916baa7-6548-4622-ad7d-dc7ae7710965	\N	\N	10	2023-09-25	admin	Приход	38969a72-19e3-4fc0-99a5-abaeb9b0688d	\N
\.


--
-- Data for Name: stockroom_historyacc; Type: TABLE DATA; Schema: public; Owner: admin
--

COPY public.stockroom_historyacc (id, stock_model, stock_model_id, device, "deviceId", quantity, "dateInstall", "user", status, categories_id, note) FROM stdin;
b7751b0f-8d25-4502-b65c-858f024e7847	Samsung 990 PRO [MZ-V9P1T0BW]	8257fddf-3975-46ac-a980-750f32c1e6d0	\N	\N	10	2023-09-22	admin	Приход	9b28b48e-a0a0-40f5-94ff-e21956f78fce	\N
e3476a4b-2f13-493f-9a87-39341cdc10c5	Samsung 990 PRO [MZ-V9P1T0BW]	8257fddf-3975-46ac-a980-750f32c1e6d0	\N	\N	10	2023-09-22	admin	Приход	9b28b48e-a0a0-40f5-94ff-e21956f78fce	\N
903e234f-8181-4d2f-8b1e-bd849eb58be3	AMD Radeon R9 Gamer Series	e8e07a3b-dcfd-4a4c-ba7b-3675f6f2ce4a	\N	\N	10	2023-09-22	admin	Приход	527fada8-2627-4c49-bbf6-723bbf196e2e	\N
f0105a83-bca2-4d5e-b8c7-34df6f9bfbd6	Core i5-12400F	908f0546-0f34-40e9-99fb-a18fb279e99b	\N	\N	10	2023-09-22	admin	Приход	788628ad-1ae9-4b55-b976-61d38be2a35c	\N
59801bab-f93f-4659-8ea4-0136d708469f	Radeon RX 6400	9095b820-4455-4e24-98b5-3c246726d195	\N	\N	10	2023-09-22	admin	Приход	35a39c93-45dc-4799-b025-6ac0a91cca4c	\N
2307dd6b-ce93-4c49-a3e8-573d059c81b0	Моноблок Prime Box Stream Pro PBI270-07	cc2eba00-290b-4a40-9d9b-d67ffd7e29d3	\N	\N	10	2023-09-22	admin	Приход	ae07144a-22f7-493c-aa73-ffacf088e8e5	\N
18a7a058-9132-4fee-a224-30ece1d88f74	AMD Radeon R9 Gamer Series	e8e07a3b-dcfd-4a4c-ba7b-3675f6f2ce4a	Моноблок Prime Box Stream Pro PBI270-07	7364d90d-223f-4150-a918-d063aac4a02a	1	2023-09-22	admin	Расход	527fada8-2627-4c49-bbf6-723bbf196e2e	\N
f888c158-a758-49ab-be9f-b09f93a64ecd	Core i5-12400F	908f0546-0f34-40e9-99fb-a18fb279e99b	Моноблок Prime Box Stream Pro PBI270-07	7364d90d-223f-4150-a918-d063aac4a02a	1	2023-09-22	admin	Расход	788628ad-1ae9-4b55-b976-61d38be2a35c	\N
aadef7fc-dd73-4d44-91c4-1b2c161ed450	Radeon RX 6400	9095b820-4455-4e24-98b5-3c246726d195	Моноблок Prime Box Stream Pro PBI270-07	7364d90d-223f-4150-a918-d063aac4a02a	1	2023-09-22	admin	Расход	35a39c93-45dc-4799-b025-6ac0a91cca4c	\N
8e3b18e9-14ab-4106-b7f4-52a0daf50bd4	Samsung 990 PRO [MZ-V9P1T0BW]	8257fddf-3975-46ac-a980-750f32c1e6d0	Моноблок Prime Box Stream Pro PBI270-07	7364d90d-223f-4150-a918-d063aac4a02a	1	2023-09-22	admin	Расход	9b28b48e-a0a0-40f5-94ff-e21956f78fce	\N
75992539-b953-46f5-9c95-a1f186afca83	Моноблок Prime Box Stream Pro PBI270-07	cc2eba00-290b-4a40-9d9b-d67ffd7e29d3	Моноблок Prime Box Stream Pro PBI270-07	7364d90d-223f-4150-a918-d063aac4a02a	1	2023-09-22	admin	Расход	ae07144a-22f7-493c-aa73-ffacf088e8e5	\N
5d1ded4a-df3d-42c9-a27f-ff61b1d88756	AMD Radeon R9 Gamer Series	e8e07a3b-dcfd-4a4c-ba7b-3675f6f2ce4a	Stream Pro PBI270-07	ce033285-39b0-4c6c-ae8c-cd0c9449896a	1	2023-09-22	admin	Расход	527fada8-2627-4c49-bbf6-723bbf196e2e	\N
496c5f86-23c7-463e-a3a0-73d596255bcc	Core i5-12400F	908f0546-0f34-40e9-99fb-a18fb279e99b	Stream Pro PBI270-07	ce033285-39b0-4c6c-ae8c-cd0c9449896a	1	2023-09-22	admin	Расход	788628ad-1ae9-4b55-b976-61d38be2a35c	\N
745570d9-42ac-497e-b343-e8124407f80e	Radeon RX 6400	9095b820-4455-4e24-98b5-3c246726d195	Stream Pro PBI270-07	ce033285-39b0-4c6c-ae8c-cd0c9449896a	1	2023-09-22	admin	Расход	35a39c93-45dc-4799-b025-6ac0a91cca4c	\N
61ff1137-f2f4-4a6e-838e-4293d95f9447	Samsung 990 PRO [MZ-V9P1T0BW]	8257fddf-3975-46ac-a980-750f32c1e6d0	Stream Pro PBI270-07	ce033285-39b0-4c6c-ae8c-cd0c9449896a	1	2023-09-22	admin	Расход	9b28b48e-a0a0-40f5-94ff-e21956f78fce	\N
7c9d8d62-af25-43b7-9921-9603e46a4371	Stream Pro PBI270-07	cc2eba00-290b-4a40-9d9b-d67ffd7e29d3	Stream Pro PBI270-07	ce033285-39b0-4c6c-ae8c-cd0c9449896a	1	2023-09-22	admin	Расход	ae07144a-22f7-493c-aa73-ffacf088e8e5	\N
c1e02aaa-0023-406d-84b2-ca53b7e4fd39	AMD Radeon R9 Gamer Series	e8e07a3b-dcfd-4a4c-ba7b-3675f6f2ce4a	Stream Pro PBI270-07	52799404-2662-4abd-9577-321039955d90	1	2023-09-22	admin	Расход	527fada8-2627-4c49-bbf6-723bbf196e2e	\N
1cc52402-7387-40cc-adf4-c4b2ebd88462	Core i5-12400F	908f0546-0f34-40e9-99fb-a18fb279e99b	Stream Pro PBI270-07	52799404-2662-4abd-9577-321039955d90	1	2023-09-22	admin	Расход	788628ad-1ae9-4b55-b976-61d38be2a35c	\N
bd8aa8aa-3fae-4f16-902d-66c446b2fca2	Radeon RX 6400	9095b820-4455-4e24-98b5-3c246726d195	Stream Pro PBI270-07	52799404-2662-4abd-9577-321039955d90	1	2023-09-22	admin	Расход	35a39c93-45dc-4799-b025-6ac0a91cca4c	\N
98110f64-70a0-478b-800a-f0259516acb8	Samsung 990 PRO [MZ-V9P1T0BW]	8257fddf-3975-46ac-a980-750f32c1e6d0	Stream Pro PBI270-07	52799404-2662-4abd-9577-321039955d90	1	2023-09-22	admin	Расход	9b28b48e-a0a0-40f5-94ff-e21956f78fce	\N
33a40d37-a5b7-4125-b15c-b03071200e84	Stream Pro PBI270-07	cc2eba00-290b-4a40-9d9b-d67ffd7e29d3	Stream Pro PBI270-07	52799404-2662-4abd-9577-321039955d90	1	2023-09-22	admin	Расход	ae07144a-22f7-493c-aa73-ffacf088e8e5	\N
7c0d5443-f6c6-481f-a297-a12499ca7aca	AMD Radeon R9 Gamer Series	e8e07a3b-dcfd-4a4c-ba7b-3675f6f2ce4a	Stream Pro PBI270-07	00ea9f67-58c6-4aba-9822-6c20c65519c6	1	2023-09-22	admin	Расход	527fada8-2627-4c49-bbf6-723bbf196e2e	\N
1bcb75b6-f7be-4d60-8e6a-a92021b75bdc	Core i5-12400F	908f0546-0f34-40e9-99fb-a18fb279e99b	Stream Pro PBI270-07	00ea9f67-58c6-4aba-9822-6c20c65519c6	1	2023-09-22	admin	Расход	788628ad-1ae9-4b55-b976-61d38be2a35c	\N
8df1d458-fce8-4b78-914e-43d3ea6fcd85	Samsung 990 PRO [MZ-V9P1T0BW]	8257fddf-3975-46ac-a980-750f32c1e6d0	Stream Pro PBI270-07	00ea9f67-58c6-4aba-9822-6c20c65519c6	1	2023-09-22	admin	Расход	9b28b48e-a0a0-40f5-94ff-e21956f78fce	\N
67d94899-ab7e-493f-8b36-3bbde00dbf31	Radeon RX 6400	9095b820-4455-4e24-98b5-3c246726d195	Stream Pro PBI270-07	00ea9f67-58c6-4aba-9822-6c20c65519c6	1	2023-09-22	admin	Расход	35a39c93-45dc-4799-b025-6ac0a91cca4c	\N
d7fa8f19-ed3d-4644-aae0-7ff0d5d66cd7	Stream Pro PBI270-07	cc2eba00-290b-4a40-9d9b-d67ffd7e29d3	Stream Pro PBI270-07	00ea9f67-58c6-4aba-9822-6c20c65519c6	1	2023-09-22	admin	Расход	ae07144a-22f7-493c-aa73-ffacf088e8e5	\N
4f8af997-ec95-48d4-a690-683b8f3f2735	AMD Radeon R9 Gamer Series	e8e07a3b-dcfd-4a4c-ba7b-3675f6f2ce4a	Stream Pro PBI270-07	bb826baf-7d77-4874-96da-ff3b7f58adc1	1	2023-09-22	admin	Расход	527fada8-2627-4c49-bbf6-723bbf196e2e	\N
ee96f0ec-fc79-404a-b817-5d599c14bd21	Core i5-12400F	908f0546-0f34-40e9-99fb-a18fb279e99b	Stream Pro PBI270-07	bb826baf-7d77-4874-96da-ff3b7f58adc1	1	2023-09-22	admin	Расход	788628ad-1ae9-4b55-b976-61d38be2a35c	\N
a5c8a454-f84f-4f96-a2f8-448e00868638	Radeon RX 6400	9095b820-4455-4e24-98b5-3c246726d195	Stream Pro PBI270-07	bb826baf-7d77-4874-96da-ff3b7f58adc1	1	2023-09-22	admin	Расход	35a39c93-45dc-4799-b025-6ac0a91cca4c	\N
a241259f-187a-468f-bf33-6ad65e895ea7	Samsung 990 PRO [MZ-V9P1T0BW]	8257fddf-3975-46ac-a980-750f32c1e6d0	Stream Pro PBI270-07	bb826baf-7d77-4874-96da-ff3b7f58adc1	1	2023-09-22	admin	Расход	9b28b48e-a0a0-40f5-94ff-e21956f78fce	\N
4967d5f3-937c-41ba-8817-d5d89a6fdd48	Stream Pro PBI270-07	cc2eba00-290b-4a40-9d9b-d67ffd7e29d3	Stream Pro PBI270-07	bb826baf-7d77-4874-96da-ff3b7f58adc1	1	2023-09-22	admin	Расход	ae07144a-22f7-493c-aa73-ffacf088e8e5	\N
7cdb9d7a-9eb3-4ae9-92c9-ad8fead15fed	AMD Radeon R9 Gamer Series	e8e07a3b-dcfd-4a4c-ba7b-3675f6f2ce4a	Stream Pro PBI270-07	f6285e42-d067-4551-8696-9c858782b60a	1	2023-09-22	admin	Расход	527fada8-2627-4c49-bbf6-723bbf196e2e	\N
8dbea83a-99b3-42b1-98f6-c4df9c58a51f	Core i5-12400F	908f0546-0f34-40e9-99fb-a18fb279e99b	Stream Pro PBI270-07	f6285e42-d067-4551-8696-9c858782b60a	1	2023-09-22	admin	Расход	788628ad-1ae9-4b55-b976-61d38be2a35c	\N
ddc9e70b-4222-4254-9c66-6b89c8803eb8	Radeon RX 6400	9095b820-4455-4e24-98b5-3c246726d195	Stream Pro PBI270-07	f6285e42-d067-4551-8696-9c858782b60a	1	2023-09-22	admin	Расход	35a39c93-45dc-4799-b025-6ac0a91cca4c	\N
0f8f9a98-f167-48e8-8ba1-4a900e1ca5c0	Samsung 990 PRO [MZ-V9P1T0BW]	8257fddf-3975-46ac-a980-750f32c1e6d0	Stream Pro PBI270-07	f6285e42-d067-4551-8696-9c858782b60a	1	2023-09-22	admin	Расход	9b28b48e-a0a0-40f5-94ff-e21956f78fce	\N
f09ecc72-a31f-4cf2-a507-3ac95f84393c	Stream Pro PBI270-07	cc2eba00-290b-4a40-9d9b-d67ffd7e29d3	Stream Pro PBI270-07	f6285e42-d067-4551-8696-9c858782b60a	1	2023-09-22	admin	Расход	ae07144a-22f7-493c-aa73-ffacf088e8e5	\N
5dbd9971-9844-4c96-811d-42712965cda0	AMD Radeon R9 Gamer Series	e8e07a3b-dcfd-4a4c-ba7b-3675f6f2ce4a	Stream Pro PBI270-07	b432f9e9-7612-4abc-af5f-bc1d1ad66d17	1	2023-09-22	admin	Расход	527fada8-2627-4c49-bbf6-723bbf196e2e	\N
a3b91877-9e88-4cd3-88da-74c6824a43df	Core i5-12400F	908f0546-0f34-40e9-99fb-a18fb279e99b	Stream Pro PBI270-07	b432f9e9-7612-4abc-af5f-bc1d1ad66d17	1	2023-09-22	admin	Расход	788628ad-1ae9-4b55-b976-61d38be2a35c	\N
e405e43d-49df-4e90-995d-cd4e79c2950f	Radeon RX 6400	9095b820-4455-4e24-98b5-3c246726d195	Stream Pro PBI270-07	b432f9e9-7612-4abc-af5f-bc1d1ad66d17	1	2023-09-22	admin	Расход	35a39c93-45dc-4799-b025-6ac0a91cca4c	\N
bdb17e76-a88a-4880-9cab-699d135acba9	Stream Pro PBI270-07	cc2eba00-290b-4a40-9d9b-d67ffd7e29d3	Stream Pro PBI270-07	b432f9e9-7612-4abc-af5f-bc1d1ad66d17	1	2023-09-22	admin	Расход	ae07144a-22f7-493c-aa73-ffacf088e8e5	\N
09175a69-6216-4644-a479-562847b04893	Core i5-12400F	908f0546-0f34-40e9-99fb-a18fb279e99b	Stream Pro PBI270-07	e59ad221-b6d1-4f6d-b6ec-e2406a48aacc	1	2023-09-22	admin	Расход	788628ad-1ae9-4b55-b976-61d38be2a35c	\N
ecf2750a-0afe-4ceb-8d01-e38327913fc7	Radeon RX 6400	9095b820-4455-4e24-98b5-3c246726d195	Stream Pro PBI270-07	e59ad221-b6d1-4f6d-b6ec-e2406a48aacc	1	2023-09-22	admin	Расход	35a39c93-45dc-4799-b025-6ac0a91cca4c	\N
c9cea8a7-1ca2-46d1-a1b3-02737d8211d4	Stream Pro PBI270-07	cc2eba00-290b-4a40-9d9b-d67ffd7e29d3	Stream Pro PBI270-07	e59ad221-b6d1-4f6d-b6ec-e2406a48aacc	1	2023-09-22	admin	Расход	ae07144a-22f7-493c-aa73-ffacf088e8e5	\N
48088739-7143-4faa-8635-64044ccd178d	AMD Radeon R9 Gamer Series	e8e07a3b-dcfd-4a4c-ba7b-3675f6f2ce4a	Stream Pro PBI270-07	d73d21ef-17bb-4c7e-b9c6-07f8219356c3	1	2023-09-22	admin	Расход	527fada8-2627-4c49-bbf6-723bbf196e2e	\N
7da312a3-ed8a-4086-878b-234a6c712bd4	Core i5-12400F	908f0546-0f34-40e9-99fb-a18fb279e99b	Stream Pro PBI270-07	d73d21ef-17bb-4c7e-b9c6-07f8219356c3	1	2023-09-22	admin	Расход	788628ad-1ae9-4b55-b976-61d38be2a35c	\N
13eba0c4-7900-4a05-96ad-a16894202cb4	Radeon RX 6400	9095b820-4455-4e24-98b5-3c246726d195	Stream Pro PBI270-07	d73d21ef-17bb-4c7e-b9c6-07f8219356c3	1	2023-09-22	admin	Расход	35a39c93-45dc-4799-b025-6ac0a91cca4c	\N
02d42191-1a61-4ebd-9ece-c56eda889b4c	Samsung 990 PRO [MZ-V9P1T0BW]	8257fddf-3975-46ac-a980-750f32c1e6d0	Stream Pro PBI270-07	d73d21ef-17bb-4c7e-b9c6-07f8219356c3	1	2023-09-22	admin	Расход	9b28b48e-a0a0-40f5-94ff-e21956f78fce	\N
798dfdca-7b61-47fa-918e-d7f00868a5e8	Stream Pro PBI270-07	cc2eba00-290b-4a40-9d9b-d67ffd7e29d3	Stream Pro PBI270-07	d73d21ef-17bb-4c7e-b9c6-07f8219356c3	1	2023-09-22	admin	Расход	ae07144a-22f7-493c-aa73-ffacf088e8e5	\N
e283f26c-5fed-4a40-8b8e-82a742ed4102	Samsung 990 PRO [MZ-V9P1T0BW]	8257fddf-3975-46ac-a980-750f32c1e6d0	Stream Pro PBI270-07	dbe23643-0639-43e8-b906-b7af89727bd1	1	2023-09-22	admin	Расход	9b28b48e-a0a0-40f5-94ff-e21956f78fce	\N
f84ed59b-458a-4ef6-b85e-d4044e0fd317	Samsung 990 PRO [MZ-V9P1T0BW]	8257fddf-3975-46ac-a980-750f32c1e6d0	Stream Pro PBI270-07	b432f9e9-7612-4abc-af5f-bc1d1ad66d17	1	2023-09-22	admin	Расход	9b28b48e-a0a0-40f5-94ff-e21956f78fce	\N
12098285-68b8-46fc-b9cd-f1312bdd1ca9	AMD Radeon R9 Gamer Series	e8e07a3b-dcfd-4a4c-ba7b-3675f6f2ce4a	Stream Pro PBI270-07	e59ad221-b6d1-4f6d-b6ec-e2406a48aacc	1	2023-09-22	admin	Расход	527fada8-2627-4c49-bbf6-723bbf196e2e	\N
961bcda5-cb74-4049-8312-716c1c1b5125	Samsung 990 PRO [MZ-V9P1T0BW]	8257fddf-3975-46ac-a980-750f32c1e6d0	Stream Pro PBI270-07	e59ad221-b6d1-4f6d-b6ec-e2406a48aacc	1	2023-09-22	admin	Расход	9b28b48e-a0a0-40f5-94ff-e21956f78fce	\N
e7156a43-dc5d-4d61-8881-bcd384670a4c	AMD Radeon R9 Gamer Series	e8e07a3b-dcfd-4a4c-ba7b-3675f6f2ce4a	Stream Pro PBI270-07	dbe23643-0639-43e8-b906-b7af89727bd1	1	2023-09-22	admin	Расход	527fada8-2627-4c49-bbf6-723bbf196e2e	\N
43e33acd-7183-4f55-b1dd-59caf76628a6	Radeon RX 6400	9095b820-4455-4e24-98b5-3c246726d195	Stream Pro PBI270-07	dbe23643-0639-43e8-b906-b7af89727bd1	1	2023-09-22	admin	Расход	35a39c93-45dc-4799-b025-6ac0a91cca4c	\N
0e713913-211b-4ec5-beb1-5892bd0a8bb2	Stream Pro PBI270-07	cc2eba00-290b-4a40-9d9b-d67ffd7e29d3	Stream Pro PBI270-07	dbe23643-0639-43e8-b906-b7af89727bd1	1	2023-09-22	admin	Расход	ae07144a-22f7-493c-aa73-ffacf088e8e5	\N
7340658a-f73d-45e2-98ef-8f2c9163d096	Core i5-12400F	908f0546-0f34-40e9-99fb-a18fb279e99b	Stream Pro PBI270-07	dbe23643-0639-43e8-b906-b7af89727bd1	1	2023-09-22	admin	Расход	788628ad-1ae9-4b55-b976-61d38be2a35c	\N
ec910d88-de7b-4479-8891-e64ea438552e	ASUS M3700WYAK-WA004M Full HD (1920x1080)	976e255c-e493-48df-bed2-e90d0a0c1290	\N	\N	10	2023-09-25	admin	Приход	ae07144a-22f7-493c-aa73-ffacf088e8e5	\N
f9d9bf90-27ac-425a-b375-b17150b065bb	AMD Radeon R9 Gamer Series	e8e07a3b-dcfd-4a4c-ba7b-3675f6f2ce4a	\N	\N	10	2023-09-25	admin	Приход	527fada8-2627-4c49-bbf6-723bbf196e2e	\N
c6a214a8-3b09-4015-8163-0a0737574217	AMD Radeon R9 Gamer Series	e8e07a3b-dcfd-4a4c-ba7b-3675f6f2ce4a	Stream Pro PBI270-07	00ea9f67-58c6-4aba-9822-6c20c65519c6	1	2023-09-25	admin	Расход	527fada8-2627-4c49-bbf6-723bbf196e2e	\N
66caef98-4bc1-44a9-8854-28a08132ae45	ASUS M3700WYAK-WA004M Full HD (1920x1080)	976e255c-e493-48df-bed2-e90d0a0c1290	ASUS M3700WYAK-WA004M	272bab89-031a-40e4-a0ea-1215b3f91d29	1	2023-09-25	admin	Расход	ae07144a-22f7-493c-aa73-ffacf088e8e5	\N
ea212f64-8b1f-4eab-9097-bb2339e4e07a	AMD Radeon R9 Gamer Series	e8e07a3b-dcfd-4a4c-ba7b-3675f6f2ce4a	ASUS M3700WYAK-WA004M	1ea06e93-c567-463e-8341-f4dbf0b6d450	1	2023-09-25	admin	Расход	527fada8-2627-4c49-bbf6-723bbf196e2e	\N
8599113a-712a-48a1-a3f5-cabd69aab28c	ASUS M3700WYAK-WA004M Full HD (1920x1080)	976e255c-e493-48df-bed2-e90d0a0c1290	ASUS M3700WYAK-WA004M	1ea06e93-c567-463e-8341-f4dbf0b6d450	1	2023-09-25	admin	Расход	ae07144a-22f7-493c-aa73-ffacf088e8e5	\N
09b071f7-5ec0-4ba3-a191-89b5b8215ad5	Ryzen 7 5825U	ba15854d-f290-420a-894b-535f0b1e615f	ASUS M3700WYAK-WA004M	1ea06e93-c567-463e-8341-f4dbf0b6d450	1	2023-09-25	admin	Расход	788628ad-1ae9-4b55-b976-61d38be2a35c	\N
9bc50182-adfc-4a6d-9fd2-1fb7435f5b07	Samsung 990 PRO [MZ-V9P1T0BW]	8257fddf-3975-46ac-a980-750f32c1e6d0	ASUS M3700WYAK-WA004M	1ea06e93-c567-463e-8341-f4dbf0b6d450	1	2023-09-25	admin	Расход	9b28b48e-a0a0-40f5-94ff-e21956f78fce	\N
83258e7b-ffc9-49bb-8f58-f35d6b261d46	ASUS M3700WYAK-WA004M Full HD (1920x1080)	976e255c-e493-48df-bed2-e90d0a0c1290	ASUS M3700WYAK-WA004M	1eb90d81-392e-4614-a2b0-724672d2348f	1	2023-09-25	admin	Расход	ae07144a-22f7-493c-aa73-ffacf088e8e5	\N
ecbf7aa6-3043-451d-920e-b3832d6a6866	Ryzen 7 5825U	ba15854d-f290-420a-894b-535f0b1e615f	ASUS M3700WYAK-WA004M	1eb90d81-392e-4614-a2b0-724672d2348f	1	2023-09-25	admin	Расход	788628ad-1ae9-4b55-b976-61d38be2a35c	\N
eb64b6ca-88a3-4263-80f5-6f55933e9239	Samsung 990 PRO [MZ-V9P1T0BW]	8257fddf-3975-46ac-a980-750f32c1e6d0	ASUS M3700WYAK-WA004M	1eb90d81-392e-4614-a2b0-724672d2348f	1	2023-09-25	admin	Расход	9b28b48e-a0a0-40f5-94ff-e21956f78fce	\N
74453240-3bd3-4a10-bc6c-91eb3fa6ee49	AMD Radeon R9 Gamer Series	e8e07a3b-dcfd-4a4c-ba7b-3675f6f2ce4a	ASUS M3700WYAK-WA004M	272bab89-031a-40e4-a0ea-1215b3f91d29	1	2023-09-25	admin	Расход	527fada8-2627-4c49-bbf6-723bbf196e2e	\N
465af013-23d5-4ebf-8d34-e9db018fa276	Ryzen 7 5825U	ba15854d-f290-420a-894b-535f0b1e615f	ASUS M3700WYAK-WA004M	272bab89-031a-40e4-a0ea-1215b3f91d29	1	2023-09-25	admin	Расход	788628ad-1ae9-4b55-b976-61d38be2a35c	\N
5034001c-05c2-45a3-ba67-5722c8364b56	Samsung 990 PRO [MZ-V9P1T0BW]	8257fddf-3975-46ac-a980-750f32c1e6d0	ASUS M3700WYAK-WA004M	272bab89-031a-40e4-a0ea-1215b3f91d29	1	2023-09-25	admin	Расход	9b28b48e-a0a0-40f5-94ff-e21956f78fce	\N
717f4565-6bd7-4271-ac01-c1af5b0cadd9	AMD Radeon R9 Gamer Series	e8e07a3b-dcfd-4a4c-ba7b-3675f6f2ce4a	ASUS M3700WYAK-WA004M	1eb90d81-392e-4614-a2b0-724672d2348f	1	2023-09-25	admin	Расход	527fada8-2627-4c49-bbf6-723bbf196e2e	\N
85a9af5d-a4d3-4f57-a0d8-b0f8e7d581cf	AMD Radeon R9 Gamer Series	e8e07a3b-dcfd-4a4c-ba7b-3675f6f2ce4a	ASUS M3700WYAK-WA004M	927b7c56-e43b-4e3e-9492-e8f939d8bf53	1	2023-09-25	admin	Расход	527fada8-2627-4c49-bbf6-723bbf196e2e	\N
eb1630f6-7ab0-4298-9815-175429fd4b5f	ASUS M3700WYAK-WA004M Full HD (1920x1080)	976e255c-e493-48df-bed2-e90d0a0c1290	ASUS M3700WYAK-WA004M	927b7c56-e43b-4e3e-9492-e8f939d8bf53	1	2023-09-25	admin	Расход	ae07144a-22f7-493c-aa73-ffacf088e8e5	
b52b2ee0-d17c-4069-8fd7-73f1f57c9379	AMD Radeon R9 Gamer Series	e8e07a3b-dcfd-4a4c-ba7b-3675f6f2ce4a	ASUS M3700WYAK-WA004M	ddcd9e87-c9f4-46e2-a251-a0ee30662af9	1	2023-09-25	admin	Расход	527fada8-2627-4c49-bbf6-723bbf196e2e	\N
ffc37b0c-4865-4d49-8e86-35514277412f	Ryzen 7 5825U	ba15854d-f290-420a-894b-535f0b1e615f	ASUS M3700WYAK-WA004M	927b7c56-e43b-4e3e-9492-e8f939d8bf53	1	2023-09-25	admin	Расход	788628ad-1ae9-4b55-b976-61d38be2a35c	
1a48cc3b-fb66-44d4-a762-eb5d1bdfbc0a	Samsung 990 PRO [MZ-V9P1T0BW]	8257fddf-3975-46ac-a980-750f32c1e6d0	ASUS M3700WYAK-WA004M	927b7c56-e43b-4e3e-9492-e8f939d8bf53	1	2023-09-25	admin	Расход	9b28b48e-a0a0-40f5-94ff-e21956f78fce	
b8db6acc-f781-43a0-9d62-d848dc745ef7	ASUS M3700WYAK-WA004M Full HD (1920x1080)	976e255c-e493-48df-bed2-e90d0a0c1290	ASUS M3700WYAK-WA004M	ddcd9e87-c9f4-46e2-a251-a0ee30662af9	1	2023-09-25	admin	Расход	ae07144a-22f7-493c-aa73-ffacf088e8e5	\N
80c9005b-98c2-41ac-b524-5de5fb196297	Ryzen 7 5825U	ba15854d-f290-420a-894b-535f0b1e615f	ASUS M3700WYAK-WA004M	ddcd9e87-c9f4-46e2-a251-a0ee30662af9	1	2023-09-25	admin	Расход	788628ad-1ae9-4b55-b976-61d38be2a35c	\N
03ba58bf-1fc5-4aa6-bf47-441e1c486bf6	Samsung 990 PRO [MZ-V9P1T0BW]	8257fddf-3975-46ac-a980-750f32c1e6d0	ASUS M3700WYAK-WA004M	ddcd9e87-c9f4-46e2-a251-a0ee30662af9	1	2023-09-25	admin	Расход	9b28b48e-a0a0-40f5-94ff-e21956f78fce	\N
2a0c66d6-5b1c-485f-81b2-f7c8a5a38e51	AMD Radeon R9 Gamer Series	e8e07a3b-dcfd-4a4c-ba7b-3675f6f2ce4a	ASUS M3700WYAK-WA004M	cdb726ef-149b-4c33-9a69-dd4f31f40eaa	1	2023-09-25	admin	Расход	527fada8-2627-4c49-bbf6-723bbf196e2e	\N
ae520328-f1d4-4097-8a98-b3d5f2a61d41	ASUS M3700WYAK-WA004M Full HD (1920x1080)	976e255c-e493-48df-bed2-e90d0a0c1290	ASUS M3700WYAK-WA004M	cdb726ef-149b-4c33-9a69-dd4f31f40eaa	1	2023-09-25	admin	Расход	ae07144a-22f7-493c-aa73-ffacf088e8e5	\N
52167483-063f-44f0-9020-7abe569b7290	Ryzen 7 5825U	ba15854d-f290-420a-894b-535f0b1e615f	ASUS M3700WYAK-WA004M	cdb726ef-149b-4c33-9a69-dd4f31f40eaa	1	2023-09-25	admin	Расход	788628ad-1ae9-4b55-b976-61d38be2a35c	\N
399146fe-fff2-4063-8f17-f133abe25bf3	Samsung 990 PRO [MZ-V9P1T0BW]	8257fddf-3975-46ac-a980-750f32c1e6d0	ASUS M3700WYAK-WA004M	cdb726ef-149b-4c33-9a69-dd4f31f40eaa	1	2023-09-25	admin	Расход	9b28b48e-a0a0-40f5-94ff-e21956f78fce	\N
5b0db0da-2809-4824-8ae7-9d0cb2c6357a	AMD Radeon R9 Gamer Series	e8e07a3b-dcfd-4a4c-ba7b-3675f6f2ce4a	ASUS M3700WYAK-WA004M	17de2277-dfdd-422d-a28d-2e7b817845fe	1	2023-09-25	admin	Расход	527fada8-2627-4c49-bbf6-723bbf196e2e	\N
c4aff300-3c51-44e5-877a-7f5b0e03b38a	ASUS M3700WYAK-WA004M Full HD (1920x1080)	976e255c-e493-48df-bed2-e90d0a0c1290	ASUS M3700WYAK-WA004M	17de2277-dfdd-422d-a28d-2e7b817845fe	1	2023-09-25	admin	Расход	ae07144a-22f7-493c-aa73-ffacf088e8e5	\N
9eb8b2cd-69e5-4bf6-823c-83f22f66416e	Ryzen 7 5825U	ba15854d-f290-420a-894b-535f0b1e615f	ASUS M3700WYAK-WA004M	17de2277-dfdd-422d-a28d-2e7b817845fe	1	2023-09-25	admin	Расход	788628ad-1ae9-4b55-b976-61d38be2a35c	\N
90882bab-7a6d-4ee8-bbae-2bf89d6c90fd	Samsung 990 PRO [MZ-V9P1T0BW]	8257fddf-3975-46ac-a980-750f32c1e6d0	ASUS M3700WYAK-WA004M	17de2277-dfdd-422d-a28d-2e7b817845fe	1	2023-09-25	admin	Расход	9b28b48e-a0a0-40f5-94ff-e21956f78fce	\N
0841f9b0-1b98-4e2e-8805-01506651fc3a	AMD Radeon R9 Gamer Series	e8e07a3b-dcfd-4a4c-ba7b-3675f6f2ce4a	ASUS M3700WYAK-WA004M	6f1679c5-614a-4d7c-b645-6f0055684c01	1	2023-09-25	admin	Расход	527fada8-2627-4c49-bbf6-723bbf196e2e	\N
cfa6ba67-29ec-4a5d-a150-7482b9da5054	ASUS M3700WYAK-WA004M Full HD (1920x1080)	976e255c-e493-48df-bed2-e90d0a0c1290	ASUS M3700WYAK-WA004M	6f1679c5-614a-4d7c-b645-6f0055684c01	1	2023-09-25	admin	Расход	ae07144a-22f7-493c-aa73-ffacf088e8e5	\N
ae72d5e7-8c91-4446-a8a5-a8f278b616c6	Ryzen 7 5825U	ba15854d-f290-420a-894b-535f0b1e615f	ASUS M3700WYAK-WA004M	6f1679c5-614a-4d7c-b645-6f0055684c01	1	2023-09-25	admin	Расход	788628ad-1ae9-4b55-b976-61d38be2a35c	\N
eebf01d0-e5d6-4a4a-af4b-4d732daad9ef	Samsung 990 PRO [MZ-V9P1T0BW]	8257fddf-3975-46ac-a980-750f32c1e6d0	ASUS M3700WYAK-WA004M	6f1679c5-614a-4d7c-b645-6f0055684c01	1	2023-09-25	admin	Расход	9b28b48e-a0a0-40f5-94ff-e21956f78fce	\N
6e776878-592e-4615-90ac-c68bcf752831	AMD Radeon R9 Gamer Series	e8e07a3b-dcfd-4a4c-ba7b-3675f6f2ce4a	ASUS M3700WYAK-WA004M	1dcd57bd-8aba-4533-98a1-b781578e6920	1	2023-09-25	admin	Расход	527fada8-2627-4c49-bbf6-723bbf196e2e	\N
30c8193c-c14b-4486-bfed-cbdc2c7dd750	ASUS M3700WYAK-WA004M Full HD (1920x1080)	976e255c-e493-48df-bed2-e90d0a0c1290	ASUS M3700WYAK-WA004M	1dcd57bd-8aba-4533-98a1-b781578e6920	1	2023-09-25	admin	Расход	ae07144a-22f7-493c-aa73-ffacf088e8e5	\N
90e9dea6-c167-4855-8428-f6aec13f3b47	Ryzen 7 5825U	ba15854d-f290-420a-894b-535f0b1e615f	ASUS M3700WYAK-WA004M	1dcd57bd-8aba-4533-98a1-b781578e6920	1	2023-09-25	admin	Расход	788628ad-1ae9-4b55-b976-61d38be2a35c	\N
f1580b9d-ae91-45bb-8882-d53e1267706d	Samsung 990 PRO [MZ-V9P1T0BW]	8257fddf-3975-46ac-a980-750f32c1e6d0	ASUS M3700WYAK-WA004M	1dcd57bd-8aba-4533-98a1-b781578e6920	1	2023-09-25	admin	Расход	9b28b48e-a0a0-40f5-94ff-e21956f78fce	\N
8f3e2aac-53e7-4bb3-88ce-33da59f25e5f	AMD Radeon R9 Gamer Series	e8e07a3b-dcfd-4a4c-ba7b-3675f6f2ce4a	ASUS M3700WYAK-WA004M	f451ac22-50ab-4a07-8c7c-6aad79cb410f	1	2023-09-25	admin	Расход	527fada8-2627-4c49-bbf6-723bbf196e2e	\N
63359d7c-995a-4767-9146-02cc90942425	ASUS M3700WYAK-WA004M Full HD (1920x1080)	976e255c-e493-48df-bed2-e90d0a0c1290	ASUS M3700WYAK-WA004M	f451ac22-50ab-4a07-8c7c-6aad79cb410f	1	2023-09-25	admin	Расход	ae07144a-22f7-493c-aa73-ffacf088e8e5	\N
1d340843-f783-4404-b32d-a3e30dc86dec	Ryzen 7 5825U	ba15854d-f290-420a-894b-535f0b1e615f	ASUS M3700WYAK-WA004M	f451ac22-50ab-4a07-8c7c-6aad79cb410f	1	2023-09-25	admin	Расход	788628ad-1ae9-4b55-b976-61d38be2a35c	\N
585d7da6-e318-496d-a1a9-a1a81777d37d	Samsung 990 PRO [MZ-V9P1T0BW]	8257fddf-3975-46ac-a980-750f32c1e6d0	ASUS M3700WYAK-WA004M	f451ac22-50ab-4a07-8c7c-6aad79cb410f	1	2023-09-25	admin	Расход	9b28b48e-a0a0-40f5-94ff-e21956f78fce	\N
6729e79a-c821-4863-8c81-3f988160e810	MSI PRO AP272 13M-423XRU	da526b48-52a8-4529-a0a9-8dfab92357e3	\N	\N	10	2023-09-25	admin	Приход	ae07144a-22f7-493c-aa73-ffacf088e8e5	\N
0071d8d3-0654-4ea3-a43c-a77c4f31f696	Samsung 980 [MZ-V8V250BW]	831751e4-6ded-4071-8d0d-8b067bb56e06	\N	\N	10	2023-09-25	admin	Приход	9b28b48e-a0a0-40f5-94ff-e21956f78fce	\N
92640f6a-3936-458d-9de2-56bd3a8ce35d	AMD Radeon R9 Gamer Series [R9S48G3206U2S]	f669e040-67d0-41d9-aa4a-e8f5fe4d6a56	\N	\N	10	2023-09-25	admin	Приход	527fada8-2627-4c49-bbf6-723bbf196e2e	\N
0b279545-e331-484b-b35c-0fe5c8f77494	Core i3-13100	e7c85c95-3990-47c1-9566-f67e1983ab16	\N	\N	10	2023-09-25	admin	Приход	788628ad-1ae9-4b55-b976-61d38be2a35c	\N
b28519a0-64bb-4bcb-bc92-3cbe81f4b338	AMD Radeon R9 Gamer Series [R9S48G3206U2S]	f669e040-67d0-41d9-aa4a-e8f5fe4d6a56	MSI PRO AP272 13M-423XRU	a76a289a-d9d2-44e7-ba8d-8c8a30221bcd	1	2023-09-25	admin	Расход	527fada8-2627-4c49-bbf6-723bbf196e2e	\N
d4e64831-5ce1-4af4-bd7b-25e694232941	Core i3-13100	e7c85c95-3990-47c1-9566-f67e1983ab16	MSI PRO AP272 13M-423XRU	a76a289a-d9d2-44e7-ba8d-8c8a30221bcd	1	2023-09-25	admin	Расход	788628ad-1ae9-4b55-b976-61d38be2a35c	\N
9594cd4a-bb32-4aa5-9762-fc337ed9040a	MSI PRO AP272 13M-423XRU	da526b48-52a8-4529-a0a9-8dfab92357e3	MSI PRO AP272 13M-423XRU	a76a289a-d9d2-44e7-ba8d-8c8a30221bcd	1	2023-09-25	admin	Расход	ae07144a-22f7-493c-aa73-ffacf088e8e5	\N
8f0151b1-a9a8-406b-9fb5-bf2c570f0bcc	Samsung 980 [MZ-V8V250BW]	831751e4-6ded-4071-8d0d-8b067bb56e06	MSI PRO AP272 13M-423XRU	a76a289a-d9d2-44e7-ba8d-8c8a30221bcd	1	2023-09-25	admin	Расход	9b28b48e-a0a0-40f5-94ff-e21956f78fce	\N
901b3f0a-7dff-49ec-b496-e925b6d8e016	AMD Radeon R9 Gamer Series 1X8	f669e040-67d0-41d9-aa4a-e8f5fe4d6a56	MSI PRO AP272 13M-423XRU	a8eda637-cdf0-45b0-8ee3-610ef0f0d1c7	1	2023-09-25	admin	Расход	527fada8-2627-4c49-bbf6-723bbf196e2e	\N
f1c55292-1166-4072-b060-8c439d5b6dc8	Core i3-13100	e7c85c95-3990-47c1-9566-f67e1983ab16	MSI PRO AP272 13M-423XRU	a8eda637-cdf0-45b0-8ee3-610ef0f0d1c7	1	2023-09-25	admin	Расход	788628ad-1ae9-4b55-b976-61d38be2a35c	\N
814938d6-0edf-4453-bc8c-304930d56163	MSI PRO AP272 13M-423XRU	da526b48-52a8-4529-a0a9-8dfab92357e3	MSI PRO AP272 13M-423XRU	a8eda637-cdf0-45b0-8ee3-610ef0f0d1c7	1	2023-09-25	admin	Расход	ae07144a-22f7-493c-aa73-ffacf088e8e5	\N
7b637f9a-57f6-4343-bdbc-f434d7253a55	Samsung 980 [MZ-V8V250BW]	831751e4-6ded-4071-8d0d-8b067bb56e06	MSI PRO AP272 13M-423XRU	a8eda637-cdf0-45b0-8ee3-610ef0f0d1c7	1	2023-09-25	admin	Расход	9b28b48e-a0a0-40f5-94ff-e21956f78fce	\N
eca23609-8581-48e2-9ce4-b27ba26154ea	AMD Radeon R9 Gamer Series 1X8	f669e040-67d0-41d9-aa4a-e8f5fe4d6a56	MSI PRO AP272 13M-423XRU	5b7b5d5b-7e7a-40e4-82d8-980e6bf3ab06	1	2023-09-25	admin	Расход	527fada8-2627-4c49-bbf6-723bbf196e2e	\N
d3739e74-7054-46cb-bf64-97f67cdf4c2a	Core i3-13100	e7c85c95-3990-47c1-9566-f67e1983ab16	MSI PRO AP272 13M-423XRU	5b7b5d5b-7e7a-40e4-82d8-980e6bf3ab06	1	2023-09-25	admin	Расход	788628ad-1ae9-4b55-b976-61d38be2a35c	\N
4241fe58-ca2b-49dc-97d9-231c03488c34	MSI PRO AP272 13M-423XRU	da526b48-52a8-4529-a0a9-8dfab92357e3	MSI PRO AP272 13M-423XRU	5b7b5d5b-7e7a-40e4-82d8-980e6bf3ab06	1	2023-09-25	admin	Расход	ae07144a-22f7-493c-aa73-ffacf088e8e5	\N
78431fbd-c195-49f0-8143-dcaf4f9daf76	Samsung 980 [MZ-V8V250BW]	831751e4-6ded-4071-8d0d-8b067bb56e06	MSI PRO AP272 13M-423XRU	5b7b5d5b-7e7a-40e4-82d8-980e6bf3ab06	1	2023-09-25	admin	Расход	9b28b48e-a0a0-40f5-94ff-e21956f78fce	\N
375e356c-d2f1-4c9d-ac82-561b4d511c58	AMD Radeon R9 Gamer Series 1X8	f669e040-67d0-41d9-aa4a-e8f5fe4d6a56	MSI PRO AP272 13M-423XRU	20b46e15-b3f6-47cc-9080-9c54d883265e	1	2023-09-25	admin	Расход	527fada8-2627-4c49-bbf6-723bbf196e2e	\N
40d98a65-1b35-460d-9e03-e215015b5c87	Core i3-13100	e7c85c95-3990-47c1-9566-f67e1983ab16	MSI PRO AP272 13M-423XRU	20b46e15-b3f6-47cc-9080-9c54d883265e	1	2023-09-25	admin	Расход	788628ad-1ae9-4b55-b976-61d38be2a35c	\N
8cb41040-bedc-4482-880f-9bc1f830b447	MSI PRO AP272 13M-423XRU	da526b48-52a8-4529-a0a9-8dfab92357e3	MSI PRO AP272 13M-423XRU	20b46e15-b3f6-47cc-9080-9c54d883265e	1	2023-09-25	admin	Расход	ae07144a-22f7-493c-aa73-ffacf088e8e5	\N
01ce97c2-375e-4513-85a7-a30689a64c62	Samsung 980 [MZ-V8V250BW]	831751e4-6ded-4071-8d0d-8b067bb56e06	MSI PRO AP272 13M-423XRU	20b46e15-b3f6-47cc-9080-9c54d883265e	1	2023-09-25	admin	Расход	9b28b48e-a0a0-40f5-94ff-e21956f78fce	\N
0a1938b9-666c-4365-a230-beb1f13a5ddf	AMD Radeon R9 Gamer Series 1X8	f669e040-67d0-41d9-aa4a-e8f5fe4d6a56	MSI PRO AP272 13M-423XRU	15fb25de-153b-4fec-ace2-21ec236d3c72	1	2023-09-25	admin	Расход	527fada8-2627-4c49-bbf6-723bbf196e2e	\N
cf1f62a5-eea5-4e94-a67d-0d2d29fa9e31	Core i3-13100	e7c85c95-3990-47c1-9566-f67e1983ab16	MSI PRO AP272 13M-423XRU	15fb25de-153b-4fec-ace2-21ec236d3c72	1	2023-09-25	admin	Расход	788628ad-1ae9-4b55-b976-61d38be2a35c	\N
47ca2f85-d6a9-40d6-b0ed-d93bae8a0ed1	MSI PRO AP272 13M-423XRU	da526b48-52a8-4529-a0a9-8dfab92357e3	MSI PRO AP272 13M-423XRU	15fb25de-153b-4fec-ace2-21ec236d3c72	1	2023-09-25	admin	Расход	ae07144a-22f7-493c-aa73-ffacf088e8e5	\N
d7784ce3-9ef2-4cf7-be73-5526ad59c085	Samsung 980 [MZ-V8V250BW]	831751e4-6ded-4071-8d0d-8b067bb56e06	MSI PRO AP272 13M-423XRU	15fb25de-153b-4fec-ace2-21ec236d3c72	1	2023-09-25	admin	Расход	9b28b48e-a0a0-40f5-94ff-e21956f78fce	\N
8b9509e7-29ec-46dd-9eda-d35155de6158	AMD Radeon R9 Gamer Series 1X8	f669e040-67d0-41d9-aa4a-e8f5fe4d6a56	MSI PRO AP272 13M-423XRU	246427b4-aa5f-43a7-ab99-c19191c594a7	1	2023-09-25	admin	Расход	527fada8-2627-4c49-bbf6-723bbf196e2e	\N
795e2a52-f98c-49cc-997b-2a3f061f7bc7	Core i3-13100	e7c85c95-3990-47c1-9566-f67e1983ab16	MSI PRO AP272 13M-423XRU	246427b4-aa5f-43a7-ab99-c19191c594a7	1	2023-09-25	admin	Расход	788628ad-1ae9-4b55-b976-61d38be2a35c	\N
57eb1db3-72ff-44f4-bfa7-9b284d09fe84	MSI PRO AP272 13M-423XRU	da526b48-52a8-4529-a0a9-8dfab92357e3	MSI PRO AP272 13M-423XRU	246427b4-aa5f-43a7-ab99-c19191c594a7	1	2023-09-25	admin	Расход	ae07144a-22f7-493c-aa73-ffacf088e8e5	\N
8b6a168d-818d-4cd7-be84-e5fc19136675	Samsung 980 [MZ-V8V250BW]	831751e4-6ded-4071-8d0d-8b067bb56e06	MSI PRO AP272 13M-423XRU	246427b4-aa5f-43a7-ab99-c19191c594a7	1	2023-09-25	admin	Расход	9b28b48e-a0a0-40f5-94ff-e21956f78fce	\N
bbae233d-8b87-459c-931e-8b863f994423	AMD Radeon R9 Gamer Series 1X8	f669e040-67d0-41d9-aa4a-e8f5fe4d6a56	MSI PRO AP272 13M-423XRU	d895206a-5174-4b53-8cb3-e5d7e0c891ae	1	2023-09-25	admin	Расход	527fada8-2627-4c49-bbf6-723bbf196e2e	\N
1fec15c9-fc7c-4978-acae-9dca86743359	Core i3-13100	e7c85c95-3990-47c1-9566-f67e1983ab16	MSI PRO AP272 13M-423XRU	d895206a-5174-4b53-8cb3-e5d7e0c891ae	1	2023-09-25	admin	Расход	788628ad-1ae9-4b55-b976-61d38be2a35c	\N
e139f3d1-f61d-4793-82a0-c86c9a275ac5	MSI PRO AP272 13M-423XRU	da526b48-52a8-4529-a0a9-8dfab92357e3	MSI PRO AP272 13M-423XRU	d895206a-5174-4b53-8cb3-e5d7e0c891ae	1	2023-09-25	admin	Расход	ae07144a-22f7-493c-aa73-ffacf088e8e5	\N
b8bb05e5-4b64-4c3b-9689-f68d31eab1d5	Samsung 980 [MZ-V8V250BW]	831751e4-6ded-4071-8d0d-8b067bb56e06	MSI PRO AP272 13M-423XRU	d895206a-5174-4b53-8cb3-e5d7e0c891ae	1	2023-09-25	admin	Расход	9b28b48e-a0a0-40f5-94ff-e21956f78fce	\N
1e44765e-b15f-42cb-8b44-3911d01b275c	AMD Radeon R9 Gamer Series 1X8	f669e040-67d0-41d9-aa4a-e8f5fe4d6a56	MSI PRO AP272 13M-423XRU	26bd3b8c-7497-4d22-a5b7-2129f2fa456b	1	2023-09-25	admin	Расход	527fada8-2627-4c49-bbf6-723bbf196e2e	\N
1775d892-fcee-4852-99a5-70c27732c332	Core i3-13100	e7c85c95-3990-47c1-9566-f67e1983ab16	MSI PRO AP272 13M-423XRU	26bd3b8c-7497-4d22-a5b7-2129f2fa456b	1	2023-09-25	admin	Расход	788628ad-1ae9-4b55-b976-61d38be2a35c	\N
4f743d0f-ca93-4ca1-90ed-afa208df457f	MSI PRO AP272 13M-423XRU	da526b48-52a8-4529-a0a9-8dfab92357e3	MSI PRO AP272 13M-423XRU	26bd3b8c-7497-4d22-a5b7-2129f2fa456b	1	2023-09-25	admin	Расход	ae07144a-22f7-493c-aa73-ffacf088e8e5	\N
67e5e679-9998-4e5b-beed-641d3456cd37	Samsung 980 [MZ-V8V250BW]	831751e4-6ded-4071-8d0d-8b067bb56e06	MSI PRO AP272 13M-423XRU	26bd3b8c-7497-4d22-a5b7-2129f2fa456b	1	2023-09-25	admin	Расход	9b28b48e-a0a0-40f5-94ff-e21956f78fce	\N
b9b1c58b-cd5b-4356-93e6-8c89a7ca421a	AMD Radeon R9 Gamer Series 1X8	f669e040-67d0-41d9-aa4a-e8f5fe4d6a56	MSI PRO AP272 13M-423XRU	dc984f05-fbd9-4ee8-b8ce-c2e3ae54910c	1	2023-09-25	admin	Расход	527fada8-2627-4c49-bbf6-723bbf196e2e	\N
d15cd831-7c98-4cab-a087-fd42c9d8f18c	Core i3-13100	e7c85c95-3990-47c1-9566-f67e1983ab16	MSI PRO AP272 13M-423XRU	dc984f05-fbd9-4ee8-b8ce-c2e3ae54910c	1	2023-09-25	admin	Расход	788628ad-1ae9-4b55-b976-61d38be2a35c	\N
d9d759b0-de88-4063-92e7-46825985eac0	MSI PRO AP272 13M-423XRU	da526b48-52a8-4529-a0a9-8dfab92357e3	MSI PRO AP272 13M-423XRU	dc984f05-fbd9-4ee8-b8ce-c2e3ae54910c	1	2023-09-25	admin	Расход	ae07144a-22f7-493c-aa73-ffacf088e8e5	\N
8ff1f948-de13-4974-a915-2e171e1cde07	Samsung 980 [MZ-V8V250BW]	831751e4-6ded-4071-8d0d-8b067bb56e06	MSI PRO AP272 13M-423XRU	dc984f05-fbd9-4ee8-b8ce-c2e3ae54910c	1	2023-09-25	admin	Расход	9b28b48e-a0a0-40f5-94ff-e21956f78fce	\N
2f1dd8f6-6a0a-4d3e-b15b-93e188b77dbc	AMD Radeon R9 Gamer Series 1X8	f669e040-67d0-41d9-aa4a-e8f5fe4d6a56	MSI PRO AP272 13M-423XRU	f87e42d4-2e98-48e9-8346-450cddf2af94	1	2023-09-25	admin	Расход	527fada8-2627-4c49-bbf6-723bbf196e2e	\N
59394ef1-b0ad-4512-8bfa-97347c119a1a	Core i3-13100	e7c85c95-3990-47c1-9566-f67e1983ab16	MSI PRO AP272 13M-423XRU	f87e42d4-2e98-48e9-8346-450cddf2af94	1	2023-09-25	admin	Расход	788628ad-1ae9-4b55-b976-61d38be2a35c	\N
9f3bc682-d222-4e1a-9623-c2786489557c	MSI PRO AP272 13M-423XRU	da526b48-52a8-4529-a0a9-8dfab92357e3	MSI PRO AP272 13M-423XRU	f87e42d4-2e98-48e9-8346-450cddf2af94	1	2023-09-25	admin	Расход	ae07144a-22f7-493c-aa73-ffacf088e8e5	\N
e78f28dd-2f0e-4bbf-a137-d9fcb6da5ab1	Samsung 980 [MZ-V8V250BW]	831751e4-6ded-4071-8d0d-8b067bb56e06	MSI PRO AP272 13M-423XRU	f87e42d4-2e98-48e9-8346-450cddf2af94	1	2023-09-25	admin	Расход	9b28b48e-a0a0-40f5-94ff-e21956f78fce	\N
1b696175-1497-4e59-9d2a-19675c8ad04c	AMD Radeon R9 Gamer Series 1X8	f669e040-67d0-41d9-aa4a-e8f5fe4d6a56	\N	\N	7	2023-09-25	admin	Приход	527fada8-2627-4c49-bbf6-723bbf196e2e	\N
38e5e3c8-bd65-4239-a3d3-943b0336327a	Core i3-13100	e7c85c95-3990-47c1-9566-f67e1983ab16	\N	\N	7	2023-09-25	admin	Приход	788628ad-1ae9-4b55-b976-61d38be2a35c	\N
f4244c59-b0b1-46d7-a6ec-f676829d47b4	MSI PRO AP272 13M-423XRU	da526b48-52a8-4529-a0a9-8dfab92357e3	\N	\N	7	2023-09-25	admin	Приход	ae07144a-22f7-493c-aa73-ffacf088e8e5	\N
c87d64e3-e948-4cbe-9701-960688755214	Samsung 980 [MZ-V8V250BW]	831751e4-6ded-4071-8d0d-8b067bb56e06	\N	\N	7	2023-09-25	admin	Приход	9b28b48e-a0a0-40f5-94ff-e21956f78fce	\N
63780016-5d01-48ea-afb2-b51cf9b88e9c	AMD Radeon R9 Gamer Series 1X8	f669e040-67d0-41d9-aa4a-e8f5fe4d6a56	MSI PRO AP272 13M-423XRU	bbab85c4-e1a0-445a-afa7-d9af40aa9a9e	1	2023-09-25	admin	Расход	527fada8-2627-4c49-bbf6-723bbf196e2e	\N
80d23739-be3f-4e2e-81aa-12f1d77d6007	Core i3-13100	e7c85c95-3990-47c1-9566-f67e1983ab16	MSI PRO AP272 13M-423XRU	bbab85c4-e1a0-445a-afa7-d9af40aa9a9e	1	2023-09-25	admin	Расход	788628ad-1ae9-4b55-b976-61d38be2a35c	\N
f5b2064b-e699-48cb-82f6-7581c5c9644c	MSI PRO AP272 13M-423XRU	da526b48-52a8-4529-a0a9-8dfab92357e3	MSI PRO AP272 13M-423XRU	bbab85c4-e1a0-445a-afa7-d9af40aa9a9e	1	2023-09-25	admin	Расход	ae07144a-22f7-493c-aa73-ffacf088e8e5	\N
61491e1a-5e7f-4b9e-ba3e-2afac2e82706	Samsung 980 [MZ-V8V250BW]	831751e4-6ded-4071-8d0d-8b067bb56e06	MSI PRO AP272 13M-423XRU	bbab85c4-e1a0-445a-afa7-d9af40aa9a9e	1	2023-09-25	admin	Расход	9b28b48e-a0a0-40f5-94ff-e21956f78fce	\N
bf6d123d-a132-4013-8ce2-d0a9f03ad9cf	AMD Radeon R9 Gamer Series 1X8	f669e040-67d0-41d9-aa4a-e8f5fe4d6a56	MSI PRO AP272 13M-423XRU	7405b41e-7331-4342-a0f7-db52eb8fc11f	1	2023-09-25	admin	Расход	527fada8-2627-4c49-bbf6-723bbf196e2e	\N
bfd58857-f336-4486-8fd8-27856201eebe	Core i3-13100	e7c85c95-3990-47c1-9566-f67e1983ab16	MSI PRO AP272 13M-423XRU	7405b41e-7331-4342-a0f7-db52eb8fc11f	1	2023-09-25	admin	Расход	788628ad-1ae9-4b55-b976-61d38be2a35c	\N
32a5270b-b07b-4134-88cd-772cbd1a9360	MSI PRO AP272 13M-423XRU	da526b48-52a8-4529-a0a9-8dfab92357e3	MSI PRO AP272 13M-423XRU	7405b41e-7331-4342-a0f7-db52eb8fc11f	1	2023-09-25	admin	Расход	ae07144a-22f7-493c-aa73-ffacf088e8e5	\N
4d1ad87c-e191-441a-acef-0a5e4873d85d	Samsung 980 [MZ-V8V250BW]	831751e4-6ded-4071-8d0d-8b067bb56e06	MSI PRO AP272 13M-423XRU	7405b41e-7331-4342-a0f7-db52eb8fc11f	1	2023-09-25	admin	Расход	9b28b48e-a0a0-40f5-94ff-e21956f78fce	\N
9b9665db-0576-4fc3-9875-3d72256f6d10	AMD Radeon R9 Gamer Series 1X8	f669e040-67d0-41d9-aa4a-e8f5fe4d6a56	MSI PRO AP272 13M-423XRU	97b37310-effd-419a-bad6-a7c26f965ddb	1	2023-09-25	admin	Расход	527fada8-2627-4c49-bbf6-723bbf196e2e	\N
ad7bb406-92f6-4d11-aff9-eb16e2b3b6b7	Core i3-13100	e7c85c95-3990-47c1-9566-f67e1983ab16	MSI PRO AP272 13M-423XRU	97b37310-effd-419a-bad6-a7c26f965ddb	1	2023-09-25	admin	Расход	788628ad-1ae9-4b55-b976-61d38be2a35c	\N
f7533db4-7df2-4428-b3eb-f4e137187d7a	MSI PRO AP272 13M-423XRU	da526b48-52a8-4529-a0a9-8dfab92357e3	MSI PRO AP272 13M-423XRU	97b37310-effd-419a-bad6-a7c26f965ddb	1	2023-09-25	admin	Расход	ae07144a-22f7-493c-aa73-ffacf088e8e5	\N
5241c0b9-239e-445a-a20a-39488c2e05d3	Samsung 980 [MZ-V8V250BW]	831751e4-6ded-4071-8d0d-8b067bb56e06	MSI PRO AP272 13M-423XRU	97b37310-effd-419a-bad6-a7c26f965ddb	1	2023-09-25	admin	Расход	9b28b48e-a0a0-40f5-94ff-e21956f78fce	\N
1fcc2776-35cc-4696-976d-c86282f09708	AMD Radeon R9 Gamer Series 1X8	f669e040-67d0-41d9-aa4a-e8f5fe4d6a56	MSI PRO AP272 13M-423XRU	0183dc66-1ef0-4c3c-bae9-b185279fe565	1	2023-09-25	admin	Расход	527fada8-2627-4c49-bbf6-723bbf196e2e	\N
e65e078a-735b-4119-b292-7e4617369ae6	Core i3-13100	e7c85c95-3990-47c1-9566-f67e1983ab16	MSI PRO AP272 13M-423XRU	0183dc66-1ef0-4c3c-bae9-b185279fe565	1	2023-09-25	admin	Расход	788628ad-1ae9-4b55-b976-61d38be2a35c	\N
a397207b-5b62-4b9e-9dfc-872cae3cd5ce	MSI PRO AP272 13M-423XRU	da526b48-52a8-4529-a0a9-8dfab92357e3	MSI PRO AP272 13M-423XRU	0183dc66-1ef0-4c3c-bae9-b185279fe565	1	2023-09-25	admin	Расход	ae07144a-22f7-493c-aa73-ffacf088e8e5	\N
83f0a524-07d6-4e62-baf8-1304baeae4a3	Samsung 980 [MZ-V8V250BW]	831751e4-6ded-4071-8d0d-8b067bb56e06	MSI PRO AP272 13M-423XRU	0183dc66-1ef0-4c3c-bae9-b185279fe565	1	2023-09-25	admin	Расход	9b28b48e-a0a0-40f5-94ff-e21956f78fce	\N
cbef0d82-111d-4a73-82ee-df94926e4ad9	AMD Radeon R9 Gamer Series 1X8	f669e040-67d0-41d9-aa4a-e8f5fe4d6a56	MSI PRO AP272 13M-423XRU	307d6ef0-06e7-40f9-bb52-c36a44699ce8	1	2023-09-25	admin	Расход	527fada8-2627-4c49-bbf6-723bbf196e2e	\N
4f7665d6-cfad-4566-b701-f03225a6e231	Core i3-13100	e7c85c95-3990-47c1-9566-f67e1983ab16	MSI PRO AP272 13M-423XRU	307d6ef0-06e7-40f9-bb52-c36a44699ce8	1	2023-09-25	admin	Расход	788628ad-1ae9-4b55-b976-61d38be2a35c	\N
636bae5c-398a-4474-a608-8dbd1a020e73	MSI PRO AP272 13M-423XRU	da526b48-52a8-4529-a0a9-8dfab92357e3	MSI PRO AP272 13M-423XRU	307d6ef0-06e7-40f9-bb52-c36a44699ce8	1	2023-09-25	admin	Расход	ae07144a-22f7-493c-aa73-ffacf088e8e5	\N
04b66109-7326-4d0a-9c2e-89271c669749	Samsung 980 [MZ-V8V250BW]	831751e4-6ded-4071-8d0d-8b067bb56e06	MSI PRO AP272 13M-423XRU	307d6ef0-06e7-40f9-bb52-c36a44699ce8	1	2023-09-25	admin	Расход	9b28b48e-a0a0-40f5-94ff-e21956f78fce	\N
2b2e0264-8774-46b0-b11c-e4a89f684a8d	AMD Radeon R9 Gamer Series 1X8	f669e040-67d0-41d9-aa4a-e8f5fe4d6a56	MSI PRO AP272 13M-423XRU	a98d6860-2000-407d-8911-39e580a5c048	1	2023-09-25	admin	Расход	527fada8-2627-4c49-bbf6-723bbf196e2e	\N
16dc2306-62bc-4df7-9030-cf3064c733c8	Core i3-13100	e7c85c95-3990-47c1-9566-f67e1983ab16	MSI PRO AP272 13M-423XRU	a98d6860-2000-407d-8911-39e580a5c048	1	2023-09-25	admin	Расход	788628ad-1ae9-4b55-b976-61d38be2a35c	\N
f53a0f87-d51b-4a1b-a354-8c1b2c513763	MSI PRO AP272 13M-423XRU	da526b48-52a8-4529-a0a9-8dfab92357e3	MSI PRO AP272 13M-423XRU	a98d6860-2000-407d-8911-39e580a5c048	1	2023-09-25	admin	Расход	ae07144a-22f7-493c-aa73-ffacf088e8e5	\N
3f39ec46-c44c-40df-b03b-2ad566b0909d	MSI PRO AP272 13M-423XRU	da526b48-52a8-4529-a0a9-8dfab92357e3	MSI PRO AP272 13M-423XRU	a98d6860-2000-407d-8911-39e580a5c048	1	2023-09-25	admin	Расход	ae07144a-22f7-493c-aa73-ffacf088e8e5	\N
\.


--
-- Data for Name: stockroom_historydev; Type: TABLE DATA; Schema: public; Owner: admin
--

COPY public.stockroom_historydev (id, stock_model, stock_model_id, quantity, "dateInstall", "user", status, categories_id, note) FROM stdin;
91ff2284-c83f-4a0e-a8ba-7b567bd677da	Моноблок Prime Box Stream Pro PBI270-07	7364d90d-223f-4150-a918-d063aac4a02a	1	2023-09-22	admin	Приход	\N	\N
f95a8fe6-1c56-4430-9d21-d3ffe87d467f	Моноблок Prime Box Stream Pro PBI270-07	7364d90d-223f-4150-a918-d063aac4a02a	1	2023-09-22	admin	Перемещение на рабочее место 201-01r	\N	\N
6b8a4e9b-dc07-4df5-88b2-9cbe04001d77	Stream Pro PBI270-07	ce033285-39b0-4c6c-ae8c-cd0c9449896a	1	2023-09-22	admin	Приход	86f52b39-cea8-4dec-bed0-9367731cd17b	\N
a64eda98-b77d-4ec7-a511-700de2879a25	Stream Pro PBI270-07	ce033285-39b0-4c6c-ae8c-cd0c9449896a	1	2023-09-22	admin	Перемещение на рабочее место 201-02r	86f52b39-cea8-4dec-bed0-9367731cd17b	\N
2f5023b4-d00a-4d8d-9d6a-7e71262929dd	Stream Pro PBI270-07	52799404-2662-4abd-9577-321039955d90	1	2023-09-22	admin	Приход	86f52b39-cea8-4dec-bed0-9367731cd17b	\N
ae41be8e-6bc6-43a6-8b31-7277d2e9f8f9	Stream Pro PBI270-07	52799404-2662-4abd-9577-321039955d90	1	2023-09-22	admin	Перемещение на рабочее место 202-01r	86f52b39-cea8-4dec-bed0-9367731cd17b	\N
71482121-831a-4b49-8f0d-84f990eac8ac	Stream Pro PBI270-07	00ea9f67-58c6-4aba-9822-6c20c65519c6	1	2023-09-22	admin	Приход	86f52b39-cea8-4dec-bed0-9367731cd17b	\N
b027edf2-f187-43cc-94cc-3a364bbd0e63	Stream Pro PBI270-07	00ea9f67-58c6-4aba-9822-6c20c65519c6	1	2023-09-22	admin	Перемещение на рабочее место 202-02r	86f52b39-cea8-4dec-bed0-9367731cd17b	\N
ba633c04-f157-4142-ae66-d7372f03f02f	Stream Pro PBI270-07	bb826baf-7d77-4874-96da-ff3b7f58adc1	1	2023-09-22	admin	Приход	86f52b39-cea8-4dec-bed0-9367731cd17b	\N
51657f81-d824-4d9c-901f-9bee939edf4e	Stream Pro PBI270-07	bb826baf-7d77-4874-96da-ff3b7f58adc1	1	2023-09-22	admin	Перемещение на рабочее место 203-01r	86f52b39-cea8-4dec-bed0-9367731cd17b	\N
ca176aff-6fd6-4948-b6c8-d1dbff0e243c	Stream Pro PBI270-07	f6285e42-d067-4551-8696-9c858782b60a	1	2023-09-22	admin	Приход	86f52b39-cea8-4dec-bed0-9367731cd17b	\N
6dc06074-6a7d-47c2-a461-9ffab33b17b8	Stream Pro PBI270-07	f6285e42-d067-4551-8696-9c858782b60a	1	2023-09-22	admin	Перемещение на рабочее место 203-02r	86f52b39-cea8-4dec-bed0-9367731cd17b	\N
e79c73fb-df1e-419d-8fa6-ebc87db6b05a	Stream Pro PBI270-07	b432f9e9-7612-4abc-af5f-bc1d1ad66d17	1	2023-09-22	admin	Приход	86f52b39-cea8-4dec-bed0-9367731cd17b	\N
242700f1-1ccc-4b39-b00d-c4f9008e65f1	Stream Pro PBI270-07	b432f9e9-7612-4abc-af5f-bc1d1ad66d17	1	2023-09-22	admin	Перемещение на рабочее место 204-01r	86f52b39-cea8-4dec-bed0-9367731cd17b	\N
73721346-2fd6-4bba-a532-6d9a6a5beebe	Stream Pro PBI270-07	e59ad221-b6d1-4f6d-b6ec-e2406a48aacc	1	2023-09-22	admin	Приход	86f52b39-cea8-4dec-bed0-9367731cd17b	\N
1e34b584-de6d-47ff-b293-cfcf19798a2e	Stream Pro PBI270-07	e59ad221-b6d1-4f6d-b6ec-e2406a48aacc	1	2023-09-22	admin	Перемещение на рабочее место 204-02r	86f52b39-cea8-4dec-bed0-9367731cd17b	\N
69b835fd-e5b2-49a7-be2e-4e40f0e40477	Stream Pro PBI270-07	d73d21ef-17bb-4c7e-b9c6-07f8219356c3	1	2023-09-22	admin	Приход	86f52b39-cea8-4dec-bed0-9367731cd17b	\N
81d01523-c154-44e2-8e70-9e1c19f5c823	Stream Pro PBI270-07	d73d21ef-17bb-4c7e-b9c6-07f8219356c3	1	2023-09-22	admin	Перемещение на рабочее место 205-01r	86f52b39-cea8-4dec-bed0-9367731cd17b	\N
4b36bf84-32c5-4764-b5d5-4e8b1964cb80	Stream Pro PBI270-07	d73d21ef-17bb-4c7e-b9c6-07f8219356c3	1	2023-09-22	admin	Перемещение на рабочее место 205-01r	86f52b39-cea8-4dec-bed0-9367731cd17b	\N
d4694617-d2cb-4e27-9eab-128a7a6c0306	Stream Pro PBI270-07	dbe23643-0639-43e8-b906-b7af89727bd1	1	2023-09-22	admin	Приход	86f52b39-cea8-4dec-bed0-9367731cd17b	\N
b8c9c6bb-577e-4610-8055-ed993e4e2058	Stream Pro PBI270-07	dbe23643-0639-43e8-b906-b7af89727bd1	1	2023-09-22	admin	Перемещение на рабочее место 205-02r	86f52b39-cea8-4dec-bed0-9367731cd17b	\N
59feb6c2-2709-423c-98a0-8ee90b55576c	ASUS M3700WYAK-WA004M	272bab89-031a-40e4-a0ea-1215b3f91d29	1	2023-09-25	admin	Приход	86f52b39-cea8-4dec-bed0-9367731cd17b	\N
cc7d73f7-f691-4731-86bc-ba5e91f22bfa	ASUS M3700WYAK-WA004M	272bab89-031a-40e4-a0ea-1215b3f91d29	1	2023-09-25	admin	Перемещение на рабочее место 101-01r	86f52b39-cea8-4dec-bed0-9367731cd17b	\N
abf3c1af-3178-4eeb-91dc-c597bab3f3c5	ASUS M3700WYAK-WA004M	1ea06e93-c567-463e-8341-f4dbf0b6d450	1	2023-09-25	admin	Перемещение на рабочее место 101-02r	86f52b39-cea8-4dec-bed0-9367731cd17b	\N
0e28e482-d366-4e2f-9718-d0accee3b051	ASUS M3700WYAK-WA004M	1ea06e93-c567-463e-8341-f4dbf0b6d450	1	2023-09-25	admin	Приход	86f52b39-cea8-4dec-bed0-9367731cd17b	\N
46bb7d01-097c-46bc-9c1e-c096324dde85	ASUS M3700WYAK-WA004M	927b7c56-e43b-4e3e-9492-e8f939d8bf53	1	2023-09-25	admin	Приход	86f52b39-cea8-4dec-bed0-9367731cd17b	\N
21848de1-5fe3-414f-ab67-bfec36b7285b	ASUS M3700WYAK-WA004M	927b7c56-e43b-4e3e-9492-e8f939d8bf53	1	2023-09-25	admin	Перемещение на рабочее место 102-01r	86f52b39-cea8-4dec-bed0-9367731cd17b	\N
073adfd1-77cc-417d-b2a8-e4c758d1549d	ASUS M3700WYAK-WA004M	1eb90d81-392e-4614-a2b0-724672d2348f	1	2023-09-25	admin	Приход	86f52b39-cea8-4dec-bed0-9367731cd17b	\N
150a21d1-f6de-4fb6-b0cd-263d1c247123	ASUS M3700WYAK-WA004M	1eb90d81-392e-4614-a2b0-724672d2348f	1	2023-09-25	admin	Перемещение на рабочее место 102-02r	86f52b39-cea8-4dec-bed0-9367731cd17b	\N
d7bde388-e6de-4e6b-b73d-c34fe07d54a7	ASUS M3700WYAK-WA004M	ddcd9e87-c9f4-46e2-a251-a0ee30662af9	1	2023-09-25	admin	Приход	86f52b39-cea8-4dec-bed0-9367731cd17b	\N
c5d86828-ffba-4c93-a967-de2d8dd8bf74	ASUS M3700WYAK-WA004M	ddcd9e87-c9f4-46e2-a251-a0ee30662af9	1	2023-09-25	admin	Перемещение на рабочее место 103-01r	86f52b39-cea8-4dec-bed0-9367731cd17b	\N
30206ca4-0dde-4274-9701-e1f63857eafa	ASUS M3700WYAK-WA004M	f451ac22-50ab-4a07-8c7c-6aad79cb410f	1	2023-09-25	admin	Приход	86f52b39-cea8-4dec-bed0-9367731cd17b	\N
ca359df6-c066-4cbb-9153-a3a43789c738	ASUS M3700WYAK-WA004M	f451ac22-50ab-4a07-8c7c-6aad79cb410f	1	2023-09-25	admin	Перемещение на рабочее место 103-02r	86f52b39-cea8-4dec-bed0-9367731cd17b	\N
e450bc02-9ae9-45ac-bd04-9310c9b9eafd	ASUS M3700WYAK-WA004M	cdb726ef-149b-4c33-9a69-dd4f31f40eaa	1	2023-09-25	admin	Приход	86f52b39-cea8-4dec-bed0-9367731cd17b	\N
0d2bdce1-9f3e-4ed5-8475-302ae01786fc	ASUS M3700WYAK-WA004M	cdb726ef-149b-4c33-9a69-dd4f31f40eaa	1	2023-09-25	admin	Перемещение на рабочее место 104-01r	86f52b39-cea8-4dec-bed0-9367731cd17b	\N
f8a38c86-753b-4e9b-9220-8bb732127673	ASUS M3700WYAK-WA004M	17de2277-dfdd-422d-a28d-2e7b817845fe	1	2023-09-25	admin	Приход	86f52b39-cea8-4dec-bed0-9367731cd17b	\N
bd407eb9-10b0-43a9-84c9-2ceb5d5255cf	ASUS M3700WYAK-WA004M	17de2277-dfdd-422d-a28d-2e7b817845fe	1	2023-09-25	admin	Перемещение на рабочее место 104-02r	86f52b39-cea8-4dec-bed0-9367731cd17b	\N
df12bb14-ebff-4b00-8937-4be6026d5d36	ASUS M3700WYAK-WA004M	6f1679c5-614a-4d7c-b645-6f0055684c01	1	2023-09-25	admin	Приход	86f52b39-cea8-4dec-bed0-9367731cd17b	\N
22cb34c2-c926-4393-a363-93fdcc1b7f56	ASUS M3700WYAK-WA004M	6f1679c5-614a-4d7c-b645-6f0055684c01	1	2023-09-25	admin	Перемещение на рабочее место 105-01r	86f52b39-cea8-4dec-bed0-9367731cd17b	\N
74160c8f-11bd-4a10-95c4-8fb8f593e714	ASUS M3700WYAK-WA004M	1dcd57bd-8aba-4533-98a1-b781578e6920	1	2023-09-25	admin	Приход	86f52b39-cea8-4dec-bed0-9367731cd17b	\N
beb67b01-bced-4f46-8bbb-aee2e923603c	ASUS M3700WYAK-WA004M	1dcd57bd-8aba-4533-98a1-b781578e6920	1	2023-09-25	admin	Перемещение на рабочее место 105-02r	86f52b39-cea8-4dec-bed0-9367731cd17b	\N
372d3335-48ab-4cca-a079-2e3037ed38db	MSI PRO AP272 13M-423XRU	a76a289a-d9d2-44e7-ba8d-8c8a30221bcd	1	2023-09-25	admin	Приход	86f52b39-cea8-4dec-bed0-9367731cd17b	\N
fa69098e-b930-4d50-886c-cbf90ad83ea8	MSI PRO AP272 13M-423XRU	a76a289a-d9d2-44e7-ba8d-8c8a30221bcd	1	2023-09-25	admin	Перемещение на рабочее место 101-01r	86f52b39-cea8-4dec-bed0-9367731cd17b	\N
04d2e6f4-ee7b-4f84-b937-21620b9d3fbd	MSI PRO AP272 13M-423XRU	a8eda637-cdf0-45b0-8ee3-610ef0f0d1c7	1	2023-09-25	admin	Приход	86f52b39-cea8-4dec-bed0-9367731cd17b	\N
c8cca302-f3e8-4376-8267-2473e9be1767	Pantum M6502	3759664d-cad8-4355-b4ee-37eeba139ff1	1	2023-09-25	admin	Приход	629e2024-afc4-4fc0-96ae-00060ed73f44	\N
f78933ac-6414-4d6b-a77f-4d2a1a891dd5	MSI PRO AP272 13M-423XRU	a8eda637-cdf0-45b0-8ee3-610ef0f0d1c7	1	2023-09-25	admin	Перемещение на рабочее место 101-02r	86f52b39-cea8-4dec-bed0-9367731cd17b	\N
78cad9d5-bbcf-451d-be3d-994abe7efea9	MSI PRO AP272 13M-423XRU	5b7b5d5b-7e7a-40e4-82d8-980e6bf3ab06	1	2023-09-25	admin	Приход	86f52b39-cea8-4dec-bed0-9367731cd17b	\N
4a42ea0c-00e1-484f-93aa-a7be26946dfe	MSI PRO AP272 13M-423XRU	5b7b5d5b-7e7a-40e4-82d8-980e6bf3ab06	1	2023-09-25	admin	Перемещение на рабочее место 102-01r	86f52b39-cea8-4dec-bed0-9367731cd17b	\N
0d62410c-667c-4e08-9671-a4cab0e8601f	MSI PRO AP272 13M-423XRU	20b46e15-b3f6-47cc-9080-9c54d883265e	1	2023-09-25	admin	Приход	86f52b39-cea8-4dec-bed0-9367731cd17b	\N
65ebf4d9-4c4e-4a3c-a543-392dd72ae8ce	MSI PRO AP272 13M-423XRU	20b46e15-b3f6-47cc-9080-9c54d883265e	1	2023-09-25	admin	Перемещение на рабочее место 102-02r	86f52b39-cea8-4dec-bed0-9367731cd17b	\N
dd3aa232-9b10-4d03-8270-e476f8d142d8	MSI PRO AP272 13M-423XRU	15fb25de-153b-4fec-ace2-21ec236d3c72	1	2023-09-25	admin	Приход	86f52b39-cea8-4dec-bed0-9367731cd17b	\N
6680ea28-c12c-499b-ba2c-592a112f6b69	MSI PRO AP272 13M-423XRU	15fb25de-153b-4fec-ace2-21ec236d3c72	1	2023-09-25	admin	Перемещение на рабочее место 103-01r	86f52b39-cea8-4dec-bed0-9367731cd17b	\N
8405a89b-102b-4005-aeb1-9ecffa55e56b	MSI PRO AP272 13M-423XRU	246427b4-aa5f-43a7-ab99-c19191c594a7	1	2023-09-25	admin	Приход	86f52b39-cea8-4dec-bed0-9367731cd17b	\N
4a321010-2835-4da9-b28e-2970292578b2	MSI PRO AP272 13M-423XRU	246427b4-aa5f-43a7-ab99-c19191c594a7	1	2023-09-25	admin	Перемещение на рабочее место 103-02r	86f52b39-cea8-4dec-bed0-9367731cd17b	\N
91af09c5-f53b-4fcc-b736-e25aea125025	MSI PRO AP272 13M-423XRU	d895206a-5174-4b53-8cb3-e5d7e0c891ae	1	2023-09-25	admin	Приход	86f52b39-cea8-4dec-bed0-9367731cd17b	\N
5e4f3d10-9de8-4852-8c55-c5f862e8e34b	MSI PRO AP272 13M-423XRU	d895206a-5174-4b53-8cb3-e5d7e0c891ae	1	2023-09-25	admin	Перемещение на рабочее место 104-01r	86f52b39-cea8-4dec-bed0-9367731cd17b	\N
1645ba65-1bcb-4c20-b292-4dda8d8f8b30	MSI PRO AP272 13M-423XRU	26bd3b8c-7497-4d22-a5b7-2129f2fa456b	1	2023-09-25	admin	Приход	86f52b39-cea8-4dec-bed0-9367731cd17b	\N
db10b919-2c63-408a-a80c-951f6670c1d3	MSI PRO AP272 13M-423XRU	26bd3b8c-7497-4d22-a5b7-2129f2fa456b	1	2023-09-25	admin	Перемещение на рабочее место 104-02r	86f52b39-cea8-4dec-bed0-9367731cd17b	\N
13a363de-8921-47ec-abaa-a6fe5a71b7d0	MSI PRO AP272 13M-423XRU	dc984f05-fbd9-4ee8-b8ce-c2e3ae54910c	1	2023-09-25	admin	Приход	86f52b39-cea8-4dec-bed0-9367731cd17b	\N
cee5b478-1802-4cae-b081-cf105a9ba8f8	MSI PRO AP272 13M-423XRU	dc984f05-fbd9-4ee8-b8ce-c2e3ae54910c	1	2023-09-25	admin	Перемещение на рабочее место 105-01r	86f52b39-cea8-4dec-bed0-9367731cd17b	\N
10936c31-22dd-4387-ad9e-111038332ef9	MSI PRO AP272 13M-423XRU	f87e42d4-2e98-48e9-8346-450cddf2af94	1	2023-09-25	admin	Приход	86f52b39-cea8-4dec-bed0-9367731cd17b	\N
d86530ae-4b0b-4931-a2df-dff929465664	MSI PRO AP272 13M-423XRU	f87e42d4-2e98-48e9-8346-450cddf2af94	1	2023-09-25	admin	Перемещение на рабочее место 105-02r	86f52b39-cea8-4dec-bed0-9367731cd17b	\N
2493c88d-4387-4e9a-bdab-eb3302194e02	MSI PRO AP272 13M-423XRU	bbab85c4-e1a0-445a-afa7-d9af40aa9a9e	1	2023-09-25	admin	Приход	86f52b39-cea8-4dec-bed0-9367731cd17b	\N
0d0da4cf-2a79-45b0-ba15-b76bec359d39	MSI PRO AP272 13M-423XRU	bbab85c4-e1a0-445a-afa7-d9af40aa9a9e	1	2023-09-25	admin	Перемещение на рабочее место 201-01r	86f52b39-cea8-4dec-bed0-9367731cd17b	\N
748866a5-fa76-4e8a-9b94-728c93d13cf9	MSI PRO AP272 13M-423XRU	7405b41e-7331-4342-a0f7-db52eb8fc11f	1	2023-09-25	admin	Приход	86f52b39-cea8-4dec-bed0-9367731cd17b	\N
4f790352-039a-4b4c-b6d5-8318477d4f96	MSI PRO AP272 13M-423XRU	7405b41e-7331-4342-a0f7-db52eb8fc11f	1	2023-09-25	admin	Перемещение на рабочее место 201-02r	86f52b39-cea8-4dec-bed0-9367731cd17b	\N
d8bc6531-2efe-4d1d-bbcf-9193cab56269	MSI PRO AP272 13M-423XRU	97b37310-effd-419a-bad6-a7c26f965ddb	1	2023-09-25	admin	Приход	86f52b39-cea8-4dec-bed0-9367731cd17b	\N
473ab1ee-faa4-49fe-b4a7-1aec66cc9e5a	MSI PRO AP272 13M-423XRU	97b37310-effd-419a-bad6-a7c26f965ddb	1	2023-09-25	admin	Перемещение на рабочее место 202-02r	86f52b39-cea8-4dec-bed0-9367731cd17b	\N
a4e4b9a8-4c19-4391-9b88-922fbd8795e6	MSI PRO AP272 13M-423XRU	0183dc66-1ef0-4c3c-bae9-b185279fe565	1	2023-09-25	admin	Приход	86f52b39-cea8-4dec-bed0-9367731cd17b	\N
2a6b33b5-50b6-4d5c-b6bb-93e12a88b3fc	MSI PRO AP272 13M-423XRU	0183dc66-1ef0-4c3c-bae9-b185279fe565	1	2023-09-25	admin	Перемещение на рабочее место 203-01r	86f52b39-cea8-4dec-bed0-9367731cd17b	\N
7e26afc4-a3e4-4654-9760-fc334d14ca79	MSI PRO AP272 13M-423XRU	307d6ef0-06e7-40f9-bb52-c36a44699ce8	1	2023-09-25	admin	Приход	86f52b39-cea8-4dec-bed0-9367731cd17b	\N
21d32f44-3963-4b1e-ac92-dad57d237e33	MSI PRO AP272 13M-423XRU	307d6ef0-06e7-40f9-bb52-c36a44699ce8	1	2023-09-25	admin	Перемещение на рабочее место 203-02r	86f52b39-cea8-4dec-bed0-9367731cd17b	\N
3447ca37-c2a3-43a9-ab73-32f2e1fe004a	MSI PRO AP272 13M-423XRU	a98d6860-2000-407d-8911-39e580a5c048	1	2023-09-25	admin	Приход	86f52b39-cea8-4dec-bed0-9367731cd17b	\N
968d7c80-a665-48a8-b0e9-abfb36a0cf6d	MSI PRO AP272 13M-423XRU	a98d6860-2000-407d-8911-39e580a5c048	1	2023-09-25	admin	Перемещение на рабочее место 204-02r	86f52b39-cea8-4dec-bed0-9367731cd17b	\N
882d1f65-2929-423f-a6b1-12ddac0bd9f4	MSI PRO AP272 13M-423XRU	ca7af1df-0f35-4eeb-9068-0fd764bda998	1	2023-09-25	admin	Приход	86f52b39-cea8-4dec-bed0-9367731cd17b	\N
eb08a274-95d8-45da-856b-aed3086f4c60	MSI PRO AP272 13M-423XRU	ca7af1df-0f35-4eeb-9068-0fd764bda998	1	2023-09-25	admin	Перемещение на рабочее место 205-02r	86f52b39-cea8-4dec-bed0-9367731cd17b	\N
53f71b8e-2237-4011-b1fa-136190610f49	imageRUNNER ADVANCE DX C3822i MFP	429e6de1-3da7-45c9-b35f-20e01d4315b3	1	2023-09-25	admin	Приход	629e2024-afc4-4fc0-96ae-00060ed73f44	\N
298039c0-3722-4fc1-993f-6fa50cce8921	imageRUNNER ADVANCE DX C3822i MFP	429e6de1-3da7-45c9-b35f-20e01d4315b3	1	2023-09-25	admin	Перемещение на рабочее место 204-03p	629e2024-afc4-4fc0-96ae-00060ed73f44	\N
fd2e9b3b-5f39-4b8b-b96f-1f0cba5cb590	Kyocera ECOSYS M2040dn	b41dabf1-dda7-4d99-80b5-15d7b58f8c38	1	2023-09-25	admin	Приход	629e2024-afc4-4fc0-96ae-00060ed73f44	\N
553a3b70-4a9c-41dd-a834-9391b6d820bf	Kyocera ECOSYS M2040dn	b41dabf1-dda7-4d99-80b5-15d7b58f8c38	1	2023-09-25	admin	Перемещение на рабочее место 204-01r	629e2024-afc4-4fc0-96ae-00060ed73f44	\N
134413b1-f0c8-45b7-817e-a0c94124e5ea	Kyocera ECOSYS M2040dn	e864927f-e2f0-448e-9306-3e91139ee7c9	1	2023-09-25	admin	Приход	629e2024-afc4-4fc0-96ae-00060ed73f44	\N
08fecd6a-df6e-44f6-b3c2-b64b4646c876	Kyocera ECOSYS M2040dn	e864927f-e2f0-448e-9306-3e91139ee7c9	1	2023-09-25	admin	Перемещение на рабочее место 202-01r	629e2024-afc4-4fc0-96ae-00060ed73f44	\N
20ce4128-e2d1-485a-a46a-fe5f61a32fcd	Flip WM55B	73fe1d83-e99a-475b-b0fb-621382beb53a	1	2023-09-25	admin	Приход	86f52b39-cea8-4dec-bed0-9367731cd17b	\N
ae9a3eb6-c337-4512-9873-b2a4ce08db16	Flip WM55B	73fe1d83-e99a-475b-b0fb-621382beb53a	1	2023-09-25	admin	Перемещение на рабочее место 205-01r	86f52b39-cea8-4dec-bed0-9367731cd17b	\N
8f68de70-2540-495b-b63e-b13e3d46f88a	Pantum M6502	9a7cc37a-7d36-4a83-8c1e-ace25f104f30	1	2023-09-25	admin	Приход	629e2024-afc4-4fc0-96ae-00060ed73f44	\N
bf30273a-910e-41cc-a557-33049c9621fb	Pantum M6502	9a7cc37a-7d36-4a83-8c1e-ace25f104f30	1	2023-09-25	admin	Перемещение на рабочее место 101-03p	629e2024-afc4-4fc0-96ae-00060ed73f44	\N
c51bdca6-929a-4368-8a5b-2250ce9c55da	Pantum M6502	628a3a23-a312-4cd4-8d69-0f89bf36e95a	1	2023-09-25	admin	Приход	629e2024-afc4-4fc0-96ae-00060ed73f44	\N
88e5cd96-8ea1-43aa-9d88-4380b2bd7ff5	Pantum M6502	628a3a23-a312-4cd4-8d69-0f89bf36e95a	1	2023-09-25	admin	Перемещение на рабочее место 102-03p	629e2024-afc4-4fc0-96ae-00060ed73f44	\N
b44f3e8c-2102-4ae3-93e0-c0fe9356450b	Pantum M6502	00e2df74-f7a5-4df0-aabb-845fc37d2c3a	1	2023-09-25	admin	Приход	629e2024-afc4-4fc0-96ae-00060ed73f44	\N
8205fc30-48c5-4c9c-8b6b-e843dd9f4eb4	Pantum M6502	00e2df74-f7a5-4df0-aabb-845fc37d2c3a	1	2023-09-25	admin	Перемещение на рабочее место 103-03p	629e2024-afc4-4fc0-96ae-00060ed73f44	\N
efe2974b-e5b9-459d-807b-138a1380b0e9	Pantum M6502	3759664d-cad8-4355-b4ee-37eeba139ff1	1	2023-09-25	admin	Перемещение на рабочее место 104-03p	629e2024-afc4-4fc0-96ae-00060ed73f44	\N
5d08bfb0-fc12-4aa3-9f72-d6ee93d7ef46	Pantum M6502	d8a11a1b-41b7-4b01-a7df-9a3a53d8a81c	1	2023-09-25	admin	Приход	629e2024-afc4-4fc0-96ae-00060ed73f44	\N
776f3d09-6c39-4ed5-b308-4c46f85f4940	Pantum M6502	d8a11a1b-41b7-4b01-a7df-9a3a53d8a81c	1	2023-09-25	admin	Перемещение на рабочее место 105-03p	629e2024-afc4-4fc0-96ae-00060ed73f44	\N
21503efe-9c6e-4bd8-85b6-3898c3575272	Pantum M6502	d491f4eb-0c9b-4926-b688-c385fe90ff49	1	2023-09-25	admin	Приход	629e2024-afc4-4fc0-96ae-00060ed73f44	\N
8113e02a-ca38-4fd7-9592-0b5f11c9eb60	Pantum M6502	d491f4eb-0c9b-4926-b688-c385fe90ff49	1	2023-09-25	admin	Перемещение на рабочее место 201-03p	629e2024-afc4-4fc0-96ae-00060ed73f44	\N
e1d1891e-e048-4850-8abd-d605fe61ce6c	Pantum M6502	c8a0fd92-10c4-49ff-b1fb-88e63d4fc1c8	1	2023-09-25	admin	Приход	629e2024-afc4-4fc0-96ae-00060ed73f44	\N
4699bc26-933e-42a9-8295-9be1823bceb1	Pantum M6502	c8a0fd92-10c4-49ff-b1fb-88e63d4fc1c8	1	2023-09-25	admin	Перемещение на рабочее место 203-03p	629e2024-afc4-4fc0-96ae-00060ed73f44	\N
4c4eb1f4-fbee-4bb6-ae0d-5049ab91be44	Pantum M6502	6e0e3bde-691d-4328-8ff9-ec07826c96bd	1	2023-09-25	admin	Приход	629e2024-afc4-4fc0-96ae-00060ed73f44	\N
9df2473c-73ed-4fd3-bb8f-784344620f37	Pantum M6502	6e0e3bde-691d-4328-8ff9-ec07826c96bd	1	2023-09-25	admin	Перемещение на рабочее место 101-03p	629e2024-afc4-4fc0-96ae-00060ed73f44	\N
601f36db-1346-4a1e-b512-0d56811ea0c5	Pantum M6502	6e0e3bde-691d-4328-8ff9-ec07826c96bd	1	2023-09-25	admin	Перемещение на рабочее место 101-03p	629e2024-afc4-4fc0-96ae-00060ed73f44	\N
b3d18bb6-728a-4866-9710-654b4a87ba96	Pantum M6502	04577e4d-b3f2-4fab-98e6-870797dc602c	1	2023-09-25	admin	Приход	629e2024-afc4-4fc0-96ae-00060ed73f44	\N
5523ffdb-f74c-443c-a83b-93f511a79ebc	Pantum M6502	04577e4d-b3f2-4fab-98e6-870797dc602c	1	2023-09-25	admin	Перемещение на рабочее место 102-03p	629e2024-afc4-4fc0-96ae-00060ed73f44	\N
5537de65-f410-48da-8f79-c528f1e5f5da	Pantum M6502	76c4dec7-c8fa-4174-9347-c470e935e6ff	1	2023-09-25	admin	Приход	629e2024-afc4-4fc0-96ae-00060ed73f44	\N
aa1a05f5-429d-4baa-95bb-85cca741b21d	Pantum M6502	76c4dec7-c8fa-4174-9347-c470e935e6ff	1	2023-09-25	admin	Перемещение на рабочее место 103-03p	629e2024-afc4-4fc0-96ae-00060ed73f44	\N
61580ad7-3f04-45d4-a6ef-9f717432c92d	Pantum M6502	23ee72ee-fb3f-4d6c-8fbf-6345be23aee6	1	2023-09-25	admin	Приход	629e2024-afc4-4fc0-96ae-00060ed73f44	\N
73e0fb44-bbe2-4cf6-aa39-e12349b12c49	Pantum M6502	23ee72ee-fb3f-4d6c-8fbf-6345be23aee6	1	2023-09-25	admin	Перемещение на рабочее место 104-03p	629e2024-afc4-4fc0-96ae-00060ed73f44	\N
3a5d59f9-1117-4ac8-95be-2ef101d59a34	Pantum M6502	9d65914e-b917-4a8d-bb85-575a9bf24417	1	2023-09-25	admin	Приход	629e2024-afc4-4fc0-96ae-00060ed73f44	\N
0dc1a526-320d-4f0e-890f-e9285380079b	Pantum M6502	9d65914e-b917-4a8d-bb85-575a9bf24417	1	2023-09-25	admin	Перемещение на рабочее место 105-03p	629e2024-afc4-4fc0-96ae-00060ed73f44	\N
5535534f-3024-4de8-ba55-ae41db98abf2	Pantum M6502	7beff29c-458d-45b8-b8b9-b6a5cdafdd7b	1	2023-09-25	admin	Приход	629e2024-afc4-4fc0-96ae-00060ed73f44	\N
fab4a17e-9a79-4b4d-8336-c37e225ff1c5	Pantum M6502	7beff29c-458d-45b8-b8b9-b6a5cdafdd7b	1	2023-09-25	admin	Перемещение на рабочее место 201-03p	629e2024-afc4-4fc0-96ae-00060ed73f44	\N
88d85c7e-bcdc-46fa-97e8-9b54a025ba58	Pantum M6502	c96c4fdd-85d4-43a5-8c3a-460363132c1f	1	2023-09-25	admin	Приход	629e2024-afc4-4fc0-96ae-00060ed73f44	\N
eb72ab83-7e87-4a4d-b39c-31de9ea363bc	Pantum M6502	c96c4fdd-85d4-43a5-8c3a-460363132c1f	1	2023-09-25	admin	Перемещение на рабочее место 202-03p	629e2024-afc4-4fc0-96ae-00060ed73f44	\N
c454c8bd-c702-4897-bd4d-8f09595c6a99	Pantum M6502	ac92c1d9-6612-43d6-9d43-4f014da35e95	1	2023-09-25	admin	Приход	629e2024-afc4-4fc0-96ae-00060ed73f44	\N
1f0c1df6-5558-4e1f-9fe2-498a4f0499f4	Pantum M6502	ac92c1d9-6612-43d6-9d43-4f014da35e95	1	2023-09-25	admin	Перемещение на рабочее место 203-03p	629e2024-afc4-4fc0-96ae-00060ed73f44	\N
65fb60f0-3bf8-4b7a-9b1c-182e1449302a	Pantum M6502	758772df-3ae6-44eb-be74-880786d7476d	1	2023-09-25	admin	Приход	629e2024-afc4-4fc0-96ae-00060ed73f44	\N
b9fb518e-efed-48f5-9028-e19121eddca2	Pantum M6502	758772df-3ae6-44eb-be74-880786d7476d	1	2023-09-25	admin	Перемещение на рабочее место 204-03p	629e2024-afc4-4fc0-96ae-00060ed73f44	\N
90aafe73-94ed-4335-9de8-ddddb3a3bcb8	Pantum M6502	95818f5f-496e-44c2-8ee7-16c0cfe59f7a	1	2023-09-25	admin	Приход	629e2024-afc4-4fc0-96ae-00060ed73f44	\N
f7460cd9-6d39-4b2f-bfa5-7f7483f16023	Pantum M6502	95818f5f-496e-44c2-8ee7-16c0cfe59f7a	1	2023-09-25	admin	Перемещение на рабочее место 205-03p	629e2024-afc4-4fc0-96ae-00060ed73f44	\N
3e35824f-ace1-4c57-b7ab-f949f6d2ab5a	Canon i-SENSYS MF655Cdw	9ae080e8-a2b8-4e10-9336-c5c6807e1aa2	1	2023-09-25	admin	Приход	629e2024-afc4-4fc0-96ae-00060ed73f44	\N
8fcc9c0b-d724-4ca7-b052-f99eaa7c00a7	Canon i-SENSYS MF655Cdw	9ae080e8-a2b8-4e10-9336-c5c6807e1aa2	1	2023-09-25	admin	Перемещение на рабочее место 205-03p	629e2024-afc4-4fc0-96ae-00060ed73f44	\N
d863baed-dfb9-4eb8-982b-8f7e92f80067	Canon i-SENSYS MF655Cdw	86a767ca-7dfc-4b47-9d4d-128e0fd3cce2	1	2023-09-25	admin	Приход	629e2024-afc4-4fc0-96ae-00060ed73f44	\N
3d66a837-a499-49c1-acf1-7fa4c32de152	Canon i-SENSYS MF655Cdw	86a767ca-7dfc-4b47-9d4d-128e0fd3cce2	1	2023-09-25	admin	Перемещение на рабочее место 203-03p	629e2024-afc4-4fc0-96ae-00060ed73f44	\N
9a76264d-b03e-4f1b-8d97-ffd239a353dc	Canon i-SENSYS MF655Cdw	86a767ca-7dfc-4b47-9d4d-128e0fd3cce2	1	2023-09-25	admin	Перемещение на рабочее место 202-03p	629e2024-afc4-4fc0-96ae-00060ed73f44	\N
\.


--
-- Data for Name: stockroom_stockacc; Type: TABLE DATA; Schema: public; Owner: admin
--

COPY public.stockroom_stockacc (stock_model_id, "dateAddToStock", "dateInstall", rack, shelf, categories_id) FROM stdin;
831751e4-6ded-4071-8d0d-8b067bb56e06	2023-09-25	2023-09-25	1	1	9b28b48e-a0a0-40f5-94ff-e21956f78fce
f669e040-67d0-41d9-aa4a-e8f5fe4d6a56	2023-09-25	2023-09-25	1	1	527fada8-2627-4c49-bbf6-723bbf196e2e
e7c85c95-3990-47c1-9566-f67e1983ab16	2023-09-25	2023-09-25	1	1	788628ad-1ae9-4b55-b976-61d38be2a35c
da526b48-52a8-4529-a0a9-8dfab92357e3	2023-09-25	2023-09-25	1	1	ae07144a-22f7-493c-aa73-ffacf088e8e5
908f0546-0f34-40e9-99fb-a18fb279e99b	2023-09-22	2023-09-22	1	1	788628ad-1ae9-4b55-b976-61d38be2a35c
9095b820-4455-4e24-98b5-3c246726d195	2023-09-22	2023-09-22	1	1	35a39c93-45dc-4799-b025-6ac0a91cca4c
cc2eba00-290b-4a40-9d9b-d67ffd7e29d3	2023-09-22	2023-09-22	1	1	ae07144a-22f7-493c-aa73-ffacf088e8e5
e8e07a3b-dcfd-4a4c-ba7b-3675f6f2ce4a	2023-09-25	2023-09-25	1	1	527fada8-2627-4c49-bbf6-723bbf196e2e
976e255c-e493-48df-bed2-e90d0a0c1290	2023-09-25	2023-09-25	1	1	ae07144a-22f7-493c-aa73-ffacf088e8e5
ba15854d-f290-420a-894b-535f0b1e615f	2023-09-25	2023-09-25	1	1	788628ad-1ae9-4b55-b976-61d38be2a35c
8257fddf-3975-46ac-a980-750f32c1e6d0	2023-09-25	2023-09-25	1	1	9b28b48e-a0a0-40f5-94ff-e21956f78fce
\.


--
-- Data for Name: stockroom_stockcat; Type: TABLE DATA; Schema: public; Owner: admin
--

COPY public.stockroom_stockcat (id, name, slug) FROM stdin;
38969a72-19e3-4fc0-99a5-abaeb9b0688d	Картридж	cartridge
2fc369be-30f4-4122-bd48-c2d7559c1a11	Барабан	drumm
\.


--
-- Data for Name: stockroom_stockdev; Type: TABLE DATA; Schema: public; Owner: admin
--

COPY public.stockroom_stockdev (stock_model_id, "dateAddToStock", "dateInstall", rack, shelf, categories_id) FROM stdin;
7364d90d-223f-4150-a918-d063aac4a02a	2023-09-22	2023-09-22	1	1	\N
ce033285-39b0-4c6c-ae8c-cd0c9449896a	2023-09-22	2023-09-22	1	1	86f52b39-cea8-4dec-bed0-9367731cd17b
52799404-2662-4abd-9577-321039955d90	2023-09-22	2023-09-22	1	1	86f52b39-cea8-4dec-bed0-9367731cd17b
00ea9f67-58c6-4aba-9822-6c20c65519c6	2023-09-22	2023-09-22	1	1	86f52b39-cea8-4dec-bed0-9367731cd17b
bb826baf-7d77-4874-96da-ff3b7f58adc1	2023-09-22	2023-09-22	1	1	86f52b39-cea8-4dec-bed0-9367731cd17b
f6285e42-d067-4551-8696-9c858782b60a	2023-09-22	2023-09-22	1	1	86f52b39-cea8-4dec-bed0-9367731cd17b
b432f9e9-7612-4abc-af5f-bc1d1ad66d17	2023-09-22	2023-09-22	1	1	86f52b39-cea8-4dec-bed0-9367731cd17b
e59ad221-b6d1-4f6d-b6ec-e2406a48aacc	2023-09-22	2023-09-22	1	1	86f52b39-cea8-4dec-bed0-9367731cd17b
6e0e3bde-691d-4328-8ff9-ec07826c96bd	2023-09-25	2023-09-25	1	1	629e2024-afc4-4fc0-96ae-00060ed73f44
d73d21ef-17bb-4c7e-b9c6-07f8219356c3	2023-09-22	2023-09-22	1	1	86f52b39-cea8-4dec-bed0-9367731cd17b
dbe23643-0639-43e8-b906-b7af89727bd1	2023-09-22	2023-09-22	1	1	86f52b39-cea8-4dec-bed0-9367731cd17b
272bab89-031a-40e4-a0ea-1215b3f91d29	2023-09-25	2023-09-25	1	1	86f52b39-cea8-4dec-bed0-9367731cd17b
1ea06e93-c567-463e-8341-f4dbf0b6d450	2023-09-25	\N	1	1	86f52b39-cea8-4dec-bed0-9367731cd17b
927b7c56-e43b-4e3e-9492-e8f939d8bf53	2023-09-25	2023-09-25	1	1	86f52b39-cea8-4dec-bed0-9367731cd17b
1eb90d81-392e-4614-a2b0-724672d2348f	2023-09-25	2023-09-25	1	1	86f52b39-cea8-4dec-bed0-9367731cd17b
ddcd9e87-c9f4-46e2-a251-a0ee30662af9	2023-09-25	2023-09-25	1	1	86f52b39-cea8-4dec-bed0-9367731cd17b
f451ac22-50ab-4a07-8c7c-6aad79cb410f	2023-09-25	2023-09-25	1	1	86f52b39-cea8-4dec-bed0-9367731cd17b
cdb726ef-149b-4c33-9a69-dd4f31f40eaa	2023-09-25	2023-09-25	1	1	86f52b39-cea8-4dec-bed0-9367731cd17b
17de2277-dfdd-422d-a28d-2e7b817845fe	2023-09-25	2023-09-25	1	1	86f52b39-cea8-4dec-bed0-9367731cd17b
6f1679c5-614a-4d7c-b645-6f0055684c01	2023-09-25	2023-09-25	1	1	86f52b39-cea8-4dec-bed0-9367731cd17b
1dcd57bd-8aba-4533-98a1-b781578e6920	2023-09-25	2023-09-25	1	1	86f52b39-cea8-4dec-bed0-9367731cd17b
a76a289a-d9d2-44e7-ba8d-8c8a30221bcd	2023-09-25	2023-09-25	1	1	86f52b39-cea8-4dec-bed0-9367731cd17b
a8eda637-cdf0-45b0-8ee3-610ef0f0d1c7	2023-09-25	2023-09-25	1	1	86f52b39-cea8-4dec-bed0-9367731cd17b
5b7b5d5b-7e7a-40e4-82d8-980e6bf3ab06	2023-09-25	2023-09-25	1	1	86f52b39-cea8-4dec-bed0-9367731cd17b
20b46e15-b3f6-47cc-9080-9c54d883265e	2023-09-25	2023-09-25	1	1	86f52b39-cea8-4dec-bed0-9367731cd17b
15fb25de-153b-4fec-ace2-21ec236d3c72	2023-09-25	2023-09-25	1	1	86f52b39-cea8-4dec-bed0-9367731cd17b
246427b4-aa5f-43a7-ab99-c19191c594a7	2023-09-25	2023-09-25	1	1	86f52b39-cea8-4dec-bed0-9367731cd17b
d895206a-5174-4b53-8cb3-e5d7e0c891ae	2023-09-25	2023-09-25	1	1	86f52b39-cea8-4dec-bed0-9367731cd17b
26bd3b8c-7497-4d22-a5b7-2129f2fa456b	2023-09-25	2023-09-25	1	1	86f52b39-cea8-4dec-bed0-9367731cd17b
dc984f05-fbd9-4ee8-b8ce-c2e3ae54910c	2023-09-25	2023-09-25	1	1	86f52b39-cea8-4dec-bed0-9367731cd17b
f87e42d4-2e98-48e9-8346-450cddf2af94	2023-09-25	2023-09-25	1	1	86f52b39-cea8-4dec-bed0-9367731cd17b
bbab85c4-e1a0-445a-afa7-d9af40aa9a9e	2023-09-25	2023-09-25	1	1	86f52b39-cea8-4dec-bed0-9367731cd17b
7405b41e-7331-4342-a0f7-db52eb8fc11f	2023-09-25	2023-09-25	1	1	86f52b39-cea8-4dec-bed0-9367731cd17b
97b37310-effd-419a-bad6-a7c26f965ddb	2023-09-25	2023-09-25	1	1	86f52b39-cea8-4dec-bed0-9367731cd17b
0183dc66-1ef0-4c3c-bae9-b185279fe565	2023-09-25	2023-09-25	1	1	86f52b39-cea8-4dec-bed0-9367731cd17b
307d6ef0-06e7-40f9-bb52-c36a44699ce8	2023-09-25	2023-09-25	1	1	86f52b39-cea8-4dec-bed0-9367731cd17b
a98d6860-2000-407d-8911-39e580a5c048	2023-09-25	2023-09-25	1	1	86f52b39-cea8-4dec-bed0-9367731cd17b
ca7af1df-0f35-4eeb-9068-0fd764bda998	2023-09-25	2023-09-25	1	1	86f52b39-cea8-4dec-bed0-9367731cd17b
429e6de1-3da7-45c9-b35f-20e01d4315b3	2023-09-25	2023-09-25	1	1	629e2024-afc4-4fc0-96ae-00060ed73f44
b41dabf1-dda7-4d99-80b5-15d7b58f8c38	2023-09-25	2023-09-25	1	1	629e2024-afc4-4fc0-96ae-00060ed73f44
e864927f-e2f0-448e-9306-3e91139ee7c9	2023-09-25	2023-09-25	1	1	629e2024-afc4-4fc0-96ae-00060ed73f44
73fe1d83-e99a-475b-b0fb-621382beb53a	2023-09-25	2023-09-25	1	1	86f52b39-cea8-4dec-bed0-9367731cd17b
9a7cc37a-7d36-4a83-8c1e-ace25f104f30	2023-09-25	2023-09-25	1	1	629e2024-afc4-4fc0-96ae-00060ed73f44
628a3a23-a312-4cd4-8d69-0f89bf36e95a	2023-09-25	2023-09-25	1	1	629e2024-afc4-4fc0-96ae-00060ed73f44
00e2df74-f7a5-4df0-aabb-845fc37d2c3a	2023-09-25	2023-09-25	1	1	629e2024-afc4-4fc0-96ae-00060ed73f44
3759664d-cad8-4355-b4ee-37eeba139ff1	2023-09-25	2023-09-25	1	1	629e2024-afc4-4fc0-96ae-00060ed73f44
d8a11a1b-41b7-4b01-a7df-9a3a53d8a81c	2023-09-25	2023-09-25	1	1	629e2024-afc4-4fc0-96ae-00060ed73f44
d491f4eb-0c9b-4926-b688-c385fe90ff49	2023-09-25	2023-09-25	1	1	629e2024-afc4-4fc0-96ae-00060ed73f44
c8a0fd92-10c4-49ff-b1fb-88e63d4fc1c8	2023-09-25	2023-09-25	1	1	629e2024-afc4-4fc0-96ae-00060ed73f44
04577e4d-b3f2-4fab-98e6-870797dc602c	2023-09-25	2023-09-25	1	1	629e2024-afc4-4fc0-96ae-00060ed73f44
76c4dec7-c8fa-4174-9347-c470e935e6ff	2023-09-25	2023-09-25	1	1	629e2024-afc4-4fc0-96ae-00060ed73f44
23ee72ee-fb3f-4d6c-8fbf-6345be23aee6	2023-09-25	2023-09-25	1	1	629e2024-afc4-4fc0-96ae-00060ed73f44
9d65914e-b917-4a8d-bb85-575a9bf24417	2023-09-25	2023-09-25	1	1	629e2024-afc4-4fc0-96ae-00060ed73f44
7beff29c-458d-45b8-b8b9-b6a5cdafdd7b	2023-09-25	2023-09-25	1	1	629e2024-afc4-4fc0-96ae-00060ed73f44
c96c4fdd-85d4-43a5-8c3a-460363132c1f	2023-09-25	2023-09-25	1	1	629e2024-afc4-4fc0-96ae-00060ed73f44
ac92c1d9-6612-43d6-9d43-4f014da35e95	2023-09-25	2023-09-25	1	1	629e2024-afc4-4fc0-96ae-00060ed73f44
758772df-3ae6-44eb-be74-880786d7476d	2023-09-25	2023-09-25	1	1	629e2024-afc4-4fc0-96ae-00060ed73f44
95818f5f-496e-44c2-8ee7-16c0cfe59f7a	2023-09-25	2023-09-25	1	1	629e2024-afc4-4fc0-96ae-00060ed73f44
9ae080e8-a2b8-4e10-9336-c5c6807e1aa2	2023-09-25	2023-09-25	1	1	629e2024-afc4-4fc0-96ae-00060ed73f44
86a767ca-7dfc-4b47-9d4d-128e0fd3cce2	2023-09-25	2023-09-25	1	1	629e2024-afc4-4fc0-96ae-00060ed73f44
\.


--
-- Data for Name: stockroom_stockroom; Type: TABLE DATA; Schema: public; Owner: admin
--

COPY public.stockroom_stockroom (stock_model_id, "dateAddToStock", "dateInstall", rack, shelf, categories_id) FROM stdin;
a922c5c4-6f69-4c66-8e28-572ca76b9755	2023-09-25	\N	2	1	\N
c8dbd594-1e08-44e2-b592-2bbfc98609da	2023-09-25	\N	2	1	38969a72-19e3-4fc0-99a5-abaeb9b0688d
6ca7808d-3096-4334-bf41-f847baf59b75	2023-09-25	\N	2	1	38969a72-19e3-4fc0-99a5-abaeb9b0688d
1e7cec54-fdfd-48f9-837c-b0533b9e9b8c	2023-09-25	\N	2	1	38969a72-19e3-4fc0-99a5-abaeb9b0688d
ade549c6-06a6-4b7b-aecf-fad02adceed7	2023-09-25	\N	2	1	2fc369be-30f4-4122-bd48-c2d7559c1a11
34e0c89d-5b36-4084-b376-283470e0903e	2023-09-25	\N	2	2	38969a72-19e3-4fc0-99a5-abaeb9b0688d
215a2be0-4585-44df-939d-9176acc8d7c9	2023-09-25	\N	2	2	38969a72-19e3-4fc0-99a5-abaeb9b0688d
90a32fc9-4ca4-46d1-84b8-8508b52b67d2	2023-09-25	\N	2	3	38969a72-19e3-4fc0-99a5-abaeb9b0688d
dc4a36d4-4536-4bac-9e30-3c381d4dfdd5	2023-09-25	\N	2	3	38969a72-19e3-4fc0-99a5-abaeb9b0688d
30f44fac-9876-4378-ba59-bbdfe9897924	2023-09-25	\N	2	3	38969a72-19e3-4fc0-99a5-abaeb9b0688d
2916baa7-6548-4622-ad7d-dc7ae7710965	2023-09-25	\N	2	3	38969a72-19e3-4fc0-99a5-abaeb9b0688d
\.


--
-- Data for Name: workplace_room; Type: TABLE DATA; Schema: public; Owner: admin
--

COPY public.workplace_room (id, name, building, floor) FROM stdin;
6f9ac824-2824-419f-bf4f-4dc9b42eecd5	101	Корпус №1	1
39eec556-a997-4ed4-8382-90ce05149abf	102	Корпус №1	1
d688f559-f5f0-427b-9f57-648ddf349db2	103	Корпус №1	1
f2b05535-18f0-4488-8498-829088aeb218	104	Корпус №1	1
a438b695-d5ed-4815-9d2c-60f713924527	105	Корпус №1	1
36acd71d-9093-4586-b2f3-928c8fc5d7c6	201	Корпус №1	2
e8c2e10c-96e5-444b-94b2-1b503aca28d3	202	Корпус №1	2
55c1fae8-1e3d-4754-a548-1fcee1121f83	203	Корпус №1	2
ad77fd55-c6c0-4fd1-834d-c11e31a80ac6	204	Корпус №1	2
1912443e-a159-47a7-8ae9-d3f584ad03eb	205	Корпус №1	2
9045535f-b42f-48c9-a16b-e1566026bb9f	101	Корпус №2	1
6cfd3a83-0f9a-440d-94dd-669955edf69a	203	Корпус №2	2
41f187d4-e062-4253-9ef4-27d047c390bb	202	Корпус №2	2
1cb944ae-2ff8-429d-a390-b013ce4dc857	102	Корпус №2	1
dbf66fd2-5994-4b6a-b64a-fa8d573e963e	103	Корпус №2	1
2c0fc582-5a6c-48e0-8572-eb2d4d19b8ce	104	Корпус №2	1
3a8f9f5d-a42e-432e-8f31-5130501eb406	105	Корпус №2	1
9473bdb1-a878-4314-b113-9e3278f51443	201	Корпус №2	2
a550b01f-92f2-4477-a894-fa7dfa9852e7	205	Корпус №2	2
34bfaeec-113b-417e-9d1a-9c40e03fecf5	204	Корпус №2	2
\.


--
-- Data for Name: workplace_workplace; Type: TABLE DATA; Schema: public; Owner: admin
--

COPY public.workplace_workplace (id, name, room_id) FROM stdin;
12573a7b-42d2-4f28-9f83-41ab0ba62528	101-02r	6f9ac824-2824-419f-bf4f-4dc9b42eecd5
86c38e54-f8c8-40ea-85fa-9344bfed0cb2	101-01r	6f9ac824-2824-419f-bf4f-4dc9b42eecd5
7c1162ae-181a-4f58-9f54-6edd8d7f8fd7	101-03p	6f9ac824-2824-419f-bf4f-4dc9b42eecd5
aa3ec4d8-b0fe-4004-bf07-d43359c796a3	101-03p	9045535f-b42f-48c9-a16b-e1566026bb9f
8e0c1640-b70e-4772-a127-dfa54ba3cb52	101-02r	9045535f-b42f-48c9-a16b-e1566026bb9f
b20cd71e-1b34-4667-b786-344516443e60	101-01r	9045535f-b42f-48c9-a16b-e1566026bb9f
4af3d970-b1ed-48a9-846c-77f8723106de	102-01r	39eec556-a997-4ed4-8382-90ce05149abf
4e7facd8-b27a-4348-addc-25b0257d39c6	102-02r	39eec556-a997-4ed4-8382-90ce05149abf
a34b654f-d4d7-41e6-83bd-b2b2ce28ae2c	102-03p	39eec556-a997-4ed4-8382-90ce05149abf
1812fee4-be91-48c7-b424-6d374cd7540c	102-03p	1cb944ae-2ff8-429d-a390-b013ce4dc857
4fcfc255-98c2-43b8-9f9d-2703515dbe72	102-02r	1cb944ae-2ff8-429d-a390-b013ce4dc857
54a5f987-ab1e-4e3b-bc50-06f47ac61a55	102-01r	1cb944ae-2ff8-429d-a390-b013ce4dc857
dee1e98a-d2d7-42c3-9492-e3056a0f2b2e	103-01r	d688f559-f5f0-427b-9f57-648ddf349db2
37eda5ed-2005-4dca-9ac7-ae8ef6842d59	103-02r	d688f559-f5f0-427b-9f57-648ddf349db2
f2748b3a-44e9-4b2d-ace1-b91271a324da	103-03p	d688f559-f5f0-427b-9f57-648ddf349db2
8af0b249-5b52-4f32-89e8-406acbff7469	103-03p	dbf66fd2-5994-4b6a-b64a-fa8d573e963e
ea2c2466-7876-4df3-b03b-19fd04c4cd85	103-02r	dbf66fd2-5994-4b6a-b64a-fa8d573e963e
5408c17b-6530-4160-ab8c-9aa37a64b94b	103-01r	dbf66fd2-5994-4b6a-b64a-fa8d573e963e
3fc65b39-5df6-4e6f-a957-57bc0c1cb20b	104-01r	f2b05535-18f0-4488-8498-829088aeb218
de5f2e28-fcc1-400d-8744-a87b9e6e96cf	104-02r	f2b05535-18f0-4488-8498-829088aeb218
d9e7b2d4-4f30-4bc1-9d60-a726d3b31749	104-03p	f2b05535-18f0-4488-8498-829088aeb218
31a3a562-36fa-4306-9eef-09d65b0801d1	104-03p	2c0fc582-5a6c-48e0-8572-eb2d4d19b8ce
3d8874b3-a729-4219-a090-344f74977023	104-02r	2c0fc582-5a6c-48e0-8572-eb2d4d19b8ce
25edc452-bbc8-48a6-b2fe-5a6a8c124713	104-01r	2c0fc582-5a6c-48e0-8572-eb2d4d19b8ce
9118847d-a3f9-4b05-91b3-929701694887	105-01r	a438b695-d5ed-4815-9d2c-60f713924527
27560195-be65-4ac3-b8ab-aff9bb235b83	105-02r	a438b695-d5ed-4815-9d2c-60f713924527
c318921e-a81a-4cbe-a520-d6e93760b59d	105-03p	a438b695-d5ed-4815-9d2c-60f713924527
b914a73a-9ad1-47fe-891c-5fb4d6935666	105-03p	3a8f9f5d-a42e-432e-8f31-5130501eb406
7b9bf0a2-570b-4976-b048-8a16079e1d4a	105-02r	3a8f9f5d-a42e-432e-8f31-5130501eb406
ad1cff4f-960d-4496-8d1e-66d35202802e	105-01r	3a8f9f5d-a42e-432e-8f31-5130501eb406
1dad98e3-5317-4bb7-b3f3-1b6e7c74e05f	201-01r	36acd71d-9093-4586-b2f3-928c8fc5d7c6
a93d52fc-abe3-4d3e-aa5e-4ac5a8f2eb29	201-02r	36acd71d-9093-4586-b2f3-928c8fc5d7c6
faa99b57-f77c-45ee-af7e-c422329bfddf	201-03p	36acd71d-9093-4586-b2f3-928c8fc5d7c6
c04ded6b-4219-42ff-863d-2dad5eabfc9d	201-03p	9473bdb1-a878-4314-b113-9e3278f51443
a92f31de-5539-4ac7-89f8-306f7e295784	201-02r	9473bdb1-a878-4314-b113-9e3278f51443
57e2af75-2ccd-4c95-92fb-7a12becd93bd	201-01r	9473bdb1-a878-4314-b113-9e3278f51443
530a7b31-0aa5-44a6-91d1-5ae94b8f939c	202-01r	e8c2e10c-96e5-444b-94b2-1b503aca28d3
a2bf45a6-f23c-4bdc-87b5-1a5a53637d68	202-02r	e8c2e10c-96e5-444b-94b2-1b503aca28d3
e4d0dbf7-6495-4613-94e9-6c50e0cf7095	202-03p	e8c2e10c-96e5-444b-94b2-1b503aca28d3
a26025a7-899c-4eac-b3b4-70003a859ca1	202-03p	41f187d4-e062-4253-9ef4-27d047c390bb
08e30bdc-fc0b-4de7-8b56-d45f4ce6bd59	202-02r	41f187d4-e062-4253-9ef4-27d047c390bb
4d82e7d7-9a23-41ab-9a4b-6a20d3b9b045	202-01r	41f187d4-e062-4253-9ef4-27d047c390bb
264e6e56-aaf2-4e56-8c0d-999fe3bd904a	203-01r	55c1fae8-1e3d-4754-a548-1fcee1121f83
3199e21d-0e51-4621-975c-e29187424609	203-02r	55c1fae8-1e3d-4754-a548-1fcee1121f83
3f8c3c9a-9e36-4d21-8a8d-262a9d6b09b3	203-03p	6cfd3a83-0f9a-440d-94dd-669955edf69a
0a7c9c80-c15c-41c9-8861-2e2fd6dbac2b	203-02r	6cfd3a83-0f9a-440d-94dd-669955edf69a
65a9e05f-f217-46e6-b534-72b15fbea355	203-01r	6cfd3a83-0f9a-440d-94dd-669955edf69a
cdb5be2c-6a45-46b9-a6f2-5556852dc0e5	203-03p	55c1fae8-1e3d-4754-a548-1fcee1121f83
a63e5acb-84b7-4012-8bbf-ce41cec1f80b	204-01r	ad77fd55-c6c0-4fd1-834d-c11e31a80ac6
97b87382-5446-444c-bb0d-6ab777cbc4cb	204-02r	ad77fd55-c6c0-4fd1-834d-c11e31a80ac6
67d51d29-d208-4712-9600-435c1bf26b51	204-03p	ad77fd55-c6c0-4fd1-834d-c11e31a80ac6
af7cca62-7f4f-45ce-a2cd-30f819f2f3e3	204-03p	34bfaeec-113b-417e-9d1a-9c40e03fecf5
b850701e-9884-493a-81b7-8377a306ae73	204-02r	34bfaeec-113b-417e-9d1a-9c40e03fecf5
07ae1b74-f4e7-4b47-89ea-732393343587	204-01r	34bfaeec-113b-417e-9d1a-9c40e03fecf5
8cbd3313-adf9-4d7f-a828-e110e9f8d2e5	205-01r	1912443e-a159-47a7-8ae9-d3f584ad03eb
e9a60375-b370-4950-88d1-a79550c6a0bd	205-02r	1912443e-a159-47a7-8ae9-d3f584ad03eb
ab41cd4f-dfd7-48bd-8094-e9c545a63ed0	205-03p	1912443e-a159-47a7-8ae9-d3f584ad03eb
8af24e96-33a4-49cf-b8c7-8d9134db4c88	205-01r	a550b01f-92f2-4477-a894-fa7dfa9852e7
3840daf4-86e6-4339-86d0-f27666c0f64f	205-02r	a550b01f-92f2-4477-a894-fa7dfa9852e7
939c6d45-4a91-4bcf-8225-710c4689271a	205-03p	a550b01f-92f2-4477-a894-fa7dfa9852e7
\.


--
-- Name: auth_group_id_seq; Type: SEQUENCE SET; Schema: public; Owner: admin
--

SELECT pg_catalog.setval('public.auth_group_id_seq', 1, false);


--
-- Name: auth_group_permissions_id_seq; Type: SEQUENCE SET; Schema: public; Owner: admin
--

SELECT pg_catalog.setval('public.auth_group_permissions_id_seq', 1, false);


--
-- Name: auth_permission_id_seq; Type: SEQUENCE SET; Schema: public; Owner: admin
--

SELECT pg_catalog.setval('public.auth_permission_id_seq', 165, true);


--
-- Name: auth_user_groups_id_seq; Type: SEQUENCE SET; Schema: public; Owner: admin
--

SELECT pg_catalog.setval('public.auth_user_groups_id_seq', 1, false);


--
-- Name: auth_user_id_seq; Type: SEQUENCE SET; Schema: public; Owner: admin
--

SELECT pg_catalog.setval('public.auth_user_id_seq', 1, true);


--
-- Name: auth_user_user_permissions_id_seq; Type: SEQUENCE SET; Schema: public; Owner: admin
--

SELECT pg_catalog.setval('public.auth_user_user_permissions_id_seq', 1, false);


--
-- Name: device_device_accessories_id_seq; Type: SEQUENCE SET; Schema: public; Owner: admin
--

SELECT pg_catalog.setval('public.device_device_accessories_id_seq', 160, true);


--
-- Name: device_device_consumable_id_seq; Type: SEQUENCE SET; Schema: public; Owner: admin
--

SELECT pg_catalog.setval('public.device_device_consumable_id_seq', 34, true);


--
-- Name: django_admin_log_id_seq; Type: SEQUENCE SET; Schema: public; Owner: admin
--

SELECT pg_catalog.setval('public.django_admin_log_id_seq', 32, true);


--
-- Name: django_content_type_id_seq; Type: SEQUENCE SET; Schema: public; Owner: admin
--

SELECT pg_catalog.setval('public.django_content_type_id_seq', 36, true);


--
-- Name: django_migrations_id_seq; Type: SEQUENCE SET; Schema: public; Owner: admin
--

SELECT pg_catalog.setval('public.django_migrations_id_seq', 65, true);


--
-- Name: accounting_accounting accounting_accounting_pkey; Type: CONSTRAINT; Schema: public; Owner: admin
--

ALTER TABLE ONLY public.accounting_accounting
    ADD CONSTRAINT accounting_accounting_pkey PRIMARY KEY (id);


--
-- Name: accounting_categories accounting_categories_pkey; Type: CONSTRAINT; Schema: public; Owner: admin
--

ALTER TABLE ONLY public.accounting_categories
    ADD CONSTRAINT accounting_categories_pkey PRIMARY KEY (id);


--
-- Name: accounting_categories accounting_categories_slug_key; Type: CONSTRAINT; Schema: public; Owner: admin
--

ALTER TABLE ONLY public.accounting_categories
    ADD CONSTRAINT accounting_categories_slug_key UNIQUE (slug);


--
-- Name: auth_group auth_group_name_key; Type: CONSTRAINT; Schema: public; Owner: admin
--

ALTER TABLE ONLY public.auth_group
    ADD CONSTRAINT auth_group_name_key UNIQUE (name);


--
-- Name: auth_group_permissions auth_group_permissions_group_id_permission_id_0cd325b0_uniq; Type: CONSTRAINT; Schema: public; Owner: admin
--

ALTER TABLE ONLY public.auth_group_permissions
    ADD CONSTRAINT auth_group_permissions_group_id_permission_id_0cd325b0_uniq UNIQUE (group_id, permission_id);


--
-- Name: auth_group_permissions auth_group_permissions_pkey; Type: CONSTRAINT; Schema: public; Owner: admin
--

ALTER TABLE ONLY public.auth_group_permissions
    ADD CONSTRAINT auth_group_permissions_pkey PRIMARY KEY (id);


--
-- Name: auth_group auth_group_pkey; Type: CONSTRAINT; Schema: public; Owner: admin
--

ALTER TABLE ONLY public.auth_group
    ADD CONSTRAINT auth_group_pkey PRIMARY KEY (id);


--
-- Name: auth_permission auth_permission_content_type_id_codename_01ab375a_uniq; Type: CONSTRAINT; Schema: public; Owner: admin
--

ALTER TABLE ONLY public.auth_permission
    ADD CONSTRAINT auth_permission_content_type_id_codename_01ab375a_uniq UNIQUE (content_type_id, codename);


--
-- Name: auth_permission auth_permission_pkey; Type: CONSTRAINT; Schema: public; Owner: admin
--

ALTER TABLE ONLY public.auth_permission
    ADD CONSTRAINT auth_permission_pkey PRIMARY KEY (id);


--
-- Name: auth_user_groups auth_user_groups_pkey; Type: CONSTRAINT; Schema: public; Owner: admin
--

ALTER TABLE ONLY public.auth_user_groups
    ADD CONSTRAINT auth_user_groups_pkey PRIMARY KEY (id);


--
-- Name: auth_user_groups auth_user_groups_user_id_group_id_94350c0c_uniq; Type: CONSTRAINT; Schema: public; Owner: admin
--

ALTER TABLE ONLY public.auth_user_groups
    ADD CONSTRAINT auth_user_groups_user_id_group_id_94350c0c_uniq UNIQUE (user_id, group_id);


--
-- Name: auth_user auth_user_pkey; Type: CONSTRAINT; Schema: public; Owner: admin
--

ALTER TABLE ONLY public.auth_user
    ADD CONSTRAINT auth_user_pkey PRIMARY KEY (id);


--
-- Name: auth_user_user_permissions auth_user_user_permissions_pkey; Type: CONSTRAINT; Schema: public; Owner: admin
--

ALTER TABLE ONLY public.auth_user_user_permissions
    ADD CONSTRAINT auth_user_user_permissions_pkey PRIMARY KEY (id);


--
-- Name: auth_user_user_permissions auth_user_user_permissions_user_id_permission_id_14a6b632_uniq; Type: CONSTRAINT; Schema: public; Owner: admin
--

ALTER TABLE ONLY public.auth_user_user_permissions
    ADD CONSTRAINT auth_user_user_permissions_user_id_permission_id_14a6b632_uniq UNIQUE (user_id, permission_id);


--
-- Name: auth_user auth_user_username_key; Type: CONSTRAINT; Schema: public; Owner: admin
--

ALTER TABLE ONLY public.auth_user
    ADD CONSTRAINT auth_user_username_key UNIQUE (username);


--
-- Name: consumables_acccat consumables_acccat_pkey; Type: CONSTRAINT; Schema: public; Owner: admin
--

ALTER TABLE ONLY public.consumables_acccat
    ADD CONSTRAINT consumables_acccat_pkey PRIMARY KEY (id);


--
-- Name: consumables_acccat consumables_acccat_slug_key; Type: CONSTRAINT; Schema: public; Owner: admin
--

ALTER TABLE ONLY public.consumables_acccat
    ADD CONSTRAINT consumables_acccat_slug_key UNIQUE (slug);


--
-- Name: consumables_accessories consumables_accessories_pkey; Type: CONSTRAINT; Schema: public; Owner: admin
--

ALTER TABLE ONLY public.consumables_accessories
    ADD CONSTRAINT consumables_accessories_pkey PRIMARY KEY (id);


--
-- Name: consumables_categories consumables_categories_pkey; Type: CONSTRAINT; Schema: public; Owner: admin
--

ALTER TABLE ONLY public.consumables_categories
    ADD CONSTRAINT consumables_categories_pkey PRIMARY KEY (id);


--
-- Name: consumables_categories consumables_categories_slug_key; Type: CONSTRAINT; Schema: public; Owner: admin
--

ALTER TABLE ONLY public.consumables_categories
    ADD CONSTRAINT consumables_categories_slug_key UNIQUE (slug);


--
-- Name: consumables_consumables consumables_consumables_pkey; Type: CONSTRAINT; Schema: public; Owner: admin
--

ALTER TABLE ONLY public.consumables_consumables
    ADD CONSTRAINT consumables_consumables_pkey PRIMARY KEY (id);


--
-- Name: counterparty_manufacturer counterparty_manufacturer_pkey; Type: CONSTRAINT; Schema: public; Owner: admin
--

ALTER TABLE ONLY public.counterparty_manufacturer
    ADD CONSTRAINT counterparty_manufacturer_pkey PRIMARY KEY (id);


--
-- Name: decommission_categorydec decommission_categorydec_pkey; Type: CONSTRAINT; Schema: public; Owner: admin
--

ALTER TABLE ONLY public.decommission_categorydec
    ADD CONSTRAINT decommission_categorydec_pkey PRIMARY KEY (id);


--
-- Name: decommission_categorydec decommission_categorydec_slug_key; Type: CONSTRAINT; Schema: public; Owner: admin
--

ALTER TABLE ONLY public.decommission_categorydec
    ADD CONSTRAINT decommission_categorydec_slug_key UNIQUE (slug);


--
-- Name: decommission_categorydis decommission_categorydis_pkey; Type: CONSTRAINT; Schema: public; Owner: admin
--

ALTER TABLE ONLY public.decommission_categorydis
    ADD CONSTRAINT decommission_categorydis_pkey PRIMARY KEY (id);


--
-- Name: decommission_categorydis decommission_categorydis_slug_key; Type: CONSTRAINT; Schema: public; Owner: admin
--

ALTER TABLE ONLY public.decommission_categorydis
    ADD CONSTRAINT decommission_categorydis_slug_key UNIQUE (slug);


--
-- Name: decommission_decommission decommission_decommission_pkey; Type: CONSTRAINT; Schema: public; Owner: admin
--

ALTER TABLE ONLY public.decommission_decommission
    ADD CONSTRAINT decommission_decommission_pkey PRIMARY KEY (stock_model_id);


--
-- Name: decommission_disposal decommission_disposal_pkey; Type: CONSTRAINT; Schema: public; Owner: admin
--

ALTER TABLE ONLY public.decommission_disposal
    ADD CONSTRAINT decommission_disposal_pkey PRIMARY KEY (stock_model_id);


--
-- Name: device_device_accessories device_device_accessorie_device_id_accessories_id_201be2a2_uniq; Type: CONSTRAINT; Schema: public; Owner: admin
--

ALTER TABLE ONLY public.device_device_accessories
    ADD CONSTRAINT device_device_accessorie_device_id_accessories_id_201be2a2_uniq UNIQUE (device_id, accessories_id);


--
-- Name: device_device_accessories device_device_accessories_pkey; Type: CONSTRAINT; Schema: public; Owner: admin
--

ALTER TABLE ONLY public.device_device_accessories
    ADD CONSTRAINT device_device_accessories_pkey PRIMARY KEY (id);


--
-- Name: device_device_consumable device_device_consumable_device_id_consumables_id_89a7cf64_uniq; Type: CONSTRAINT; Schema: public; Owner: admin
--

ALTER TABLE ONLY public.device_device_consumable
    ADD CONSTRAINT device_device_consumable_device_id_consumables_id_89a7cf64_uniq UNIQUE (device_id, consumables_id);


--
-- Name: device_device_consumable device_device_consumable_pkey; Type: CONSTRAINT; Schema: public; Owner: admin
--

ALTER TABLE ONLY public.device_device_consumable
    ADD CONSTRAINT device_device_consumable_pkey PRIMARY KEY (id);


--
-- Name: device_device device_device_pkey; Type: CONSTRAINT; Schema: public; Owner: admin
--

ALTER TABLE ONLY public.device_device
    ADD CONSTRAINT device_device_pkey PRIMARY KEY (id);


--
-- Name: device_devicecat device_devicecat_pkey; Type: CONSTRAINT; Schema: public; Owner: admin
--

ALTER TABLE ONLY public.device_devicecat
    ADD CONSTRAINT device_devicecat_pkey PRIMARY KEY (id);


--
-- Name: device_devicecat device_devicecat_slug_key; Type: CONSTRAINT; Schema: public; Owner: admin
--

ALTER TABLE ONLY public.device_devicecat
    ADD CONSTRAINT device_devicecat_slug_key UNIQUE (slug);


--
-- Name: django_admin_log django_admin_log_pkey; Type: CONSTRAINT; Schema: public; Owner: admin
--

ALTER TABLE ONLY public.django_admin_log
    ADD CONSTRAINT django_admin_log_pkey PRIMARY KEY (id);


--
-- Name: django_content_type django_content_type_app_label_model_76bd3d3b_uniq; Type: CONSTRAINT; Schema: public; Owner: admin
--

ALTER TABLE ONLY public.django_content_type
    ADD CONSTRAINT django_content_type_app_label_model_76bd3d3b_uniq UNIQUE (app_label, model);


--
-- Name: django_content_type django_content_type_pkey; Type: CONSTRAINT; Schema: public; Owner: admin
--

ALTER TABLE ONLY public.django_content_type
    ADD CONSTRAINT django_content_type_pkey PRIMARY KEY (id);


--
-- Name: django_migrations django_migrations_pkey; Type: CONSTRAINT; Schema: public; Owner: admin
--

ALTER TABLE ONLY public.django_migrations
    ADD CONSTRAINT django_migrations_pkey PRIMARY KEY (id);


--
-- Name: django_session django_session_pkey; Type: CONSTRAINT; Schema: public; Owner: admin
--

ALTER TABLE ONLY public.django_session
    ADD CONSTRAINT django_session_pkey PRIMARY KEY (session_key);


--
-- Name: employee_departament employee_departament_pkey; Type: CONSTRAINT; Schema: public; Owner: admin
--

ALTER TABLE ONLY public.employee_departament
    ADD CONSTRAINT employee_departament_pkey PRIMARY KEY (id);


--
-- Name: employee_employee employee_employee_employeeEmail_key; Type: CONSTRAINT; Schema: public; Owner: admin
--

ALTER TABLE ONLY public.employee_employee
    ADD CONSTRAINT "employee_employee_employeeEmail_key" UNIQUE ("employeeEmail");


--
-- Name: employee_employee employee_employee_pkey; Type: CONSTRAINT; Schema: public; Owner: admin
--

ALTER TABLE ONLY public.employee_employee
    ADD CONSTRAINT employee_employee_pkey PRIMARY KEY (id);


--
-- Name: employee_post employee_post_pkey; Type: CONSTRAINT; Schema: public; Owner: admin
--

ALTER TABLE ONLY public.employee_post
    ADD CONSTRAINT employee_post_pkey PRIMARY KEY (id);


--
-- Name: signature_signature signature_signature_pkey; Type: CONSTRAINT; Schema: public; Owner: admin
--

ALTER TABLE ONLY public.signature_signature
    ADD CONSTRAINT signature_signature_pkey PRIMARY KEY (id);


--
-- Name: software_os software_os_pkey; Type: CONSTRAINT; Schema: public; Owner: admin
--

ALTER TABLE ONLY public.software_os
    ADD CONSTRAINT software_os_pkey PRIMARY KEY (id);


--
-- Name: software_software software_software_pkey; Type: CONSTRAINT; Schema: public; Owner: admin
--

ALTER TABLE ONLY public.software_software
    ADD CONSTRAINT software_software_pkey PRIMARY KEY (id);


--
-- Name: stockroom_categoryacc stockroom_categoryacc_pkey; Type: CONSTRAINT; Schema: public; Owner: admin
--

ALTER TABLE ONLY public.stockroom_categoryacc
    ADD CONSTRAINT stockroom_categoryacc_pkey PRIMARY KEY (id);


--
-- Name: stockroom_categoryacc stockroom_categoryacc_slug_key; Type: CONSTRAINT; Schema: public; Owner: admin
--

ALTER TABLE ONLY public.stockroom_categoryacc
    ADD CONSTRAINT stockroom_categoryacc_slug_key UNIQUE (slug);


--
-- Name: stockroom_categorydev stockroom_categorydev_pkey; Type: CONSTRAINT; Schema: public; Owner: admin
--

ALTER TABLE ONLY public.stockroom_categorydev
    ADD CONSTRAINT stockroom_categorydev_pkey PRIMARY KEY (id);


--
-- Name: stockroom_categorydev stockroom_categorydev_slug_key; Type: CONSTRAINT; Schema: public; Owner: admin
--

ALTER TABLE ONLY public.stockroom_categorydev
    ADD CONSTRAINT stockroom_categorydev_slug_key UNIQUE (slug);


--
-- Name: stockroom_history stockroom_history_pkey; Type: CONSTRAINT; Schema: public; Owner: admin
--

ALTER TABLE ONLY public.stockroom_history
    ADD CONSTRAINT stockroom_history_pkey PRIMARY KEY (id);


--
-- Name: stockroom_historyacc stockroom_historyacc_pkey; Type: CONSTRAINT; Schema: public; Owner: admin
--

ALTER TABLE ONLY public.stockroom_historyacc
    ADD CONSTRAINT stockroom_historyacc_pkey PRIMARY KEY (id);


--
-- Name: stockroom_historydev stockroom_historydev_pkey; Type: CONSTRAINT; Schema: public; Owner: admin
--

ALTER TABLE ONLY public.stockroom_historydev
    ADD CONSTRAINT stockroom_historydev_pkey PRIMARY KEY (id);


--
-- Name: stockroom_stockacc stockroom_stockacc_pkey; Type: CONSTRAINT; Schema: public; Owner: admin
--

ALTER TABLE ONLY public.stockroom_stockacc
    ADD CONSTRAINT stockroom_stockacc_pkey PRIMARY KEY (stock_model_id);


--
-- Name: stockroom_stockcat stockroom_stockcat_pkey; Type: CONSTRAINT; Schema: public; Owner: admin
--

ALTER TABLE ONLY public.stockroom_stockcat
    ADD CONSTRAINT stockroom_stockcat_pkey PRIMARY KEY (id);


--
-- Name: stockroom_stockcat stockroom_stockcat_slug_key; Type: CONSTRAINT; Schema: public; Owner: admin
--

ALTER TABLE ONLY public.stockroom_stockcat
    ADD CONSTRAINT stockroom_stockcat_slug_key UNIQUE (slug);


--
-- Name: stockroom_stockdev stockroom_stockdev_pkey; Type: CONSTRAINT; Schema: public; Owner: admin
--

ALTER TABLE ONLY public.stockroom_stockdev
    ADD CONSTRAINT stockroom_stockdev_pkey PRIMARY KEY (stock_model_id);


--
-- Name: stockroom_stockroom stockroom_stockroom_pkey; Type: CONSTRAINT; Schema: public; Owner: admin
--

ALTER TABLE ONLY public.stockroom_stockroom
    ADD CONSTRAINT stockroom_stockroom_pkey PRIMARY KEY (stock_model_id);


--
-- Name: workplace_room workplace_room_pkey; Type: CONSTRAINT; Schema: public; Owner: admin
--

ALTER TABLE ONLY public.workplace_room
    ADD CONSTRAINT workplace_room_pkey PRIMARY KEY (id);


--
-- Name: workplace_workplace workplace_workplace_pkey; Type: CONSTRAINT; Schema: public; Owner: admin
--

ALTER TABLE ONLY public.workplace_workplace
    ADD CONSTRAINT workplace_workplace_pkey PRIMARY KEY (id);


--
-- Name: accounting_accounting_accessories_id_4439d030; Type: INDEX; Schema: public; Owner: admin
--

CREATE INDEX accounting_accounting_accessories_id_4439d030 ON public.accounting_accounting USING btree (accessories_id);


--
-- Name: accounting_accounting_categories_id_bfe27269; Type: INDEX; Schema: public; Owner: admin
--

CREATE INDEX accounting_accounting_categories_id_bfe27269 ON public.accounting_accounting USING btree (categories_id);


--
-- Name: accounting_accounting_consumable_id_c389b5a8; Type: INDEX; Schema: public; Owner: admin
--

CREATE INDEX accounting_accounting_consumable_id_c389b5a8 ON public.accounting_accounting USING btree (consumable_id);


--
-- Name: accounting_categories_slug_250b51c0_like; Type: INDEX; Schema: public; Owner: admin
--

CREATE INDEX accounting_categories_slug_250b51c0_like ON public.accounting_categories USING btree (slug varchar_pattern_ops);


--
-- Name: auth_group_name_a6ea08ec_like; Type: INDEX; Schema: public; Owner: admin
--

CREATE INDEX auth_group_name_a6ea08ec_like ON public.auth_group USING btree (name varchar_pattern_ops);


--
-- Name: auth_group_permissions_group_id_b120cbf9; Type: INDEX; Schema: public; Owner: admin
--

CREATE INDEX auth_group_permissions_group_id_b120cbf9 ON public.auth_group_permissions USING btree (group_id);


--
-- Name: auth_group_permissions_permission_id_84c5c92e; Type: INDEX; Schema: public; Owner: admin
--

CREATE INDEX auth_group_permissions_permission_id_84c5c92e ON public.auth_group_permissions USING btree (permission_id);


--
-- Name: auth_permission_content_type_id_2f476e4b; Type: INDEX; Schema: public; Owner: admin
--

CREATE INDEX auth_permission_content_type_id_2f476e4b ON public.auth_permission USING btree (content_type_id);


--
-- Name: auth_user_groups_group_id_97559544; Type: INDEX; Schema: public; Owner: admin
--

CREATE INDEX auth_user_groups_group_id_97559544 ON public.auth_user_groups USING btree (group_id);


--
-- Name: auth_user_groups_user_id_6a12ed8b; Type: INDEX; Schema: public; Owner: admin
--

CREATE INDEX auth_user_groups_user_id_6a12ed8b ON public.auth_user_groups USING btree (user_id);


--
-- Name: auth_user_user_permissions_permission_id_1fbb5f2c; Type: INDEX; Schema: public; Owner: admin
--

CREATE INDEX auth_user_user_permissions_permission_id_1fbb5f2c ON public.auth_user_user_permissions USING btree (permission_id);


--
-- Name: auth_user_user_permissions_user_id_a95ead1b; Type: INDEX; Schema: public; Owner: admin
--

CREATE INDEX auth_user_user_permissions_user_id_a95ead1b ON public.auth_user_user_permissions USING btree (user_id);


--
-- Name: auth_user_username_6821ab7c_like; Type: INDEX; Schema: public; Owner: admin
--

CREATE INDEX auth_user_username_6821ab7c_like ON public.auth_user USING btree (username varchar_pattern_ops);


--
-- Name: consumables_acccat_slug_59369c29_like; Type: INDEX; Schema: public; Owner: admin
--

CREATE INDEX consumables_acccat_slug_59369c29_like ON public.consumables_acccat USING btree (slug varchar_pattern_ops);


--
-- Name: consumables_accessories_categories_id_37054ae3; Type: INDEX; Schema: public; Owner: admin
--

CREATE INDEX consumables_accessories_categories_id_37054ae3 ON public.consumables_accessories USING btree (categories_id);


--
-- Name: consumables_accessories_manufacturer_id_5c644091; Type: INDEX; Schema: public; Owner: admin
--

CREATE INDEX consumables_accessories_manufacturer_id_5c644091 ON public.consumables_accessories USING btree (manufacturer_id);


--
-- Name: consumables_categories_slug_be26b38e_like; Type: INDEX; Schema: public; Owner: admin
--

CREATE INDEX consumables_categories_slug_be26b38e_like ON public.consumables_categories USING btree (slug varchar_pattern_ops);


--
-- Name: consumables_consumables_categories_id_c8ee6df2; Type: INDEX; Schema: public; Owner: admin
--

CREATE INDEX consumables_consumables_categories_id_c8ee6df2 ON public.consumables_consumables USING btree (categories_id);


--
-- Name: consumables_consumables_manufacturer_id_ae04008d; Type: INDEX; Schema: public; Owner: admin
--

CREATE INDEX consumables_consumables_manufacturer_id_ae04008d ON public.consumables_consumables USING btree (manufacturer_id);


--
-- Name: decommission_categorydec_slug_ead7257b_like; Type: INDEX; Schema: public; Owner: admin
--

CREATE INDEX decommission_categorydec_slug_ead7257b_like ON public.decommission_categorydec USING btree (slug varchar_pattern_ops);


--
-- Name: decommission_categorydis_slug_6a12cccd_like; Type: INDEX; Schema: public; Owner: admin
--

CREATE INDEX decommission_categorydis_slug_6a12cccd_like ON public.decommission_categorydis USING btree (slug varchar_pattern_ops);


--
-- Name: decommission_decommission_categories_id_032c934d; Type: INDEX; Schema: public; Owner: admin
--

CREATE INDEX decommission_decommission_categories_id_032c934d ON public.decommission_decommission USING btree (categories_id);


--
-- Name: decommission_disposal_categories_id_8b461caa; Type: INDEX; Schema: public; Owner: admin
--

CREATE INDEX decommission_disposal_categories_id_8b461caa ON public.decommission_disposal USING btree (categories_id);


--
-- Name: device_device_accessories_accessories_id_7107fe25; Type: INDEX; Schema: public; Owner: admin
--

CREATE INDEX device_device_accessories_accessories_id_7107fe25 ON public.device_device_accessories USING btree (accessories_id);


--
-- Name: device_device_accessories_device_id_58f3d66d; Type: INDEX; Schema: public; Owner: admin
--

CREATE INDEX device_device_accessories_device_id_58f3d66d ON public.device_device_accessories USING btree (device_id);


--
-- Name: device_device_categories_id_d7675360; Type: INDEX; Schema: public; Owner: admin
--

CREATE INDEX device_device_categories_id_d7675360 ON public.device_device USING btree (categories_id);


--
-- Name: device_device_consumable_consumables_id_c989e803; Type: INDEX; Schema: public; Owner: admin
--

CREATE INDEX device_device_consumable_consumables_id_c989e803 ON public.device_device_consumable USING btree (consumables_id);


--
-- Name: device_device_consumable_device_id_3f2081a3; Type: INDEX; Schema: public; Owner: admin
--

CREATE INDEX device_device_consumable_device_id_3f2081a3 ON public.device_device_consumable USING btree (device_id);


--
-- Name: device_device_manufacturer_id_85faa3ef; Type: INDEX; Schema: public; Owner: admin
--

CREATE INDEX device_device_manufacturer_id_85faa3ef ON public.device_device USING btree (manufacturer_id);


--
-- Name: device_device_workplace_id_9fe13170; Type: INDEX; Schema: public; Owner: admin
--

CREATE INDEX device_device_workplace_id_9fe13170 ON public.device_device USING btree (workplace_id);


--
-- Name: device_devicecat_slug_9af32803_like; Type: INDEX; Schema: public; Owner: admin
--

CREATE INDEX device_devicecat_slug_9af32803_like ON public.device_devicecat USING btree (slug varchar_pattern_ops);


--
-- Name: django_admin_log_content_type_id_c4bce8eb; Type: INDEX; Schema: public; Owner: admin
--

CREATE INDEX django_admin_log_content_type_id_c4bce8eb ON public.django_admin_log USING btree (content_type_id);


--
-- Name: django_admin_log_user_id_c564eba6; Type: INDEX; Schema: public; Owner: admin
--

CREATE INDEX django_admin_log_user_id_c564eba6 ON public.django_admin_log USING btree (user_id);


--
-- Name: django_session_expire_date_a5c62663; Type: INDEX; Schema: public; Owner: admin
--

CREATE INDEX django_session_expire_date_a5c62663 ON public.django_session USING btree (expire_date);


--
-- Name: django_session_session_key_c0390e0f_like; Type: INDEX; Schema: public; Owner: admin
--

CREATE INDEX django_session_session_key_c0390e0f_like ON public.django_session USING btree (session_key varchar_pattern_ops);


--
-- Name: employee_employee_employeeEmail_96b023a9_like; Type: INDEX; Schema: public; Owner: admin
--

CREATE INDEX "employee_employee_employeeEmail_96b023a9_like" ON public.employee_employee USING btree ("employeeEmail" varchar_pattern_ops);


--
-- Name: employee_employee_post_id_8cbc2ce4; Type: INDEX; Schema: public; Owner: admin
--

CREATE INDEX employee_employee_post_id_8cbc2ce4 ON public.employee_employee USING btree (post_id);


--
-- Name: employee_employee_workplace_id_49829270; Type: INDEX; Schema: public; Owner: admin
--

CREATE INDEX employee_employee_workplace_id_49829270 ON public.employee_employee USING btree (workplace_id);


--
-- Name: employee_post_departament_id_89330dcf; Type: INDEX; Schema: public; Owner: admin
--

CREATE INDEX employee_post_departament_id_89330dcf ON public.employee_post USING btree (departament_id);


--
-- Name: signature_signature_employeeRegister_id_989e3767; Type: INDEX; Schema: public; Owner: admin
--

CREATE INDEX "signature_signature_employeeRegister_id_989e3767" ON public.signature_signature USING btree ("employeeRegister_id");


--
-- Name: signature_signature_employeeStorage_id_43d89ad6; Type: INDEX; Schema: public; Owner: admin
--

CREATE INDEX "signature_signature_employeeStorage_id_43d89ad6" ON public.signature_signature USING btree ("employeeStorage_id");


--
-- Name: signature_signature_storage_id_08318af9; Type: INDEX; Schema: public; Owner: admin
--

CREATE INDEX signature_signature_storage_id_08318af9 ON public.signature_signature USING btree (storage_id);


--
-- Name: signature_signature_workstation_id_536cbeb4; Type: INDEX; Schema: public; Owner: admin
--

CREATE INDEX signature_signature_workstation_id_536cbeb4 ON public.signature_signature USING btree (workstation_id);


--
-- Name: software_os_manufacturer_id_92f35604; Type: INDEX; Schema: public; Owner: admin
--

CREATE INDEX software_os_manufacturer_id_92f35604 ON public.software_os USING btree (manufacturer_id);


--
-- Name: software_software_manufacturer_id_e03d2bf0; Type: INDEX; Schema: public; Owner: admin
--

CREATE INDEX software_software_manufacturer_id_e03d2bf0 ON public.software_software USING btree (manufacturer_id);


--
-- Name: stockroom_categoryacc_slug_2100ee90_like; Type: INDEX; Schema: public; Owner: admin
--

CREATE INDEX stockroom_categoryacc_slug_2100ee90_like ON public.stockroom_categoryacc USING btree (slug varchar_pattern_ops);


--
-- Name: stockroom_categorydev_slug_4c013f61_like; Type: INDEX; Schema: public; Owner: admin
--

CREATE INDEX stockroom_categorydev_slug_4c013f61_like ON public.stockroom_categorydev USING btree (slug varchar_pattern_ops);


--
-- Name: stockroom_history_categories_id_5a48ef37; Type: INDEX; Schema: public; Owner: admin
--

CREATE INDEX stockroom_history_categories_id_5a48ef37 ON public.stockroom_history USING btree (categories_id);


--
-- Name: stockroom_historyacc_categories_id_1d72468f; Type: INDEX; Schema: public; Owner: admin
--

CREATE INDEX stockroom_historyacc_categories_id_1d72468f ON public.stockroom_historyacc USING btree (categories_id);


--
-- Name: stockroom_historydev_categories_id_6e2c116e; Type: INDEX; Schema: public; Owner: admin
--

CREATE INDEX stockroom_historydev_categories_id_6e2c116e ON public.stockroom_historydev USING btree (categories_id);


--
-- Name: stockroom_stockacc_categories_id_c58fdc7e; Type: INDEX; Schema: public; Owner: admin
--

CREATE INDEX stockroom_stockacc_categories_id_c58fdc7e ON public.stockroom_stockacc USING btree (categories_id);


--
-- Name: stockroom_stockcat_slug_eaed5976_like; Type: INDEX; Schema: public; Owner: admin
--

CREATE INDEX stockroom_stockcat_slug_eaed5976_like ON public.stockroom_stockcat USING btree (slug varchar_pattern_ops);


--
-- Name: stockroom_stockdev_categories_id_5783715e; Type: INDEX; Schema: public; Owner: admin
--

CREATE INDEX stockroom_stockdev_categories_id_5783715e ON public.stockroom_stockdev USING btree (categories_id);


--
-- Name: stockroom_stockroom_categories_id_6da07d4a; Type: INDEX; Schema: public; Owner: admin
--

CREATE INDEX stockroom_stockroom_categories_id_6da07d4a ON public.stockroom_stockroom USING btree (categories_id);


--
-- Name: workplace_workplace_room_id_00d411b8; Type: INDEX; Schema: public; Owner: admin
--

CREATE INDEX workplace_workplace_room_id_00d411b8 ON public.workplace_workplace USING btree (room_id);


--
-- Name: accounting_accounting accounting_accountin_accessories_id_4439d030_fk_consumabl; Type: FK CONSTRAINT; Schema: public; Owner: admin
--

ALTER TABLE ONLY public.accounting_accounting
    ADD CONSTRAINT accounting_accountin_accessories_id_4439d030_fk_consumabl FOREIGN KEY (accessories_id) REFERENCES public.consumables_accessories(id) DEFERRABLE INITIALLY DEFERRED;


--
-- Name: accounting_accounting accounting_accountin_categories_id_bfe27269_fk_accountin; Type: FK CONSTRAINT; Schema: public; Owner: admin
--

ALTER TABLE ONLY public.accounting_accounting
    ADD CONSTRAINT accounting_accountin_categories_id_bfe27269_fk_accountin FOREIGN KEY (categories_id) REFERENCES public.accounting_categories(id) DEFERRABLE INITIALLY DEFERRED;


--
-- Name: accounting_accounting accounting_accountin_consumable_id_c389b5a8_fk_consumabl; Type: FK CONSTRAINT; Schema: public; Owner: admin
--

ALTER TABLE ONLY public.accounting_accounting
    ADD CONSTRAINT accounting_accountin_consumable_id_c389b5a8_fk_consumabl FOREIGN KEY (consumable_id) REFERENCES public.consumables_consumables(id) DEFERRABLE INITIALLY DEFERRED;


--
-- Name: auth_group_permissions auth_group_permissio_permission_id_84c5c92e_fk_auth_perm; Type: FK CONSTRAINT; Schema: public; Owner: admin
--

ALTER TABLE ONLY public.auth_group_permissions
    ADD CONSTRAINT auth_group_permissio_permission_id_84c5c92e_fk_auth_perm FOREIGN KEY (permission_id) REFERENCES public.auth_permission(id) DEFERRABLE INITIALLY DEFERRED;


--
-- Name: auth_group_permissions auth_group_permissions_group_id_b120cbf9_fk_auth_group_id; Type: FK CONSTRAINT; Schema: public; Owner: admin
--

ALTER TABLE ONLY public.auth_group_permissions
    ADD CONSTRAINT auth_group_permissions_group_id_b120cbf9_fk_auth_group_id FOREIGN KEY (group_id) REFERENCES public.auth_group(id) DEFERRABLE INITIALLY DEFERRED;


--
-- Name: auth_permission auth_permission_content_type_id_2f476e4b_fk_django_co; Type: FK CONSTRAINT; Schema: public; Owner: admin
--

ALTER TABLE ONLY public.auth_permission
    ADD CONSTRAINT auth_permission_content_type_id_2f476e4b_fk_django_co FOREIGN KEY (content_type_id) REFERENCES public.django_content_type(id) DEFERRABLE INITIALLY DEFERRED;


--
-- Name: auth_user_groups auth_user_groups_group_id_97559544_fk_auth_group_id; Type: FK CONSTRAINT; Schema: public; Owner: admin
--

ALTER TABLE ONLY public.auth_user_groups
    ADD CONSTRAINT auth_user_groups_group_id_97559544_fk_auth_group_id FOREIGN KEY (group_id) REFERENCES public.auth_group(id) DEFERRABLE INITIALLY DEFERRED;


--
-- Name: auth_user_groups auth_user_groups_user_id_6a12ed8b_fk_auth_user_id; Type: FK CONSTRAINT; Schema: public; Owner: admin
--

ALTER TABLE ONLY public.auth_user_groups
    ADD CONSTRAINT auth_user_groups_user_id_6a12ed8b_fk_auth_user_id FOREIGN KEY (user_id) REFERENCES public.auth_user(id) DEFERRABLE INITIALLY DEFERRED;


--
-- Name: auth_user_user_permissions auth_user_user_permi_permission_id_1fbb5f2c_fk_auth_perm; Type: FK CONSTRAINT; Schema: public; Owner: admin
--

ALTER TABLE ONLY public.auth_user_user_permissions
    ADD CONSTRAINT auth_user_user_permi_permission_id_1fbb5f2c_fk_auth_perm FOREIGN KEY (permission_id) REFERENCES public.auth_permission(id) DEFERRABLE INITIALLY DEFERRED;


--
-- Name: auth_user_user_permissions auth_user_user_permissions_user_id_a95ead1b_fk_auth_user_id; Type: FK CONSTRAINT; Schema: public; Owner: admin
--

ALTER TABLE ONLY public.auth_user_user_permissions
    ADD CONSTRAINT auth_user_user_permissions_user_id_a95ead1b_fk_auth_user_id FOREIGN KEY (user_id) REFERENCES public.auth_user(id) DEFERRABLE INITIALLY DEFERRED;


--
-- Name: consumables_accessories consumables_accessor_categories_id_37054ae3_fk_consumabl; Type: FK CONSTRAINT; Schema: public; Owner: admin
--

ALTER TABLE ONLY public.consumables_accessories
    ADD CONSTRAINT consumables_accessor_categories_id_37054ae3_fk_consumabl FOREIGN KEY (categories_id) REFERENCES public.consumables_acccat(id) DEFERRABLE INITIALLY DEFERRED;


--
-- Name: consumables_accessories consumables_accessor_manufacturer_id_5c644091_fk_counterpa; Type: FK CONSTRAINT; Schema: public; Owner: admin
--

ALTER TABLE ONLY public.consumables_accessories
    ADD CONSTRAINT consumables_accessor_manufacturer_id_5c644091_fk_counterpa FOREIGN KEY (manufacturer_id) REFERENCES public.counterparty_manufacturer(id) DEFERRABLE INITIALLY DEFERRED;


--
-- Name: consumables_consumables consumables_consumab_categories_id_c8ee6df2_fk_consumabl; Type: FK CONSTRAINT; Schema: public; Owner: admin
--

ALTER TABLE ONLY public.consumables_consumables
    ADD CONSTRAINT consumables_consumab_categories_id_c8ee6df2_fk_consumabl FOREIGN KEY (categories_id) REFERENCES public.consumables_categories(id) DEFERRABLE INITIALLY DEFERRED;


--
-- Name: consumables_consumables consumables_consumab_manufacturer_id_ae04008d_fk_counterpa; Type: FK CONSTRAINT; Schema: public; Owner: admin
--

ALTER TABLE ONLY public.consumables_consumables
    ADD CONSTRAINT consumables_consumab_manufacturer_id_ae04008d_fk_counterpa FOREIGN KEY (manufacturer_id) REFERENCES public.counterparty_manufacturer(id) DEFERRABLE INITIALLY DEFERRED;


--
-- Name: decommission_decommission decommission_decommi_categories_id_032c934d_fk_decommiss; Type: FK CONSTRAINT; Schema: public; Owner: admin
--

ALTER TABLE ONLY public.decommission_decommission
    ADD CONSTRAINT decommission_decommi_categories_id_032c934d_fk_decommiss FOREIGN KEY (categories_id) REFERENCES public.decommission_categorydec(id) DEFERRABLE INITIALLY DEFERRED;


--
-- Name: decommission_decommission decommission_decommi_stock_model_id_50f02c98_fk_device_de; Type: FK CONSTRAINT; Schema: public; Owner: admin
--

ALTER TABLE ONLY public.decommission_decommission
    ADD CONSTRAINT decommission_decommi_stock_model_id_50f02c98_fk_device_de FOREIGN KEY (stock_model_id) REFERENCES public.device_device(id) DEFERRABLE INITIALLY DEFERRED;


--
-- Name: decommission_disposal decommission_disposa_categories_id_8b461caa_fk_decommiss; Type: FK CONSTRAINT; Schema: public; Owner: admin
--

ALTER TABLE ONLY public.decommission_disposal
    ADD CONSTRAINT decommission_disposa_categories_id_8b461caa_fk_decommiss FOREIGN KEY (categories_id) REFERENCES public.decommission_categorydis(id) DEFERRABLE INITIALLY DEFERRED;


--
-- Name: decommission_disposal decommission_disposa_stock_model_id_3e2d33cc_fk_device_de; Type: FK CONSTRAINT; Schema: public; Owner: admin
--

ALTER TABLE ONLY public.decommission_disposal
    ADD CONSTRAINT decommission_disposa_stock_model_id_3e2d33cc_fk_device_de FOREIGN KEY (stock_model_id) REFERENCES public.device_device(id) DEFERRABLE INITIALLY DEFERRED;


--
-- Name: device_device_accessories device_device_access_accessories_id_7107fe25_fk_consumabl; Type: FK CONSTRAINT; Schema: public; Owner: admin
--

ALTER TABLE ONLY public.device_device_accessories
    ADD CONSTRAINT device_device_access_accessories_id_7107fe25_fk_consumabl FOREIGN KEY (accessories_id) REFERENCES public.consumables_accessories(id) DEFERRABLE INITIALLY DEFERRED;


--
-- Name: device_device_accessories device_device_access_device_id_58f3d66d_fk_device_de; Type: FK CONSTRAINT; Schema: public; Owner: admin
--

ALTER TABLE ONLY public.device_device_accessories
    ADD CONSTRAINT device_device_access_device_id_58f3d66d_fk_device_de FOREIGN KEY (device_id) REFERENCES public.device_device(id) DEFERRABLE INITIALLY DEFERRED;


--
-- Name: device_device device_device_categories_id_d7675360_fk_device_devicecat_id; Type: FK CONSTRAINT; Schema: public; Owner: admin
--

ALTER TABLE ONLY public.device_device
    ADD CONSTRAINT device_device_categories_id_d7675360_fk_device_devicecat_id FOREIGN KEY (categories_id) REFERENCES public.device_devicecat(id) DEFERRABLE INITIALLY DEFERRED;


--
-- Name: device_device_consumable device_device_consum_consumables_id_c989e803_fk_consumabl; Type: FK CONSTRAINT; Schema: public; Owner: admin
--

ALTER TABLE ONLY public.device_device_consumable
    ADD CONSTRAINT device_device_consum_consumables_id_c989e803_fk_consumabl FOREIGN KEY (consumables_id) REFERENCES public.consumables_consumables(id) DEFERRABLE INITIALLY DEFERRED;


--
-- Name: device_device_consumable device_device_consumable_device_id_3f2081a3_fk_device_device_id; Type: FK CONSTRAINT; Schema: public; Owner: admin
--

ALTER TABLE ONLY public.device_device_consumable
    ADD CONSTRAINT device_device_consumable_device_id_3f2081a3_fk_device_device_id FOREIGN KEY (device_id) REFERENCES public.device_device(id) DEFERRABLE INITIALLY DEFERRED;


--
-- Name: device_device device_device_manufacturer_id_85faa3ef_fk_counterpa; Type: FK CONSTRAINT; Schema: public; Owner: admin
--

ALTER TABLE ONLY public.device_device
    ADD CONSTRAINT device_device_manufacturer_id_85faa3ef_fk_counterpa FOREIGN KEY (manufacturer_id) REFERENCES public.counterparty_manufacturer(id) DEFERRABLE INITIALLY DEFERRED;


--
-- Name: device_device device_device_workplace_id_9fe13170_fk_workplace_workplace_id; Type: FK CONSTRAINT; Schema: public; Owner: admin
--

ALTER TABLE ONLY public.device_device
    ADD CONSTRAINT device_device_workplace_id_9fe13170_fk_workplace_workplace_id FOREIGN KEY (workplace_id) REFERENCES public.workplace_workplace(id) DEFERRABLE INITIALLY DEFERRED;


--
-- Name: django_admin_log django_admin_log_content_type_id_c4bce8eb_fk_django_co; Type: FK CONSTRAINT; Schema: public; Owner: admin
--

ALTER TABLE ONLY public.django_admin_log
    ADD CONSTRAINT django_admin_log_content_type_id_c4bce8eb_fk_django_co FOREIGN KEY (content_type_id) REFERENCES public.django_content_type(id) DEFERRABLE INITIALLY DEFERRED;


--
-- Name: django_admin_log django_admin_log_user_id_c564eba6_fk_auth_user_id; Type: FK CONSTRAINT; Schema: public; Owner: admin
--

ALTER TABLE ONLY public.django_admin_log
    ADD CONSTRAINT django_admin_log_user_id_c564eba6_fk_auth_user_id FOREIGN KEY (user_id) REFERENCES public.auth_user(id) DEFERRABLE INITIALLY DEFERRED;


--
-- Name: employee_employee employee_employee_post_id_8cbc2ce4_fk_employee_post_id; Type: FK CONSTRAINT; Schema: public; Owner: admin
--

ALTER TABLE ONLY public.employee_employee
    ADD CONSTRAINT employee_employee_post_id_8cbc2ce4_fk_employee_post_id FOREIGN KEY (post_id) REFERENCES public.employee_post(id) DEFERRABLE INITIALLY DEFERRED;


--
-- Name: employee_employee employee_employee_workplace_id_49829270_fk_workplace; Type: FK CONSTRAINT; Schema: public; Owner: admin
--

ALTER TABLE ONLY public.employee_employee
    ADD CONSTRAINT employee_employee_workplace_id_49829270_fk_workplace FOREIGN KEY (workplace_id) REFERENCES public.workplace_workplace(id) DEFERRABLE INITIALLY DEFERRED;


--
-- Name: employee_post employee_post_departament_id_89330dcf_fk_employee_; Type: FK CONSTRAINT; Schema: public; Owner: admin
--

ALTER TABLE ONLY public.employee_post
    ADD CONSTRAINT employee_post_departament_id_89330dcf_fk_employee_ FOREIGN KEY (departament_id) REFERENCES public.employee_departament(id) DEFERRABLE INITIALLY DEFERRED;


--
-- Name: signature_signature signature_signature_employeeRegister_id_989e3767_fk_employee_; Type: FK CONSTRAINT; Schema: public; Owner: admin
--

ALTER TABLE ONLY public.signature_signature
    ADD CONSTRAINT "signature_signature_employeeRegister_id_989e3767_fk_employee_" FOREIGN KEY ("employeeRegister_id") REFERENCES public.employee_employee(id) DEFERRABLE INITIALLY DEFERRED;


--
-- Name: signature_signature signature_signature_employeeStorage_id_43d89ad6_fk_employee_; Type: FK CONSTRAINT; Schema: public; Owner: admin
--

ALTER TABLE ONLY public.signature_signature
    ADD CONSTRAINT "signature_signature_employeeStorage_id_43d89ad6_fk_employee_" FOREIGN KEY ("employeeStorage_id") REFERENCES public.employee_employee(id) DEFERRABLE INITIALLY DEFERRED;


--
-- Name: signature_signature signature_signature_storage_id_08318af9_fk_consumabl; Type: FK CONSTRAINT; Schema: public; Owner: admin
--

ALTER TABLE ONLY public.signature_signature
    ADD CONSTRAINT signature_signature_storage_id_08318af9_fk_consumabl FOREIGN KEY (storage_id) REFERENCES public.consumables_consumables(id) DEFERRABLE INITIALLY DEFERRED;


--
-- Name: signature_signature signature_signature_workstation_id_536cbeb4_fk_device_device_id; Type: FK CONSTRAINT; Schema: public; Owner: admin
--

ALTER TABLE ONLY public.signature_signature
    ADD CONSTRAINT signature_signature_workstation_id_536cbeb4_fk_device_device_id FOREIGN KEY (workstation_id) REFERENCES public.device_device(id) DEFERRABLE INITIALLY DEFERRED;


--
-- Name: software_os software_os_manufacturer_id_92f35604_fk_counterpa; Type: FK CONSTRAINT; Schema: public; Owner: admin
--

ALTER TABLE ONLY public.software_os
    ADD CONSTRAINT software_os_manufacturer_id_92f35604_fk_counterpa FOREIGN KEY (manufacturer_id) REFERENCES public.counterparty_manufacturer(id) DEFERRABLE INITIALLY DEFERRED;


--
-- Name: software_software software_software_manufacturer_id_e03d2bf0_fk_counterpa; Type: FK CONSTRAINT; Schema: public; Owner: admin
--

ALTER TABLE ONLY public.software_software
    ADD CONSTRAINT software_software_manufacturer_id_e03d2bf0_fk_counterpa FOREIGN KEY (manufacturer_id) REFERENCES public.counterparty_manufacturer(id) DEFERRABLE INITIALLY DEFERRED;


--
-- Name: stockroom_history stockroom_history_categories_id_5a48ef37_fk_stockroom; Type: FK CONSTRAINT; Schema: public; Owner: admin
--

ALTER TABLE ONLY public.stockroom_history
    ADD CONSTRAINT stockroom_history_categories_id_5a48ef37_fk_stockroom FOREIGN KEY (categories_id) REFERENCES public.stockroom_stockcat(id) DEFERRABLE INITIALLY DEFERRED;


--
-- Name: stockroom_historyacc stockroom_historyacc_categories_id_1d72468f_fk_stockroom; Type: FK CONSTRAINT; Schema: public; Owner: admin
--

ALTER TABLE ONLY public.stockroom_historyacc
    ADD CONSTRAINT stockroom_historyacc_categories_id_1d72468f_fk_stockroom FOREIGN KEY (categories_id) REFERENCES public.stockroom_categoryacc(id) DEFERRABLE INITIALLY DEFERRED;


--
-- Name: stockroom_historydev stockroom_historydev_categories_id_6e2c116e_fk_stockroom; Type: FK CONSTRAINT; Schema: public; Owner: admin
--

ALTER TABLE ONLY public.stockroom_historydev
    ADD CONSTRAINT stockroom_historydev_categories_id_6e2c116e_fk_stockroom FOREIGN KEY (categories_id) REFERENCES public.stockroom_categorydev(id) DEFERRABLE INITIALLY DEFERRED;


--
-- Name: stockroom_stockacc stockroom_stockacc_categories_id_c58fdc7e_fk_stockroom; Type: FK CONSTRAINT; Schema: public; Owner: admin
--

ALTER TABLE ONLY public.stockroom_stockacc
    ADD CONSTRAINT stockroom_stockacc_categories_id_c58fdc7e_fk_stockroom FOREIGN KEY (categories_id) REFERENCES public.stockroom_categoryacc(id) DEFERRABLE INITIALLY DEFERRED;


--
-- Name: stockroom_stockacc stockroom_stockacc_stock_model_id_6f4f595b_fk_consumabl; Type: FK CONSTRAINT; Schema: public; Owner: admin
--

ALTER TABLE ONLY public.stockroom_stockacc
    ADD CONSTRAINT stockroom_stockacc_stock_model_id_6f4f595b_fk_consumabl FOREIGN KEY (stock_model_id) REFERENCES public.consumables_accessories(id) DEFERRABLE INITIALLY DEFERRED;


--
-- Name: stockroom_stockdev stockroom_stockdev_categories_id_5783715e_fk_stockroom; Type: FK CONSTRAINT; Schema: public; Owner: admin
--

ALTER TABLE ONLY public.stockroom_stockdev
    ADD CONSTRAINT stockroom_stockdev_categories_id_5783715e_fk_stockroom FOREIGN KEY (categories_id) REFERENCES public.stockroom_categorydev(id) DEFERRABLE INITIALLY DEFERRED;


--
-- Name: stockroom_stockdev stockroom_stockdev_stock_model_id_e9cda98f_fk_device_device_id; Type: FK CONSTRAINT; Schema: public; Owner: admin
--

ALTER TABLE ONLY public.stockroom_stockdev
    ADD CONSTRAINT stockroom_stockdev_stock_model_id_e9cda98f_fk_device_device_id FOREIGN KEY (stock_model_id) REFERENCES public.device_device(id) DEFERRABLE INITIALLY DEFERRED;


--
-- Name: stockroom_stockroom stockroom_stockroom_categories_id_6da07d4a_fk_stockroom; Type: FK CONSTRAINT; Schema: public; Owner: admin
--

ALTER TABLE ONLY public.stockroom_stockroom
    ADD CONSTRAINT stockroom_stockroom_categories_id_6da07d4a_fk_stockroom FOREIGN KEY (categories_id) REFERENCES public.stockroom_stockcat(id) DEFERRABLE INITIALLY DEFERRED;


--
-- Name: stockroom_stockroom stockroom_stockroom_stock_model_id_e54e9046_fk_consumabl; Type: FK CONSTRAINT; Schema: public; Owner: admin
--

ALTER TABLE ONLY public.stockroom_stockroom
    ADD CONSTRAINT stockroom_stockroom_stock_model_id_e54e9046_fk_consumabl FOREIGN KEY (stock_model_id) REFERENCES public.consumables_consumables(id) DEFERRABLE INITIALLY DEFERRED;


--
-- Name: workplace_workplace workplace_workplace_room_id_00d411b8_fk_workplace_room_id; Type: FK CONSTRAINT; Schema: public; Owner: admin
--

ALTER TABLE ONLY public.workplace_workplace
    ADD CONSTRAINT workplace_workplace_room_id_00d411b8_fk_workplace_room_id FOREIGN KEY (room_id) REFERENCES public.workplace_room(id) DEFERRABLE INITIALLY DEFERRED;


--
-- PostgreSQL database dump complete
--

