--
-- PostgreSQL database dump
--

-- Dumped from database version 14.7 (Debian 14.7-1.pgdg110+1)
-- Dumped by pg_dump version 14.5

-- Started on 2023-02-21 12:19:23 UTC

SET statement_timeout = 0;
SET lock_timeout = 0;
SET idle_in_transaction_session_timeout = 0;
SET client_encoding = 'UTF8';
SET standard_conforming_strings = on;
SELECT pg_catalog.set_config('search_path', '', false);
SET check_function_bodies = false;
SET xmloption = content;
SET client_min_messages = warning;
SET row_security = off;

SET default_tablespace = '';

SET default_table_access_method = heap;

--
-- TOC entry 209 (class 1259 OID 16385)
-- Name: auth_group; Type: TABLE; Schema: public; Owner: adminDevelop
--

CREATE TABLE public.auth_group (
    id integer NOT NULL,
    name character varying(150) NOT NULL
);


ALTER TABLE public.auth_group OWNER TO "adminDevelop";

--
-- TOC entry 210 (class 1259 OID 16388)
-- Name: auth_group_id_seq; Type: SEQUENCE; Schema: public; Owner: adminDevelop
--

ALTER TABLE public.auth_group ALTER COLUMN id ADD GENERATED BY DEFAULT AS IDENTITY (
    SEQUENCE NAME public.auth_group_id_seq
    START WITH 1
    INCREMENT BY 1
    NO MINVALUE
    NO MAXVALUE
    CACHE 1
);


--
-- TOC entry 211 (class 1259 OID 16389)
-- Name: auth_group_permissions; Type: TABLE; Schema: public; Owner: adminDevelop
--

CREATE TABLE public.auth_group_permissions (
    id bigint NOT NULL,
    group_id integer NOT NULL,
    permission_id integer NOT NULL
);


ALTER TABLE public.auth_group_permissions OWNER TO "adminDevelop";

--
-- TOC entry 212 (class 1259 OID 16392)
-- Name: auth_group_permissions_id_seq; Type: SEQUENCE; Schema: public; Owner: adminDevelop
--

ALTER TABLE public.auth_group_permissions ALTER COLUMN id ADD GENERATED BY DEFAULT AS IDENTITY (
    SEQUENCE NAME public.auth_group_permissions_id_seq
    START WITH 1
    INCREMENT BY 1
    NO MINVALUE
    NO MAXVALUE
    CACHE 1
);


--
-- TOC entry 213 (class 1259 OID 16393)
-- Name: auth_permission; Type: TABLE; Schema: public; Owner: adminDevelop
--

CREATE TABLE public.auth_permission (
    id integer NOT NULL,
    name character varying(255) NOT NULL,
    content_type_id integer NOT NULL,
    codename character varying(100) NOT NULL
);


ALTER TABLE public.auth_permission OWNER TO "adminDevelop";

--
-- TOC entry 214 (class 1259 OID 16396)
-- Name: auth_permission_id_seq; Type: SEQUENCE; Schema: public; Owner: adminDevelop
--

ALTER TABLE public.auth_permission ALTER COLUMN id ADD GENERATED BY DEFAULT AS IDENTITY (
    SEQUENCE NAME public.auth_permission_id_seq
    START WITH 1
    INCREMENT BY 1
    NO MINVALUE
    NO MAXVALUE
    CACHE 1
);


--
-- TOC entry 215 (class 1259 OID 16397)
-- Name: auth_user; Type: TABLE; Schema: public; Owner: adminDevelop
--

CREATE TABLE public.auth_user (
    id integer NOT NULL,
    password character varying(128) NOT NULL,
    last_login timestamp with time zone,
    is_superuser boolean NOT NULL,
    username character varying(150) NOT NULL,
    first_name character varying(150) NOT NULL,
    last_name character varying(150) NOT NULL,
    email character varying(254) NOT NULL,
    is_staff boolean NOT NULL,
    is_active boolean NOT NULL,
    date_joined timestamp with time zone NOT NULL
);


ALTER TABLE public.auth_user OWNER TO "adminDevelop";

--
-- TOC entry 216 (class 1259 OID 16402)
-- Name: auth_user_groups; Type: TABLE; Schema: public; Owner: adminDevelop
--

CREATE TABLE public.auth_user_groups (
    id bigint NOT NULL,
    user_id integer NOT NULL,
    group_id integer NOT NULL
);


ALTER TABLE public.auth_user_groups OWNER TO "adminDevelop";

--
-- TOC entry 217 (class 1259 OID 16405)
-- Name: auth_user_groups_id_seq; Type: SEQUENCE; Schema: public; Owner: adminDevelop
--

ALTER TABLE public.auth_user_groups ALTER COLUMN id ADD GENERATED BY DEFAULT AS IDENTITY (
    SEQUENCE NAME public.auth_user_groups_id_seq
    START WITH 1
    INCREMENT BY 1
    NO MINVALUE
    NO MAXVALUE
    CACHE 1
);


--
-- TOC entry 218 (class 1259 OID 16406)
-- Name: auth_user_id_seq; Type: SEQUENCE; Schema: public; Owner: adminDevelop
--

ALTER TABLE public.auth_user ALTER COLUMN id ADD GENERATED BY DEFAULT AS IDENTITY (
    SEQUENCE NAME public.auth_user_id_seq
    START WITH 1
    INCREMENT BY 1
    NO MINVALUE
    NO MAXVALUE
    CACHE 1
);


--
-- TOC entry 219 (class 1259 OID 16407)
-- Name: auth_user_user_permissions; Type: TABLE; Schema: public; Owner: adminDevelop
--

CREATE TABLE public.auth_user_user_permissions (
    id bigint NOT NULL,
    user_id integer NOT NULL,
    permission_id integer NOT NULL
);


ALTER TABLE public.auth_user_user_permissions OWNER TO "adminDevelop";

--
-- TOC entry 220 (class 1259 OID 16410)
-- Name: auth_user_user_permissions_id_seq; Type: SEQUENCE; Schema: public; Owner: adminDevelop
--

ALTER TABLE public.auth_user_user_permissions ALTER COLUMN id ADD GENERATED BY DEFAULT AS IDENTITY (
    SEQUENCE NAME public.auth_user_user_permissions_id_seq
    START WITH 1
    INCREMENT BY 1
    NO MINVALUE
    NO MAXVALUE
    CACHE 1
);


--
-- TOC entry 221 (class 1259 OID 16411)
-- Name: catalog_references; Type: TABLE; Schema: public; Owner: adminDevelop
--

CREATE TABLE public.catalog_references (
    id uuid NOT NULL,
    name character varying(50) NOT NULL,
    linkname character varying(50) NOT NULL
);


ALTER TABLE public.catalog_references OWNER TO "adminDevelop";

--
-- TOC entry 222 (class 1259 OID 16414)
-- Name: consumables_categories; Type: TABLE; Schema: public; Owner: adminDevelop
--

CREATE TABLE public.consumables_categories (
    id uuid NOT NULL,
    name character varying(50) NOT NULL,
    slug character varying(50) NOT NULL
);


ALTER TABLE public.consumables_categories OWNER TO "adminDevelop";

--
-- TOC entry 223 (class 1259 OID 16417)
-- Name: consumables_consumables; Type: TABLE; Schema: public; Owner: adminDevelop
--

CREATE TABLE public.consumables_consumables (
    id uuid NOT NULL,
    name character varying(50) NOT NULL,
    serial character varying(50),
    "serialImg" character varying(100),
    invent character varying(50),
    "inventImg" character varying(100),
    "buhCode" character varying(50) NOT NULL,
    score integer NOT NULL,
    description text,
    note text,
    categories_id uuid,
    manufacturer_id uuid
);


ALTER TABLE public.consumables_consumables OWNER TO "adminDevelop";

--
-- TOC entry 224 (class 1259 OID 16422)
-- Name: counterparty_manufacturer; Type: TABLE; Schema: public; Owner: adminDevelop
--

CREATE TABLE public.counterparty_manufacturer (
    id uuid NOT NULL,
    name character varying(150) NOT NULL,
    country character varying(150) NOT NULL,
    production character varying(150) NOT NULL
);


ALTER TABLE public.counterparty_manufacturer OWNER TO "adminDevelop";

--
-- TOC entry 225 (class 1259 OID 16425)
-- Name: django_admin_log; Type: TABLE; Schema: public; Owner: adminDevelop
--

CREATE TABLE public.django_admin_log (
    id integer NOT NULL,
    action_time timestamp with time zone NOT NULL,
    object_id text,
    object_repr character varying(200) NOT NULL,
    action_flag smallint NOT NULL,
    change_message text NOT NULL,
    content_type_id integer,
    user_id integer NOT NULL,
    CONSTRAINT django_admin_log_action_flag_check CHECK ((action_flag >= 0))
);


ALTER TABLE public.django_admin_log OWNER TO "adminDevelop";

--
-- TOC entry 226 (class 1259 OID 16431)
-- Name: django_admin_log_id_seq; Type: SEQUENCE; Schema: public; Owner: adminDevelop
--

ALTER TABLE public.django_admin_log ALTER COLUMN id ADD GENERATED BY DEFAULT AS IDENTITY (
    SEQUENCE NAME public.django_admin_log_id_seq
    START WITH 1
    INCREMENT BY 1
    NO MINVALUE
    NO MAXVALUE
    CACHE 1
);


--
-- TOC entry 227 (class 1259 OID 16432)
-- Name: django_content_type; Type: TABLE; Schema: public; Owner: adminDevelop
--

CREATE TABLE public.django_content_type (
    id integer NOT NULL,
    app_label character varying(100) NOT NULL,
    model character varying(100) NOT NULL
);


ALTER TABLE public.django_content_type OWNER TO "adminDevelop";

--
-- TOC entry 228 (class 1259 OID 16435)
-- Name: django_content_type_id_seq; Type: SEQUENCE; Schema: public; Owner: adminDevelop
--

ALTER TABLE public.django_content_type ALTER COLUMN id ADD GENERATED BY DEFAULT AS IDENTITY (
    SEQUENCE NAME public.django_content_type_id_seq
    START WITH 1
    INCREMENT BY 1
    NO MINVALUE
    NO MAXVALUE
    CACHE 1
);


--
-- TOC entry 229 (class 1259 OID 16436)
-- Name: django_migrations; Type: TABLE; Schema: public; Owner: adminDevelop
--

CREATE TABLE public.django_migrations (
    id bigint NOT NULL,
    app character varying(255) NOT NULL,
    name character varying(255) NOT NULL,
    applied timestamp with time zone NOT NULL
);


ALTER TABLE public.django_migrations OWNER TO "adminDevelop";

--
-- TOC entry 230 (class 1259 OID 16441)
-- Name: django_migrations_id_seq; Type: SEQUENCE; Schema: public; Owner: adminDevelop
--

ALTER TABLE public.django_migrations ALTER COLUMN id ADD GENERATED BY DEFAULT AS IDENTITY (
    SEQUENCE NAME public.django_migrations_id_seq
    START WITH 1
    INCREMENT BY 1
    NO MINVALUE
    NO MAXVALUE
    CACHE 1
);


--
-- TOC entry 231 (class 1259 OID 16442)
-- Name: django_session; Type: TABLE; Schema: public; Owner: adminDevelop
--

CREATE TABLE public.django_session (
    session_key character varying(40) NOT NULL,
    session_data text NOT NULL,
    expire_date timestamp with time zone NOT NULL
);


ALTER TABLE public.django_session OWNER TO "adminDevelop";

--
-- TOC entry 232 (class 1259 OID 16447)
-- Name: employee_departament; Type: TABLE; Schema: public; Owner: adminDevelop
--

CREATE TABLE public.employee_departament (
    id uuid NOT NULL,
    name character varying(50) NOT NULL
);


ALTER TABLE public.employee_departament OWNER TO "adminDevelop";

--
-- TOC entry 233 (class 1259 OID 16450)
-- Name: employee_employee; Type: TABLE; Schema: public; Owner: adminDevelop
--

CREATE TABLE public.employee_employee (
    id uuid NOT NULL,
    name character varying(50) NOT NULL,
    sername character varying(50) NOT NULL,
    family character varying(50) NOT NULL,
    "employeeEmail" character varying(254),
    post_id uuid,
    workplace_id uuid
);


ALTER TABLE public.employee_employee OWNER TO "adminDevelop";

--
-- TOC entry 234 (class 1259 OID 16453)
-- Name: employee_post; Type: TABLE; Schema: public; Owner: adminDevelop
--

CREATE TABLE public.employee_post (
    id uuid NOT NULL,
    name character varying(50) NOT NULL,
    departament_id uuid
);


ALTER TABLE public.employee_post OWNER TO "adminDevelop";

--
-- TOC entry 256 (class 1259 OID 17010)
-- Name: printer_categories; Type: TABLE; Schema: public; Owner: adminDevelop
--

CREATE TABLE public.printer_categories (
    id uuid NOT NULL,
    name character varying(50) NOT NULL,
    slug character varying(50) NOT NULL
);


ALTER TABLE public.printer_categories OWNER TO "adminDevelop";

--
-- TOC entry 235 (class 1259 OID 16456)
-- Name: printer_printer; Type: TABLE; Schema: public; Owner: adminDevelop
--

CREATE TABLE public.printer_printer (
    id uuid NOT NULL,
    name character varying(50),
    serial character varying(50),
    "serialImg" character varying(100),
    invent character varying(50),
    "inventImg" character varying(100),
    "usbPort" text,
    "lanPort" text,
    tray1 text NOT NULL,
    tray2 text NOT NULL,
    tray3 text NOT NULL,
    "traySide" text NOT NULL,
    score integer,
    manufacturer_id uuid,
    workplace_id uuid,
    note text,
    cartridge_id uuid,
    fotodrumm_id uuid,
    fotoval_id uuid,
    toner_id uuid,
    categories_id uuid
);


ALTER TABLE public.printer_printer OWNER TO "adminDevelop";

--
-- TOC entry 236 (class 1259 OID 16461)
-- Name: signature_signature; Type: TABLE; Schema: public; Owner: adminDevelop
--

CREATE TABLE public.signature_signature (
    id uuid NOT NULL,
    name character varying(50),
    "licenseKeyFileOpen" character varying(100),
    "licenseKeyFileClose" character varying(100),
    "periodOpen" date,
    "periodClose" date,
    "employeeRegister_id" uuid,
    "employeeStorage_id" uuid,
    storage_id uuid,
    workstation_id uuid
);


ALTER TABLE public.signature_signature OWNER TO "adminDevelop";

--
-- TOC entry 237 (class 1259 OID 16464)
-- Name: software_os; Type: TABLE; Schema: public; Owner: adminDevelop
--

CREATE TABLE public.software_os (
    id uuid NOT NULL,
    name character varying(50) NOT NULL,
    version character varying(200),
    "bitDepth" character varying(200),
    "licenseKeyText" character varying(50),
    "licenseKeyImg" character varying(100),
    "licenseKeyFile" character varying(100),
    manufacturer_id uuid
);


ALTER TABLE public.software_os OWNER TO "adminDevelop";

--
-- TOC entry 238 (class 1259 OID 16469)
-- Name: software_software; Type: TABLE; Schema: public; Owner: adminDevelop
--

CREATE TABLE public.software_software (
    id uuid NOT NULL,
    name character varying(50) NOT NULL,
    version character varying(200),
    "bitDepth" character varying(200),
    "licenseKeyText" character varying(50),
    "licenseKeyImg" character varying(100),
    "licenseKeyFile" character varying(100),
    manufacturer_id uuid
);


ALTER TABLE public.software_software OWNER TO "adminDevelop";

--
-- TOC entry 239 (class 1259 OID 16474)
-- Name: stockroom_categories; Type: TABLE; Schema: public; Owner: adminDevelop
--

CREATE TABLE public.stockroom_categories (
    id uuid NOT NULL,
    name character varying(50) NOT NULL,
    slug character varying(50) NOT NULL
);


ALTER TABLE public.stockroom_categories OWNER TO "adminDevelop";

--
-- TOC entry 240 (class 1259 OID 16477)
-- Name: stockroom_stockroom; Type: TABLE; Schema: public; Owner: adminDevelop
--

CREATE TABLE public.stockroom_stockroom (
    consumables_id uuid NOT NULL,
    "dateAddToStock" date,
    "dateInstall" date,
    categories_id uuid,
    rack integer,
    shelf integer
);


ALTER TABLE public.stockroom_stockroom OWNER TO "adminDevelop";

--
-- TOC entry 241 (class 1259 OID 16480)
-- Name: ups_cassette; Type: TABLE; Schema: public; Owner: adminDevelop
--

CREATE TABLE public.ups_cassette (
    id uuid NOT NULL,
    name character varying(50) NOT NULL,
    serial character varying(50),
    "serialImg" character varying(100),
    invent character varying(50),
    "inventImg" character varying(100),
    power character varying(50),
    voltage character varying(50),
    current character varying(50),
    score integer,
    manufacturer_id uuid,
    accumulator_id uuid
);


ALTER TABLE public.ups_cassette OWNER TO "adminDevelop";

--
-- TOC entry 242 (class 1259 OID 16485)
-- Name: ups_ups; Type: TABLE; Schema: public; Owner: adminDevelop
--

CREATE TABLE public.ups_ups (
    id uuid NOT NULL,
    name character varying(50) NOT NULL,
    serial character varying(50),
    "serialImg" character varying(100),
    invent character varying(50),
    "inventImg" character varying(100),
    power character varying(50),
    voltage character varying(50),
    current character varying(50),
    score integer,
    cassette_id uuid,
    manufacturer_id uuid,
    accumulator_id uuid
);


ALTER TABLE public.ups_ups OWNER TO "adminDevelop";

--
-- TOC entry 243 (class 1259 OID 16490)
-- Name: workplace_room; Type: TABLE; Schema: public; Owner: adminDevelop
--

CREATE TABLE public.workplace_room (
    id uuid NOT NULL,
    name character varying(15) NOT NULL,
    building character varying(25) NOT NULL,
    floor character varying(25) NOT NULL
);


ALTER TABLE public.workplace_room OWNER TO "adminDevelop";

--
-- TOC entry 244 (class 1259 OID 16493)
-- Name: workplace_workplace; Type: TABLE; Schema: public; Owner: adminDevelop
--

CREATE TABLE public.workplace_workplace (
    id uuid NOT NULL,
    name character varying(50) NOT NULL,
    room_id uuid
);


ALTER TABLE public.workplace_workplace OWNER TO "adminDevelop";

--
-- TOC entry 257 (class 1259 OID 17024)
-- Name: workstation_categories; Type: TABLE; Schema: public; Owner: adminDevelop
--

CREATE TABLE public.workstation_categories (
    id uuid NOT NULL,
    name character varying(50) NOT NULL,
    slug character varying(50) NOT NULL
);


ALTER TABLE public.workstation_categories OWNER TO "adminDevelop";

--
-- TOC entry 245 (class 1259 OID 16496)
-- Name: workstation_cpu; Type: TABLE; Schema: public; Owner: adminDevelop
--

CREATE TABLE public.workstation_cpu (
    id uuid NOT NULL,
    name character varying(50) NOT NULL,
    serial character varying(50),
    "serialImg" character varying(100),
    invent character varying(50),
    "inventImg" character varying(100),
    socket character varying(50),
    frequency character varying(50),
    l1 character varying(50),
    l2 character varying(50),
    l3 character varying(50),
    core character varying(50),
    thread character varying(50),
    memory character varying(50),
    "memoryCapacity" character varying(50),
    "channelsCapacity" character varying(50),
    tdp character varying(50),
    supply character varying(50),
    score integer,
    manufacturer_id uuid
);


ALTER TABLE public.workstation_cpu OWNER TO "adminDevelop";

--
-- TOC entry 246 (class 1259 OID 16501)
-- Name: workstation_dcpower; Type: TABLE; Schema: public; Owner: adminDevelop
--

CREATE TABLE public.workstation_dcpower (
    id uuid NOT NULL,
    name character varying(50) NOT NULL,
    serial character varying(50),
    "serialImg" character varying(100),
    invent character varying(50),
    "inventImg" character varying(100),
    power character varying(50),
    motherboard character varying(50),
    cpu character varying(50),
    gpu character varying(50),
    sata character varying(50),
    molex character varying(50),
    score integer,
    manufacturer_id uuid
);


ALTER TABLE public.workstation_dcpower OWNER TO "adminDevelop";

--
-- TOC entry 247 (class 1259 OID 16506)
-- Name: workstation_gpu; Type: TABLE; Schema: public; Owner: adminDevelop
--

CREATE TABLE public.workstation_gpu (
    id uuid NOT NULL,
    name character varying(50) NOT NULL,
    type character varying(50) NOT NULL,
    serial character varying(50),
    "serialImg" character varying(100),
    invent character varying(50),
    "inventImg" character varying(100),
    gram character varying(50),
    "gramType" character varying(50),
    pcie character varying(50),
    supply character varying(50),
    score integer,
    manufacturer_id uuid
);


ALTER TABLE public.workstation_gpu OWNER TO "adminDevelop";

--
-- TOC entry 248 (class 1259 OID 16511)
-- Name: workstation_hdd; Type: TABLE; Schema: public; Owner: adminDevelop
--

CREATE TABLE public.workstation_hdd (
    id uuid NOT NULL,
    name character varying(50) NOT NULL,
    serial character varying(50),
    "serialImg" character varying(100),
    invent character varying(50),
    "inventImg" character varying(100),
    capacity character varying(50),
    plug character varying(50),
    "speedRead" character varying(50),
    "speadWrite" character varying(50),
    rpm character varying(50),
    score integer,
    manufacturer_id uuid
);


ALTER TABLE public.workstation_hdd OWNER TO "adminDevelop";

--
-- TOC entry 249 (class 1259 OID 16516)
-- Name: workstation_keyboard; Type: TABLE; Schema: public; Owner: adminDevelop
--

CREATE TABLE public.workstation_keyboard (
    id uuid NOT NULL,
    name character varying(50) NOT NULL,
    serial character varying(50),
    "serialImg" character varying(100),
    invent character varying(50),
    "inventImg" character varying(100),
    score integer,
    manufacturer_id uuid
);


ALTER TABLE public.workstation_keyboard OWNER TO "adminDevelop";

--
-- TOC entry 250 (class 1259 OID 16519)
-- Name: workstation_monitor; Type: TABLE; Schema: public; Owner: adminDevelop
--

CREATE TABLE public.workstation_monitor (
    id uuid NOT NULL,
    name character varying(50) NOT NULL,
    serial character varying(50),
    "serialImg" character varying(100),
    invent character varying(50),
    "inventImg" character varying(100),
    resolution character varying(50),
    frequency character varying(50),
    "typeDisplay" character varying(50),
    dpi character varying(50),
    "usbPort" character varying(50),
    hdmi character varying(50),
    vga character varying(50),
    dvi character varying(50),
    "displayPort" character varying(50),
    manufacturer_id uuid
);


ALTER TABLE public.workstation_monitor OWNER TO "adminDevelop";

--
-- TOC entry 251 (class 1259 OID 16524)
-- Name: workstation_motherboard; Type: TABLE; Schema: public; Owner: adminDevelop
--

CREATE TABLE public.workstation_motherboard (
    id uuid NOT NULL,
    name character varying(50) NOT NULL,
    serial character varying(50),
    "serialImg" character varying(100),
    invent character varying(50),
    "inventImg" character varying(100),
    "cpuSoket" text,
    "ramSlot" text,
    usb_2 text,
    usb_3 text,
    usb_3_1 text,
    usb_3_2 text,
    usb_4_0 text,
    "comPort" text,
    pcie_x1 text,
    pcie_x16 text,
    pci text,
    sata text,
    m2 text,
    vga text,
    hdmi text,
    dvi text,
    "dispayPort" text,
    "powerSupply" text,
    "powerSupplyCPU" text,
    manufacturer_id uuid
);


ALTER TABLE public.workstation_motherboard OWNER TO "adminDevelop";

--
-- TOC entry 252 (class 1259 OID 16529)
-- Name: workstation_mouse; Type: TABLE; Schema: public; Owner: adminDevelop
--

CREATE TABLE public.workstation_mouse (
    id uuid NOT NULL,
    name character varying(50) NOT NULL,
    serial character varying(50),
    "serialImg" character varying(100),
    invent character varying(50),
    "inventImg" character varying(100),
    score integer,
    manufacturer_id uuid
);


ALTER TABLE public.workstation_mouse OWNER TO "adminDevelop";

--
-- TOC entry 253 (class 1259 OID 16532)
-- Name: workstation_ram; Type: TABLE; Schema: public; Owner: adminDevelop
--

CREATE TABLE public.workstation_ram (
    id uuid NOT NULL,
    name character varying(50) NOT NULL,
    type character varying(50) NOT NULL,
    serial character varying(50),
    "serialImg" character varying(100),
    invent character varying(50),
    "inventImg" character varying(100),
    "ramCapacity" character varying(50),
    rang character varying(50),
    score integer,
    manufacturer_id uuid
);


ALTER TABLE public.workstation_ram OWNER TO "adminDevelop";

--
-- TOC entry 254 (class 1259 OID 16537)
-- Name: workstation_ssd; Type: TABLE; Schema: public; Owner: adminDevelop
--

CREATE TABLE public.workstation_ssd (
    id uuid NOT NULL,
    name character varying(50) NOT NULL,
    type character varying(50) NOT NULL,
    serial character varying(50),
    "serialImg" character varying(100),
    invent character varying(50),
    "inventImg" character varying(100),
    capacity character varying(50),
    plug character varying(50),
    "speedRead" character varying(50),
    "speadWrite" character varying(50),
    resourse character varying(50),
    score integer,
    manufacturer_id uuid
);


ALTER TABLE public.workstation_ssd OWNER TO "adminDevelop";

--
-- TOC entry 255 (class 1259 OID 16542)
-- Name: workstation_workstation; Type: TABLE; Schema: public; Owner: adminDevelop
--

CREATE TABLE public.workstation_workstation (
    id uuid NOT NULL,
    name character varying(50) NOT NULL,
    serial character varying(50),
    "serialImg" character varying(100),
    invent character varying(50),
    "inventImg" character varying(100),
    cpu_id uuid,
    dcpower_id uuid,
    employee_id uuid,
    gpu_id uuid,
    hdd_id uuid,
    "keyBoard_id" uuid,
    manufacturer_id uuid,
    monitor_id uuid,
    motherboard_id uuid,
    mouse_id uuid,
    os_id uuid,
    ram_id uuid,
    software_id uuid,
    ssd_id uuid,
    ups_id uuid,
    workplace_id uuid,
    categories_id uuid
);


ALTER TABLE public.workstation_workstation OWNER TO "adminDevelop";

--
-- TOC entry 3707 (class 0 OID 16385)
-- Dependencies: 209
-- Data for Name: auth_group; Type: TABLE DATA; Schema: public; Owner: adminDevelop
--



--
-- TOC entry 3709 (class 0 OID 16389)
-- Dependencies: 211
-- Data for Name: auth_group_permissions; Type: TABLE DATA; Schema: public; Owner: adminDevelop
--



--
-- TOC entry 3711 (class 0 OID 16393)
-- Dependencies: 213
-- Data for Name: auth_permission; Type: TABLE DATA; Schema: public; Owner: adminDevelop
--

INSERT INTO public.auth_permission (id, name, content_type_id, codename) VALUES (1, 'Can add log entry', 1, 'add_logentry');
INSERT INTO public.auth_permission (id, name, content_type_id, codename) VALUES (2, 'Can change log entry', 1, 'change_logentry');
INSERT INTO public.auth_permission (id, name, content_type_id, codename) VALUES (3, 'Can delete log entry', 1, 'delete_logentry');
INSERT INTO public.auth_permission (id, name, content_type_id, codename) VALUES (4, 'Can view log entry', 1, 'view_logentry');
INSERT INTO public.auth_permission (id, name, content_type_id, codename) VALUES (5, 'Can add permission', 2, 'add_permission');
INSERT INTO public.auth_permission (id, name, content_type_id, codename) VALUES (6, 'Can change permission', 2, 'change_permission');
INSERT INTO public.auth_permission (id, name, content_type_id, codename) VALUES (7, 'Can delete permission', 2, 'delete_permission');
INSERT INTO public.auth_permission (id, name, content_type_id, codename) VALUES (8, 'Can view permission', 2, 'view_permission');
INSERT INTO public.auth_permission (id, name, content_type_id, codename) VALUES (9, 'Can add group', 3, 'add_group');
INSERT INTO public.auth_permission (id, name, content_type_id, codename) VALUES (10, 'Can change group', 3, 'change_group');
INSERT INTO public.auth_permission (id, name, content_type_id, codename) VALUES (11, 'Can delete group', 3, 'delete_group');
INSERT INTO public.auth_permission (id, name, content_type_id, codename) VALUES (12, 'Can view group', 3, 'view_group');
INSERT INTO public.auth_permission (id, name, content_type_id, codename) VALUES (13, 'Can add user', 4, 'add_user');
INSERT INTO public.auth_permission (id, name, content_type_id, codename) VALUES (14, 'Can change user', 4, 'change_user');
INSERT INTO public.auth_permission (id, name, content_type_id, codename) VALUES (15, 'Can delete user', 4, 'delete_user');
INSERT INTO public.auth_permission (id, name, content_type_id, codename) VALUES (16, 'Can view user', 4, 'view_user');
INSERT INTO public.auth_permission (id, name, content_type_id, codename) VALUES (17, 'Can add content type', 5, 'add_contenttype');
INSERT INTO public.auth_permission (id, name, content_type_id, codename) VALUES (18, 'Can change content type', 5, 'change_contenttype');
INSERT INTO public.auth_permission (id, name, content_type_id, codename) VALUES (19, 'Can delete content type', 5, 'delete_contenttype');
INSERT INTO public.auth_permission (id, name, content_type_id, codename) VALUES (20, 'Can view content type', 5, 'view_contenttype');
INSERT INTO public.auth_permission (id, name, content_type_id, codename) VALUES (21, 'Can add session', 6, 'add_session');
INSERT INTO public.auth_permission (id, name, content_type_id, codename) VALUES (22, 'Can change session', 6, 'change_session');
INSERT INTO public.auth_permission (id, name, content_type_id, codename) VALUES (23, 'Can delete session', 6, 'delete_session');
INSERT INTO public.auth_permission (id, name, content_type_id, codename) VALUES (24, 'Can view session', 6, 'view_session');
INSERT INTO public.auth_permission (id, name, content_type_id, codename) VALUES (25, 'Can add Справочники', 7, 'add_references');
INSERT INTO public.auth_permission (id, name, content_type_id, codename) VALUES (26, 'Can change Справочники', 7, 'change_references');
INSERT INTO public.auth_permission (id, name, content_type_id, codename) VALUES (27, 'Can delete Справочники', 7, 'delete_references');
INSERT INTO public.auth_permission (id, name, content_type_id, codename) VALUES (28, 'Can view Справочники', 7, 'view_references');
INSERT INTO public.auth_permission (id, name, content_type_id, codename) VALUES (29, 'Can add Кабинет', 8, 'add_room');
INSERT INTO public.auth_permission (id, name, content_type_id, codename) VALUES (30, 'Can change Кабинет', 8, 'change_room');
INSERT INTO public.auth_permission (id, name, content_type_id, codename) VALUES (31, 'Can delete Кабинет', 8, 'delete_room');
INSERT INTO public.auth_permission (id, name, content_type_id, codename) VALUES (32, 'Can view Кабинет', 8, 'view_room');
INSERT INTO public.auth_permission (id, name, content_type_id, codename) VALUES (33, 'Can add Рабочее место', 9, 'add_workplace');
INSERT INTO public.auth_permission (id, name, content_type_id, codename) VALUES (34, 'Can change Рабочее место', 9, 'change_workplace');
INSERT INTO public.auth_permission (id, name, content_type_id, codename) VALUES (35, 'Can delete Рабочее место', 9, 'delete_workplace');
INSERT INTO public.auth_permission (id, name, content_type_id, codename) VALUES (36, 'Can view Рабочее место', 9, 'view_workplace');
INSERT INTO public.auth_permission (id, name, content_type_id, codename) VALUES (37, 'Can add Отдел', 10, 'add_departament');
INSERT INTO public.auth_permission (id, name, content_type_id, codename) VALUES (38, 'Can change Отдел', 10, 'change_departament');
INSERT INTO public.auth_permission (id, name, content_type_id, codename) VALUES (39, 'Can delete Отдел', 10, 'delete_departament');
INSERT INTO public.auth_permission (id, name, content_type_id, codename) VALUES (40, 'Can view Отдел', 10, 'view_departament');
INSERT INTO public.auth_permission (id, name, content_type_id, codename) VALUES (41, 'Can add Должность', 11, 'add_post');
INSERT INTO public.auth_permission (id, name, content_type_id, codename) VALUES (42, 'Can change Должность', 11, 'change_post');
INSERT INTO public.auth_permission (id, name, content_type_id, codename) VALUES (43, 'Can delete Должность', 11, 'delete_post');
INSERT INTO public.auth_permission (id, name, content_type_id, codename) VALUES (44, 'Can view Должность', 11, 'view_post');
INSERT INTO public.auth_permission (id, name, content_type_id, codename) VALUES (45, 'Can add Сотрудник', 12, 'add_employee');
INSERT INTO public.auth_permission (id, name, content_type_id, codename) VALUES (46, 'Can change Сотрудник', 12, 'change_employee');
INSERT INTO public.auth_permission (id, name, content_type_id, codename) VALUES (47, 'Can delete Сотрудник', 12, 'delete_employee');
INSERT INTO public.auth_permission (id, name, content_type_id, codename) VALUES (48, 'Can view Сотрудник', 12, 'view_employee');
INSERT INTO public.auth_permission (id, name, content_type_id, codename) VALUES (49, 'Can add Програмное обеспечение', 13, 'add_software');
INSERT INTO public.auth_permission (id, name, content_type_id, codename) VALUES (50, 'Can change Програмное обеспечение', 13, 'change_software');
INSERT INTO public.auth_permission (id, name, content_type_id, codename) VALUES (51, 'Can delete Програмное обеспечение', 13, 'delete_software');
INSERT INTO public.auth_permission (id, name, content_type_id, codename) VALUES (52, 'Can view Програмное обеспечение', 13, 'view_software');
INSERT INTO public.auth_permission (id, name, content_type_id, codename) VALUES (53, 'Can add Операционная система', 14, 'add_os');
INSERT INTO public.auth_permission (id, name, content_type_id, codename) VALUES (54, 'Can change Операционная система', 14, 'change_os');
INSERT INTO public.auth_permission (id, name, content_type_id, codename) VALUES (55, 'Can delete Операционная система', 14, 'delete_os');
INSERT INTO public.auth_permission (id, name, content_type_id, codename) VALUES (56, 'Can view Операционная система', 14, 'view_os');
INSERT INTO public.auth_permission (id, name, content_type_id, codename) VALUES (57, 'Can add CPU', 15, 'add_cpu');
INSERT INTO public.auth_permission (id, name, content_type_id, codename) VALUES (58, 'Can change CPU', 15, 'change_cpu');
INSERT INTO public.auth_permission (id, name, content_type_id, codename) VALUES (59, 'Can delete CPU', 15, 'delete_cpu');
INSERT INTO public.auth_permission (id, name, content_type_id, codename) VALUES (60, 'Can view CPU', 15, 'view_cpu');
INSERT INTO public.auth_permission (id, name, content_type_id, codename) VALUES (61, 'Can add Блок питания', 16, 'add_dcpower');
INSERT INTO public.auth_permission (id, name, content_type_id, codename) VALUES (62, 'Can change Блок питания', 16, 'change_dcpower');
INSERT INTO public.auth_permission (id, name, content_type_id, codename) VALUES (63, 'Can delete Блок питания', 16, 'delete_dcpower');
INSERT INTO public.auth_permission (id, name, content_type_id, codename) VALUES (64, 'Can view Блок питания', 16, 'view_dcpower');
INSERT INTO public.auth_permission (id, name, content_type_id, codename) VALUES (65, 'Can add GPU', 17, 'add_gpu');
INSERT INTO public.auth_permission (id, name, content_type_id, codename) VALUES (66, 'Can change GPU', 17, 'change_gpu');
INSERT INTO public.auth_permission (id, name, content_type_id, codename) VALUES (67, 'Can delete GPU', 17, 'delete_gpu');
INSERT INTO public.auth_permission (id, name, content_type_id, codename) VALUES (68, 'Can view GPU', 17, 'view_gpu');
INSERT INTO public.auth_permission (id, name, content_type_id, codename) VALUES (69, 'Can add HDD', 18, 'add_hdd');
INSERT INTO public.auth_permission (id, name, content_type_id, codename) VALUES (70, 'Can change HDD', 18, 'change_hdd');
INSERT INTO public.auth_permission (id, name, content_type_id, codename) VALUES (71, 'Can delete HDD', 18, 'delete_hdd');
INSERT INTO public.auth_permission (id, name, content_type_id, codename) VALUES (72, 'Can view HDD', 18, 'view_hdd');
INSERT INTO public.auth_permission (id, name, content_type_id, codename) VALUES (73, 'Can add Клавиатура', 19, 'add_keyboard');
INSERT INTO public.auth_permission (id, name, content_type_id, codename) VALUES (74, 'Can change Клавиатура', 19, 'change_keyboard');
INSERT INTO public.auth_permission (id, name, content_type_id, codename) VALUES (75, 'Can delete Клавиатура', 19, 'delete_keyboard');
INSERT INTO public.auth_permission (id, name, content_type_id, codename) VALUES (76, 'Can view Клавиатура', 19, 'view_keyboard');
INSERT INTO public.auth_permission (id, name, content_type_id, codename) VALUES (77, 'Can add Монитор', 20, 'add_monitor');
INSERT INTO public.auth_permission (id, name, content_type_id, codename) VALUES (78, 'Can change Монитор', 20, 'change_monitor');
INSERT INTO public.auth_permission (id, name, content_type_id, codename) VALUES (79, 'Can delete Монитор', 20, 'delete_monitor');
INSERT INTO public.auth_permission (id, name, content_type_id, codename) VALUES (80, 'Can view Монитор', 20, 'view_monitor');
INSERT INTO public.auth_permission (id, name, content_type_id, codename) VALUES (81, 'Can add Материнская плата', 21, 'add_motherboard');
INSERT INTO public.auth_permission (id, name, content_type_id, codename) VALUES (82, 'Can change Материнская плата', 21, 'change_motherboard');
INSERT INTO public.auth_permission (id, name, content_type_id, codename) VALUES (83, 'Can delete Материнская плата', 21, 'delete_motherboard');
INSERT INTO public.auth_permission (id, name, content_type_id, codename) VALUES (84, 'Can view Материнская плата', 21, 'view_motherboard');
INSERT INTO public.auth_permission (id, name, content_type_id, codename) VALUES (85, 'Can add Мышь', 22, 'add_mouse');
INSERT INTO public.auth_permission (id, name, content_type_id, codename) VALUES (86, 'Can change Мышь', 22, 'change_mouse');
INSERT INTO public.auth_permission (id, name, content_type_id, codename) VALUES (87, 'Can delete Мышь', 22, 'delete_mouse');
INSERT INTO public.auth_permission (id, name, content_type_id, codename) VALUES (88, 'Can view Мышь', 22, 'view_mouse');
INSERT INTO public.auth_permission (id, name, content_type_id, codename) VALUES (89, 'Can add RAM', 23, 'add_ram');
INSERT INTO public.auth_permission (id, name, content_type_id, codename) VALUES (90, 'Can change RAM', 23, 'change_ram');
INSERT INTO public.auth_permission (id, name, content_type_id, codename) VALUES (91, 'Can delete RAM', 23, 'delete_ram');
INSERT INTO public.auth_permission (id, name, content_type_id, codename) VALUES (92, 'Can view RAM', 23, 'view_ram');
INSERT INTO public.auth_permission (id, name, content_type_id, codename) VALUES (93, 'Can add SSD', 24, 'add_ssd');
INSERT INTO public.auth_permission (id, name, content_type_id, codename) VALUES (94, 'Can change SSD', 24, 'change_ssd');
INSERT INTO public.auth_permission (id, name, content_type_id, codename) VALUES (95, 'Can delete SSD', 24, 'delete_ssd');
INSERT INTO public.auth_permission (id, name, content_type_id, codename) VALUES (96, 'Can view SSD', 24, 'view_ssd');
INSERT INTO public.auth_permission (id, name, content_type_id, codename) VALUES (97, 'Can add Рабочая станция', 25, 'add_workstation');
INSERT INTO public.auth_permission (id, name, content_type_id, codename) VALUES (98, 'Can change Рабочая станция', 25, 'change_workstation');
INSERT INTO public.auth_permission (id, name, content_type_id, codename) VALUES (99, 'Can delete Рабочая станция', 25, 'delete_workstation');
INSERT INTO public.auth_permission (id, name, content_type_id, codename) VALUES (100, 'Can view Рабочая станция', 25, 'view_workstation');
INSERT INTO public.auth_permission (id, name, content_type_id, codename) VALUES (101, 'Can add Группа расходников', 26, 'add_categories');
INSERT INTO public.auth_permission (id, name, content_type_id, codename) VALUES (102, 'Can change Группа расходников', 26, 'change_categories');
INSERT INTO public.auth_permission (id, name, content_type_id, codename) VALUES (103, 'Can delete Группа расходников', 26, 'delete_categories');
INSERT INTO public.auth_permission (id, name, content_type_id, codename) VALUES (104, 'Can view Группа расходников', 26, 'view_categories');
INSERT INTO public.auth_permission (id, name, content_type_id, codename) VALUES (105, 'Can add Тонер', 27, 'add_toner');
INSERT INTO public.auth_permission (id, name, content_type_id, codename) VALUES (106, 'Can change Тонер', 27, 'change_toner');
INSERT INTO public.auth_permission (id, name, content_type_id, codename) VALUES (107, 'Can delete Тонер', 27, 'delete_toner');
INSERT INTO public.auth_permission (id, name, content_type_id, codename) VALUES (108, 'Can view Тонер', 27, 'view_toner');
INSERT INTO public.auth_permission (id, name, content_type_id, codename) VALUES (109, 'Can add Накопитель', 28, 'add_storage');
INSERT INTO public.auth_permission (id, name, content_type_id, codename) VALUES (110, 'Can change Накопитель', 28, 'change_storage');
INSERT INTO public.auth_permission (id, name, content_type_id, codename) VALUES (111, 'Can delete Накопитель', 28, 'delete_storage');
INSERT INTO public.auth_permission (id, name, content_type_id, codename) VALUES (112, 'Can view Накопитель', 28, 'view_storage');
INSERT INTO public.auth_permission (id, name, content_type_id, codename) VALUES (113, 'Can add Фотовал', 29, 'add_fotoval');
INSERT INTO public.auth_permission (id, name, content_type_id, codename) VALUES (114, 'Can change Фотовал', 29, 'change_fotoval');
INSERT INTO public.auth_permission (id, name, content_type_id, codename) VALUES (115, 'Can delete Фотовал', 29, 'delete_fotoval');
INSERT INTO public.auth_permission (id, name, content_type_id, codename) VALUES (116, 'Can view Фотовал', 29, 'view_fotoval');
INSERT INTO public.auth_permission (id, name, content_type_id, codename) VALUES (117, 'Can add Расходник', 30, 'add_consumables');
INSERT INTO public.auth_permission (id, name, content_type_id, codename) VALUES (118, 'Can change Расходник', 30, 'change_consumables');
INSERT INTO public.auth_permission (id, name, content_type_id, codename) VALUES (119, 'Can delete Расходник', 30, 'delete_consumables');
INSERT INTO public.auth_permission (id, name, content_type_id, codename) VALUES (120, 'Can view Расходник', 30, 'view_consumables');
INSERT INTO public.auth_permission (id, name, content_type_id, codename) VALUES (121, 'Can add Картридж', 31, 'add_cartridge');
INSERT INTO public.auth_permission (id, name, content_type_id, codename) VALUES (122, 'Can change Картридж', 31, 'change_cartridge');
INSERT INTO public.auth_permission (id, name, content_type_id, codename) VALUES (123, 'Can delete Картридж', 31, 'delete_cartridge');
INSERT INTO public.auth_permission (id, name, content_type_id, codename) VALUES (124, 'Can view Картридж', 31, 'view_cartridge');
INSERT INTO public.auth_permission (id, name, content_type_id, codename) VALUES (125, 'Can add Аккумулятор', 32, 'add_accumulator');
INSERT INTO public.auth_permission (id, name, content_type_id, codename) VALUES (126, 'Can change Аккумулятор', 32, 'change_accumulator');
INSERT INTO public.auth_permission (id, name, content_type_id, codename) VALUES (127, 'Can delete Аккумулятор', 32, 'delete_accumulator');
INSERT INTO public.auth_permission (id, name, content_type_id, codename) VALUES (128, 'Can view Аккумулятор', 32, 'view_accumulator');
INSERT INTO public.auth_permission (id, name, content_type_id, codename) VALUES (129, 'Can add Принтер', 33, 'add_printer');
INSERT INTO public.auth_permission (id, name, content_type_id, codename) VALUES (130, 'Can change Принтер', 33, 'change_printer');
INSERT INTO public.auth_permission (id, name, content_type_id, codename) VALUES (131, 'Can delete Принтер', 33, 'delete_printer');
INSERT INTO public.auth_permission (id, name, content_type_id, codename) VALUES (132, 'Can view Принтер', 33, 'view_printer');
INSERT INTO public.auth_permission (id, name, content_type_id, codename) VALUES (133, 'Can add Кассета', 34, 'add_cassette');
INSERT INTO public.auth_permission (id, name, content_type_id, codename) VALUES (134, 'Can change Кассета', 34, 'change_cassette');
INSERT INTO public.auth_permission (id, name, content_type_id, codename) VALUES (135, 'Can delete Кассета', 34, 'delete_cassette');
INSERT INTO public.auth_permission (id, name, content_type_id, codename) VALUES (136, 'Can view Кассета', 34, 'view_cassette');
INSERT INTO public.auth_permission (id, name, content_type_id, codename) VALUES (137, 'Can add ИБП', 35, 'add_ups');
INSERT INTO public.auth_permission (id, name, content_type_id, codename) VALUES (138, 'Can change ИБП', 35, 'change_ups');
INSERT INTO public.auth_permission (id, name, content_type_id, codename) VALUES (139, 'Can delete ИБП', 35, 'delete_ups');
INSERT INTO public.auth_permission (id, name, content_type_id, codename) VALUES (140, 'Can view ИБП', 35, 'view_ups');
INSERT INTO public.auth_permission (id, name, content_type_id, codename) VALUES (141, 'Can add ЭЦП', 36, 'add_signature');
INSERT INTO public.auth_permission (id, name, content_type_id, codename) VALUES (142, 'Can change ЭЦП', 36, 'change_signature');
INSERT INTO public.auth_permission (id, name, content_type_id, codename) VALUES (143, 'Can delete ЭЦП', 36, 'delete_signature');
INSERT INTO public.auth_permission (id, name, content_type_id, codename) VALUES (144, 'Can view ЭЦП', 36, 'view_signature');
INSERT INTO public.auth_permission (id, name, content_type_id, codename) VALUES (145, 'Can add Производитель', 37, 'add_manufacturer');
INSERT INTO public.auth_permission (id, name, content_type_id, codename) VALUES (146, 'Can change Производитель', 37, 'change_manufacturer');
INSERT INTO public.auth_permission (id, name, content_type_id, codename) VALUES (147, 'Can delete Производитель', 37, 'delete_manufacturer');
INSERT INTO public.auth_permission (id, name, content_type_id, codename) VALUES (148, 'Can view Производитель', 37, 'view_manufacturer');
INSERT INTO public.auth_permission (id, name, content_type_id, codename) VALUES (149, 'Can add Кассета', 38, 'add_stokroom');
INSERT INTO public.auth_permission (id, name, content_type_id, codename) VALUES (150, 'Can change Кассета', 38, 'change_stokroom');
INSERT INTO public.auth_permission (id, name, content_type_id, codename) VALUES (151, 'Can delete Кассета', 38, 'delete_stokroom');
INSERT INTO public.auth_permission (id, name, content_type_id, codename) VALUES (152, 'Can view Кассета', 38, 'view_stokroom');
INSERT INTO public.auth_permission (id, name, content_type_id, codename) VALUES (153, 'Can add Кассета', 38, 'add_stockroom');
INSERT INTO public.auth_permission (id, name, content_type_id, codename) VALUES (154, 'Can change Кассета', 38, 'change_stockroom');
INSERT INTO public.auth_permission (id, name, content_type_id, codename) VALUES (155, 'Can delete Кассета', 38, 'delete_stockroom');
INSERT INTO public.auth_permission (id, name, content_type_id, codename) VALUES (156, 'Can view Кассета', 38, 'view_stockroom');
INSERT INTO public.auth_permission (id, name, content_type_id, codename) VALUES (157, 'Can add Группа расходников', 39, 'add_categories');
INSERT INTO public.auth_permission (id, name, content_type_id, codename) VALUES (158, 'Can change Группа расходников', 39, 'change_categories');
INSERT INTO public.auth_permission (id, name, content_type_id, codename) VALUES (159, 'Can delete Группа расходников', 39, 'delete_categories');
INSERT INTO public.auth_permission (id, name, content_type_id, codename) VALUES (160, 'Can view Группа расходников', 39, 'view_categories');
INSERT INTO public.auth_permission (id, name, content_type_id, codename) VALUES (161, 'Can add Группа рабочих станций', 40, 'add_categories');
INSERT INTO public.auth_permission (id, name, content_type_id, codename) VALUES (162, 'Can change Группа рабочих станций', 40, 'change_categories');
INSERT INTO public.auth_permission (id, name, content_type_id, codename) VALUES (163, 'Can delete Группа рабочих станций', 40, 'delete_categories');
INSERT INTO public.auth_permission (id, name, content_type_id, codename) VALUES (164, 'Can view Группа рабочих станций', 40, 'view_categories');
INSERT INTO public.auth_permission (id, name, content_type_id, codename) VALUES (165, 'Can add Группа принтеров', 41, 'add_categories');
INSERT INTO public.auth_permission (id, name, content_type_id, codename) VALUES (166, 'Can change Группа принтеров', 41, 'change_categories');
INSERT INTO public.auth_permission (id, name, content_type_id, codename) VALUES (167, 'Can delete Группа принтеров', 41, 'delete_categories');
INSERT INTO public.auth_permission (id, name, content_type_id, codename) VALUES (168, 'Can view Группа принтеров', 41, 'view_categories');


--
-- TOC entry 3713 (class 0 OID 16397)
-- Dependencies: 215
-- Data for Name: auth_user; Type: TABLE DATA; Schema: public; Owner: adminDevelop
--

INSERT INTO public.auth_user (id, password, last_login, is_superuser, username, first_name, last_name, email, is_staff, is_active, date_joined) VALUES (2, 'pbkdf2_sha256$390000$aoMRR9PIoVvCCdvXtC7h6i$cOIsuJrx2udWlvrjdgUdGpd/yLQSUXYxA9zFXxhGNE4=', '2023-02-20 04:39:22.954983+00', false, 'user', '', '', '', false, true, '2023-02-20 04:39:07.434248+00');
INSERT INTO public.auth_user (id, password, last_login, is_superuser, username, first_name, last_name, email, is_staff, is_active, date_joined) VALUES (1, 'pbkdf2_sha256$390000$vGTBHSyUeAqzSddVTytDVK$85Te/JGLmDx0/P4bFZk+sC9B2inwaC1EgvecZXz0f0o=', '2023-02-21 08:57:08.520405+00', true, 'admin', '', '', 'q@q.qw', true, true, '2023-02-03 08:57:06.724594+00');


--
-- TOC entry 3714 (class 0 OID 16402)
-- Dependencies: 216
-- Data for Name: auth_user_groups; Type: TABLE DATA; Schema: public; Owner: adminDevelop
--



--
-- TOC entry 3717 (class 0 OID 16407)
-- Dependencies: 219
-- Data for Name: auth_user_user_permissions; Type: TABLE DATA; Schema: public; Owner: adminDevelop
--



--
-- TOC entry 3719 (class 0 OID 16411)
-- Dependencies: 221
-- Data for Name: catalog_references; Type: TABLE DATA; Schema: public; Owner: adminDevelop
--

INSERT INTO public.catalog_references (id, name, linkname) VALUES ('06769ec3-1d50-43a4-8e6a-06e3aab849c2', 'Рабочие места', 'workplace/');
INSERT INTO public.catalog_references (id, name, linkname) VALUES ('aba212b0-4856-40a6-9058-756688a900cf', 'Кабинеты', 'workplace/room/');
INSERT INTO public.catalog_references (id, name, linkname) VALUES ('f6addbaa-3c99-422f-8018-5d0bd7539a54', 'Сотрудники', 'employee/');
INSERT INTO public.catalog_references (id, name, linkname) VALUES ('315b031e-ae35-455f-bd52-579ce9cc2b20', 'Должность', 'employee/post/');
INSERT INTO public.catalog_references (id, name, linkname) VALUES ('7d786cf4-0c0d-4ad0-a7fa-e50d75a91abe', 'Отдел', 'employee/departament/');
INSERT INTO public.catalog_references (id, name, linkname) VALUES ('1ba2f445-519a-44fc-ae23-59a95d4700b2', 'Производитель', 'counterparty/manufacturer/');
INSERT INTO public.catalog_references (id, name, linkname) VALUES ('0c147a53-e8ec-4f9f-866d-ebbd9d585d2b', 'СОФТ', 'software/');
INSERT INTO public.catalog_references (id, name, linkname) VALUES ('f7984000-ae35-4063-a4a0-a16f197a1137', 'ОС', 'software/OS/');
INSERT INTO public.catalog_references (id, name, linkname) VALUES ('35800287-06e2-4c9b-ad9a-36a5c0a35999', 'Рабочие станции', 'workstation/');
INSERT INTO public.catalog_references (id, name, linkname) VALUES ('3151b457-1237-466b-93a1-f3c53b9b3f4d', 'Принтер', 'printer/');
INSERT INTO public.catalog_references (id, name, linkname) VALUES ('d5a543f1-4867-4d9c-bdcd-739d13f91c0d', 'ЭЦП', 'signature/');
INSERT INTO public.catalog_references (id, name, linkname) VALUES ('b1a182a7-94d3-4ae8-a3ee-77e36482e005', 'Расходники', 'consumables/');


--
-- TOC entry 3720 (class 0 OID 16414)
-- Dependencies: 222
-- Data for Name: consumables_categories; Type: TABLE DATA; Schema: public; Owner: adminDevelop
--

INSERT INTO public.consumables_categories (id, name, slug) VALUES ('9187aaba-b630-4f6c-b76f-f2ff763795d1', 'Картриджы', 'kartridzhy');
INSERT INTO public.consumables_categories (id, name, slug) VALUES ('81d9ab63-9554-493f-878e-c2755aacb406', 'Тонер', 'toner');
INSERT INTO public.consumables_categories (id, name, slug) VALUES ('d0bd6084-46c9-4623-a4cc-b06b066b8338', 'Фотобарабан', 'fotobaraban');
INSERT INTO public.consumables_categories (id, name, slug) VALUES ('4e4d51a1-f179-427d-a754-22b75c52a1e5', 'Фотовал', 'fotoval');


--
-- TOC entry 3721 (class 0 OID 16417)
-- Dependencies: 223
-- Data for Name: consumables_consumables; Type: TABLE DATA; Schema: public; Owner: adminDevelop
--

INSERT INTO public.consumables_consumables (id, name, serial, "serialImg", invent, "inventImg", "buhCode", score, description, note, categories_id, manufacturer_id) VALUES ('3bb8d0e0-f71e-47cd-998c-c2c6e1d3e553', '7741', NULL, '', NULL, '', '050', 3, '', '', '9187aaba-b630-4f6c-b76f-f2ff763795d1', '1f42785f-f851-42a9-9f59-f0feceac8f23');
INSERT INTO public.consumables_consumables (id, name, serial, "serialImg", invent, "inventImg", "buhCode", score, description, note, categories_id, manufacturer_id) VALUES ('73a5309a-cd73-4c75-b219-a3a41dc764d4', 'отсутствует', NULL, '', NULL, '', '0', 0, '', '', '9187aaba-b630-4f6c-b76f-f2ff763795d1', NULL);
INSERT INTO public.consumables_consumables (id, name, serial, "serialImg", invent, "inventImg", "buhCode", score, description, note, categories_id, manufacturer_id) VALUES ('e3984956-f665-4409-a7d0-51ee1bba70e2', 'отсутствует', NULL, '', NULL, '', '0', 0, '', '', '81d9ab63-9554-493f-878e-c2755aacb406', NULL);
INSERT INTO public.consumables_consumables (id, name, serial, "serialImg", invent, "inventImg", "buhCode", score, description, note, categories_id, manufacturer_id) VALUES ('38b4f6b9-7a18-4d62-80df-9a4fac6d8e1b', 'отсутствует', NULL, '', NULL, '', '0', 0, '', '', 'd0bd6084-46c9-4623-a4cc-b06b066b8338', NULL);
INSERT INTO public.consumables_consumables (id, name, serial, "serialImg", invent, "inventImg", "buhCode", score, description, note, categories_id, manufacturer_id) VALUES ('34ea6ad4-fa60-4407-8739-cb5c7bb1a7d0', 'отсутствует', NULL, '', NULL, '', '0', 0, '', '', '4e4d51a1-f179-427d-a754-22b75c52a1e5', NULL);
INSERT INTO public.consumables_consumables (id, name, serial, "serialImg", invent, "inventImg", "buhCode", score, description, note, categories_id, manufacturer_id) VALUES ('614a6077-f01d-4cf4-b3db-ccd5088b1813', '115', NULL, '', NULL, '', '033', 5, '', '', '9187aaba-b630-4f6c-b76f-f2ff763795d1', '5fec44ba-e8e1-4a59-b9e9-ecf1313bcc3c');
INSERT INTO public.consumables_consumables (id, name, serial, "serialImg", invent, "inventImg", "buhCode", score, description, note, categories_id, manufacturer_id) VALUES ('0036672f-4b7b-4b9b-89f8-a6145f1c9f5f', '285', NULL, '', NULL, '', '034', 5, '', '', '9187aaba-b630-4f6c-b76f-f2ff763795d1', 'e1fe4b7e-38f0-4735-af95-bdb41c846715');
INSERT INTO public.consumables_consumables (id, name, serial, "serialImg", invent, "inventImg", "buhCode", score, description, note, categories_id, manufacturer_id) VALUES ('8a71ab6a-870b-4ff0-8225-ba00cfa98079', 'drum unit 2014', NULL, '', NULL, '', '057', 10, '', '', 'd0bd6084-46c9-4623-a4cc-b06b066b8338', '824aabce-994e-47eb-82c2-d4d0f0882f04');
INSERT INTO public.consumables_consumables (id, name, serial, "serialImg", invent, "inventImg", "buhCode", score, description, note, categories_id, manufacturer_id) VALUES ('e69a0c3f-4ff8-4656-979b-f64ff0cab03c', 'Fotodrum 2014', NULL, '', NULL, '', '056', 10, '', '', '4e4d51a1-f179-427d-a754-22b75c52a1e5', '824aabce-994e-47eb-82c2-d4d0f0882f04');
INSERT INTO public.consumables_consumables (id, name, serial, "serialImg", invent, "inventImg", "buhCode", score, description, note, categories_id, manufacturer_id) VALUES ('cd81668e-75d9-46d0-a4ce-611f84116bd3', 'М207', NULL, '', NULL, '', '055', 10, '', '', '81d9ab63-9554-493f-878e-c2755aacb406', '824aabce-994e-47eb-82c2-d4d0f0882f04');


--
-- TOC entry 3722 (class 0 OID 16422)
-- Dependencies: 224
-- Data for Name: counterparty_manufacturer; Type: TABLE DATA; Schema: public; Owner: adminDevelop
--

INSERT INTO public.counterparty_manufacturer (id, name, country, production) VALUES ('1f42785f-f851-42a9-9f59-f0feceac8f23', 'Epson', 'Япония', 'Япония');
INSERT INTO public.counterparty_manufacturer (id, name, country, production) VALUES ('824aabce-994e-47eb-82c2-d4d0f0882f04', 'Ricoh', 'Китай', 'Китай');
INSERT INTO public.counterparty_manufacturer (id, name, country, production) VALUES ('5fec44ba-e8e1-4a59-b9e9-ecf1313bcc3c', 'HP', 'США', 'Китай');
INSERT INTO public.counterparty_manufacturer (id, name, country, production) VALUES ('a054850b-a48b-4f8f-86d8-be9ad89fd574', 'Lenovo', 'США', 'Китай');
INSERT INTO public.counterparty_manufacturer (id, name, country, production) VALUES ('d25a49f2-977d-4419-95c5-9e4cc7c11b78', 'R7', 'Россия', 'Россия');
INSERT INTO public.counterparty_manufacturer (id, name, country, production) VALUES ('568fc0d4-fafa-4483-a6a0-f56b86bac6b5', 'RedSoft', 'Россия', 'Россия');
INSERT INTO public.counterparty_manufacturer (id, name, country, production) VALUES ('0f636acb-c061-457d-a676-d5e0bb21d8ad', 'Acer', 'США', 'Китай');
INSERT INTO public.counterparty_manufacturer (id, name, country, production) VALUES ('e1fe4b7e-38f0-4735-af95-bdb41c846715', 'Canon', 'Япония', 'Япония');
INSERT INTO public.counterparty_manufacturer (id, name, country, production) VALUES ('1078072a-8728-482e-933d-b253bb7cd751', 'cisco', 'США', 'Китай');
INSERT INTO public.counterparty_manufacturer (id, name, country, production) VALUES ('c9d93055-0ae8-498e-9db2-81167f091171', 'Microsoft', 'США', 'США');


--
-- TOC entry 3723 (class 0 OID 16425)
-- Dependencies: 225
-- Data for Name: django_admin_log; Type: TABLE DATA; Schema: public; Owner: adminDevelop
--

INSERT INTO public.django_admin_log (id, action_time, object_id, object_repr, action_flag, change_message, content_type_id, user_id) VALUES (1, '2023-02-03 08:57:41.557393+00', '9187aaba-b630-4f6c-b76f-f2ff763795d1', 'Картриджы', 1, '[{"added": {}}]', 26, 1);
INSERT INTO public.django_admin_log (id, action_time, object_id, object_repr, action_flag, change_message, content_type_id, user_id) VALUES (2, '2023-02-03 08:57:49.402249+00', '81d9ab63-9554-493f-878e-c2755aacb406', 'Тонер', 1, '[{"added": {}}]', 26, 1);
INSERT INTO public.django_admin_log (id, action_time, object_id, object_repr, action_flag, change_message, content_type_id, user_id) VALUES (3, '2023-02-03 08:58:13.779784+00', 'd0bd6084-46c9-4623-a4cc-b06b066b8338', 'Фотобарабан', 1, '[{"added": {}}]', 26, 1);
INSERT INTO public.django_admin_log (id, action_time, object_id, object_repr, action_flag, change_message, content_type_id, user_id) VALUES (4, '2023-02-03 12:14:39.418054+00', '4e4d51a1-f179-427d-a754-22b75c52a1e5', 'Фотовал', 1, '[{"added": {}}]', 26, 1);
INSERT INTO public.django_admin_log (id, action_time, object_id, object_repr, action_flag, change_message, content_type_id, user_id) VALUES (5, '2023-02-17 10:53:34.149975+00', 'fc9d6dbb-3240-4c37-a8e2-378b224a7e33', '', 3, '', 30, 1);
INSERT INTO public.django_admin_log (id, action_time, object_id, object_repr, action_flag, change_message, content_type_id, user_id) VALUES (6, '2023-02-17 10:53:34.225896+00', '5a6c1f8e-4361-4803-8270-e8c6fbd623f6', '', 3, '', 30, 1);
INSERT INTO public.django_admin_log (id, action_time, object_id, object_repr, action_flag, change_message, content_type_id, user_id) VALUES (7, '2023-02-17 10:53:34.228345+00', '138481e9-063c-47e1-aa0b-b422eb0b4b49', '', 3, '', 30, 1);
INSERT INTO public.django_admin_log (id, action_time, object_id, object_repr, action_flag, change_message, content_type_id, user_id) VALUES (8, '2023-02-17 12:25:56.708659+00', '0e6f1c32-a54e-4fe4-9731-97b4cf9fee39', '', 3, '', 30, 1);
INSERT INTO public.django_admin_log (id, action_time, object_id, object_repr, action_flag, change_message, content_type_id, user_id) VALUES (9, '2023-02-20 03:44:52.170983+00', '36fb3e30-a804-4746-94e8-43c85acb0a49', '1235', 3, '', 30, 1);
INSERT INTO public.django_admin_log (id, action_time, object_id, object_repr, action_flag, change_message, content_type_id, user_id) VALUES (10, '2023-02-20 03:44:52.188656+00', 'efc64665-c447-43f9-a6da-a13f011bd64e', '7541', 3, '', 30, 1);
INSERT INTO public.django_admin_log (id, action_time, object_id, object_repr, action_flag, change_message, content_type_id, user_id) VALUES (11, '2023-02-20 03:44:52.190554+00', '129e12fa-f222-42bd-9ede-24ecf58103ea', '7741', 3, '', 30, 1);
INSERT INTO public.django_admin_log (id, action_time, object_id, object_repr, action_flag, change_message, content_type_id, user_id) VALUES (12, '2023-02-20 03:44:52.192155+00', '482b26b8-6e07-4a40-937e-a9a52797fea0', '7741', 3, '', 30, 1);
INSERT INTO public.django_admin_log (id, action_time, object_id, object_repr, action_flag, change_message, content_type_id, user_id) VALUES (13, '2023-02-20 03:44:52.193642+00', 'c50c449f-741c-4b24-b824-ff803826d0be', '9751', 3, '', 30, 1);
INSERT INTO public.django_admin_log (id, action_time, object_id, object_repr, action_flag, change_message, content_type_id, user_id) VALUES (14, '2023-02-20 03:44:52.195114+00', 'ae3819c8-8fe6-4810-9901-a9c4bd9fe877', 'нет данных', 3, '', 30, 1);
INSERT INTO public.django_admin_log (id, action_time, object_id, object_repr, action_flag, change_message, content_type_id, user_id) VALUES (15, '2023-02-20 04:39:07.724065+00', '2', 'user', 1, '[{"added": {}}]', 4, 1);
INSERT INTO public.django_admin_log (id, action_time, object_id, object_repr, action_flag, change_message, content_type_id, user_id) VALUES (16, '2023-02-21 09:40:13.968249+00', '2010533a-e81b-4490-9f41-c4cfdc554b14', 'моноблок', 1, '[{"added": {}}]', 40, 1);
INSERT INTO public.django_admin_log (id, action_time, object_id, object_repr, action_flag, change_message, content_type_id, user_id) VALUES (17, '2023-02-21 09:40:23.446486+00', 'd10959e5-9fa2-435c-9be8-8ba8f16df60e', 'сервер', 1, '[{"added": {}}]', 40, 1);
INSERT INTO public.django_admin_log (id, action_time, object_id, object_repr, action_flag, change_message, content_type_id, user_id) VALUES (18, '2023-02-21 09:40:43.345892+00', '2010533a-e81b-4490-9f41-c4cfdc554b14', 'моноблок', 2, '[{"changed": {"fields": ["URL"]}}]', 40, 1);
INSERT INTO public.django_admin_log (id, action_time, object_id, object_repr, action_flag, change_message, content_type_id, user_id) VALUES (19, '2023-02-21 09:41:07.912889+00', '82c00162-fead-43f2-b7b2-0da789690e88', 'ноутбук', 1, '[{"added": {}}]', 40, 1);
INSERT INTO public.django_admin_log (id, action_time, object_id, object_repr, action_flag, change_message, content_type_id, user_id) VALUES (20, '2023-02-21 09:41:17.255464+00', '82c00162-fead-43f2-b7b2-0da789690e88', 'ноутбук', 2, '[{"changed": {"fields": ["URL"]}}]', 40, 1);
INSERT INTO public.django_admin_log (id, action_time, object_id, object_repr, action_flag, change_message, content_type_id, user_id) VALUES (21, '2023-02-21 09:52:21.943102+00', 'dbc8c2ef-47e8-4b40-9f5c-2394dff9b779', 'сканер', 1, '[{"added": {}}]', 41, 1);
INSERT INTO public.django_admin_log (id, action_time, object_id, object_repr, action_flag, change_message, content_type_id, user_id) VALUES (22, '2023-02-21 09:52:33.304209+00', '1c60f9aa-7031-4f7e-a3e8-1663aa15db58', 'принтер', 1, '[{"added": {}}]', 41, 1);
INSERT INTO public.django_admin_log (id, action_time, object_id, object_repr, action_flag, change_message, content_type_id, user_id) VALUES (23, '2023-02-21 09:54:47.010844+00', 'eee6f841-0b3c-4fde-b9fa-b799dabb159c', 'МФУ', 1, '[{"added": {}}]', 41, 1);
INSERT INTO public.django_admin_log (id, action_time, object_id, object_repr, action_flag, change_message, content_type_id, user_id) VALUES (24, '2023-02-21 09:56:12.669621+00', 'eee6f841-0b3c-4fde-b9fa-b799dabb159c', 'МФУ', 2, '[{"changed": {"fields": ["URL"]}}]', 41, 1);
INSERT INTO public.django_admin_log (id, action_time, object_id, object_repr, action_flag, change_message, content_type_id, user_id) VALUES (25, '2023-02-21 11:41:42.779932+00', 'aba212b0-4856-40a6-9058-756688a900cf', 'кабинеты', 1, '[{"added": {}}]', 7, 1);
INSERT INTO public.django_admin_log (id, action_time, object_id, object_repr, action_flag, change_message, content_type_id, user_id) VALUES (26, '2023-02-21 11:49:06.39825+00', '06769ec3-1d50-43a4-8e6a-06e3aab849c2', 'Рабочие места', 1, '[{"added": {}}]', 7, 1);
INSERT INTO public.django_admin_log (id, action_time, object_id, object_repr, action_flag, change_message, content_type_id, user_id) VALUES (27, '2023-02-21 11:49:17.077009+00', 'aba212b0-4856-40a6-9058-756688a900cf', 'Кабинеты', 2, '[{"changed": {"fields": ["\u041d\u0430\u0437\u0432\u0430\u043d\u0438\u0435"]}}]', 7, 1);
INSERT INTO public.django_admin_log (id, action_time, object_id, object_repr, action_flag, change_message, content_type_id, user_id) VALUES (28, '2023-02-21 11:49:46.330698+00', 'f6addbaa-3c99-422f-8018-5d0bd7539a54', 'Сотрудники', 1, '[{"added": {}}]', 7, 1);
INSERT INTO public.django_admin_log (id, action_time, object_id, object_repr, action_flag, change_message, content_type_id, user_id) VALUES (29, '2023-02-21 11:50:37.963491+00', '315b031e-ae35-455f-bd52-579ce9cc2b20', 'Должность', 1, '[{"added": {}}]', 7, 1);
INSERT INTO public.django_admin_log (id, action_time, object_id, object_repr, action_flag, change_message, content_type_id, user_id) VALUES (30, '2023-02-21 11:50:58.957388+00', '7d786cf4-0c0d-4ad0-a7fa-e50d75a91abe', 'Отдел', 1, '[{"added": {}}]', 7, 1);
INSERT INTO public.django_admin_log (id, action_time, object_id, object_repr, action_flag, change_message, content_type_id, user_id) VALUES (31, '2023-02-21 11:52:11.549213+00', '1ba2f445-519a-44fc-ae23-59a95d4700b2', 'Производитель', 1, '[{"added": {}}]', 7, 1);
INSERT INTO public.django_admin_log (id, action_time, object_id, object_repr, action_flag, change_message, content_type_id, user_id) VALUES (32, '2023-02-21 11:52:28.341675+00', '0c147a53-e8ec-4f9f-866d-ebbd9d585d2b', 'СОФТ', 1, '[{"added": {}}]', 7, 1);
INSERT INTO public.django_admin_log (id, action_time, object_id, object_repr, action_flag, change_message, content_type_id, user_id) VALUES (33, '2023-02-21 11:52:40.811415+00', 'f7984000-ae35-4063-a4a0-a16f197a1137', 'ОС', 1, '[{"added": {}}]', 7, 1);
INSERT INTO public.django_admin_log (id, action_time, object_id, object_repr, action_flag, change_message, content_type_id, user_id) VALUES (34, '2023-02-21 11:53:02.87659+00', 'f7984000-ae35-4063-a4a0-a16f197a1137', 'ОС', 2, '[{"changed": {"fields": ["\u0421\u0441\u044b\u043b\u043a\u0430"]}}]', 7, 1);
INSERT INTO public.django_admin_log (id, action_time, object_id, object_repr, action_flag, change_message, content_type_id, user_id) VALUES (35, '2023-02-21 11:54:07.271754+00', '35800287-06e2-4c9b-ad9a-36a5c0a35999', 'Рабочие станции', 1, '[{"added": {}}]', 7, 1);
INSERT INTO public.django_admin_log (id, action_time, object_id, object_repr, action_flag, change_message, content_type_id, user_id) VALUES (36, '2023-02-21 11:54:29.963028+00', '3151b457-1237-466b-93a1-f3c53b9b3f4d', 'Принтер', 1, '[{"added": {}}]', 7, 1);
INSERT INTO public.django_admin_log (id, action_time, object_id, object_repr, action_flag, change_message, content_type_id, user_id) VALUES (37, '2023-02-21 11:54:52.635876+00', 'd5a543f1-4867-4d9c-bdcd-739d13f91c0d', 'ЭЦП', 1, '[{"added": {}}]', 7, 1);
INSERT INTO public.django_admin_log (id, action_time, object_id, object_repr, action_flag, change_message, content_type_id, user_id) VALUES (38, '2023-02-21 11:55:17.696256+00', 'b1a182a7-94d3-4ae8-a3ee-77e36482e005', 'Расходники', 1, '[{"added": {}}]', 7, 1);


--
-- TOC entry 3725 (class 0 OID 16432)
-- Dependencies: 227
-- Data for Name: django_content_type; Type: TABLE DATA; Schema: public; Owner: adminDevelop
--

INSERT INTO public.django_content_type (id, app_label, model) VALUES (1, 'admin', 'logentry');
INSERT INTO public.django_content_type (id, app_label, model) VALUES (2, 'auth', 'permission');
INSERT INTO public.django_content_type (id, app_label, model) VALUES (3, 'auth', 'group');
INSERT INTO public.django_content_type (id, app_label, model) VALUES (4, 'auth', 'user');
INSERT INTO public.django_content_type (id, app_label, model) VALUES (5, 'contenttypes', 'contenttype');
INSERT INTO public.django_content_type (id, app_label, model) VALUES (6, 'sessions', 'session');
INSERT INTO public.django_content_type (id, app_label, model) VALUES (7, 'catalog', 'references');
INSERT INTO public.django_content_type (id, app_label, model) VALUES (8, 'workplace', 'room');
INSERT INTO public.django_content_type (id, app_label, model) VALUES (9, 'workplace', 'workplace');
INSERT INTO public.django_content_type (id, app_label, model) VALUES (10, 'employee', 'departament');
INSERT INTO public.django_content_type (id, app_label, model) VALUES (11, 'employee', 'post');
INSERT INTO public.django_content_type (id, app_label, model) VALUES (12, 'employee', 'employee');
INSERT INTO public.django_content_type (id, app_label, model) VALUES (13, 'software', 'software');
INSERT INTO public.django_content_type (id, app_label, model) VALUES (14, 'software', 'os');
INSERT INTO public.django_content_type (id, app_label, model) VALUES (15, 'workstation', 'cpu');
INSERT INTO public.django_content_type (id, app_label, model) VALUES (16, 'workstation', 'dcpower');
INSERT INTO public.django_content_type (id, app_label, model) VALUES (17, 'workstation', 'gpu');
INSERT INTO public.django_content_type (id, app_label, model) VALUES (18, 'workstation', 'hdd');
INSERT INTO public.django_content_type (id, app_label, model) VALUES (19, 'workstation', 'keyboard');
INSERT INTO public.django_content_type (id, app_label, model) VALUES (20, 'workstation', 'monitor');
INSERT INTO public.django_content_type (id, app_label, model) VALUES (21, 'workstation', 'motherboard');
INSERT INTO public.django_content_type (id, app_label, model) VALUES (22, 'workstation', 'mouse');
INSERT INTO public.django_content_type (id, app_label, model) VALUES (23, 'workstation', 'ram');
INSERT INTO public.django_content_type (id, app_label, model) VALUES (24, 'workstation', 'ssd');
INSERT INTO public.django_content_type (id, app_label, model) VALUES (25, 'workstation', 'workstation');
INSERT INTO public.django_content_type (id, app_label, model) VALUES (26, 'consumables', 'categories');
INSERT INTO public.django_content_type (id, app_label, model) VALUES (27, 'consumables', 'toner');
INSERT INTO public.django_content_type (id, app_label, model) VALUES (28, 'consumables', 'storage');
INSERT INTO public.django_content_type (id, app_label, model) VALUES (29, 'consumables', 'fotoval');
INSERT INTO public.django_content_type (id, app_label, model) VALUES (30, 'consumables', 'consumables');
INSERT INTO public.django_content_type (id, app_label, model) VALUES (31, 'consumables', 'cartridge');
INSERT INTO public.django_content_type (id, app_label, model) VALUES (32, 'consumables', 'accumulator');
INSERT INTO public.django_content_type (id, app_label, model) VALUES (33, 'printer', 'printer');
INSERT INTO public.django_content_type (id, app_label, model) VALUES (34, 'ups', 'cassette');
INSERT INTO public.django_content_type (id, app_label, model) VALUES (35, 'ups', 'ups');
INSERT INTO public.django_content_type (id, app_label, model) VALUES (36, 'signature', 'signature');
INSERT INTO public.django_content_type (id, app_label, model) VALUES (37, 'counterparty', 'manufacturer');
INSERT INTO public.django_content_type (id, app_label, model) VALUES (38, 'stockroom', 'stockroom');
INSERT INTO public.django_content_type (id, app_label, model) VALUES (39, 'stockroom', 'categories');
INSERT INTO public.django_content_type (id, app_label, model) VALUES (40, 'workstation', 'categories');
INSERT INTO public.django_content_type (id, app_label, model) VALUES (41, 'printer', 'categories');


--
-- TOC entry 3727 (class 0 OID 16436)
-- Dependencies: 229
-- Data for Name: django_migrations; Type: TABLE DATA; Schema: public; Owner: adminDevelop
--

INSERT INTO public.django_migrations (id, app, name, applied) VALUES (1, 'contenttypes', '0001_initial', '2023-02-03 08:48:16.278568+00');
INSERT INTO public.django_migrations (id, app, name, applied) VALUES (2, 'auth', '0001_initial', '2023-02-03 08:48:16.432309+00');
INSERT INTO public.django_migrations (id, app, name, applied) VALUES (3, 'admin', '0001_initial', '2023-02-03 08:48:16.453999+00');
INSERT INTO public.django_migrations (id, app, name, applied) VALUES (4, 'admin', '0002_logentry_remove_auto_add', '2023-02-03 08:48:16.462453+00');
INSERT INTO public.django_migrations (id, app, name, applied) VALUES (5, 'admin', '0003_logentry_add_action_flag_choices', '2023-02-03 08:48:16.47075+00');
INSERT INTO public.django_migrations (id, app, name, applied) VALUES (6, 'contenttypes', '0002_remove_content_type_name', '2023-02-03 08:48:16.487475+00');
INSERT INTO public.django_migrations (id, app, name, applied) VALUES (7, 'auth', '0002_alter_permission_name_max_length', '2023-02-03 08:48:16.514108+00');
INSERT INTO public.django_migrations (id, app, name, applied) VALUES (8, 'auth', '0003_alter_user_email_max_length', '2023-02-03 08:48:16.533934+00');
INSERT INTO public.django_migrations (id, app, name, applied) VALUES (9, 'auth', '0004_alter_user_username_opts', '2023-02-03 08:48:16.545501+00');
INSERT INTO public.django_migrations (id, app, name, applied) VALUES (10, 'auth', '0005_alter_user_last_login_null', '2023-02-03 08:48:16.557272+00');
INSERT INTO public.django_migrations (id, app, name, applied) VALUES (11, 'auth', '0006_require_contenttypes_0002', '2023-02-03 08:48:16.562028+00');
INSERT INTO public.django_migrations (id, app, name, applied) VALUES (12, 'auth', '0007_alter_validators_add_error_messages', '2023-02-03 08:48:16.574938+00');
INSERT INTO public.django_migrations (id, app, name, applied) VALUES (13, 'auth', '0008_alter_user_username_max_length', '2023-02-03 08:48:16.602164+00');
INSERT INTO public.django_migrations (id, app, name, applied) VALUES (14, 'auth', '0009_alter_user_last_name_max_length', '2023-02-03 08:48:16.633333+00');
INSERT INTO public.django_migrations (id, app, name, applied) VALUES (15, 'auth', '0010_alter_group_name_max_length', '2023-02-03 08:48:16.653108+00');
INSERT INTO public.django_migrations (id, app, name, applied) VALUES (16, 'auth', '0011_update_proxy_permissions', '2023-02-03 08:48:16.665623+00');
INSERT INTO public.django_migrations (id, app, name, applied) VALUES (17, 'auth', '0012_alter_user_first_name_max_length', '2023-02-03 08:48:16.683029+00');
INSERT INTO public.django_migrations (id, app, name, applied) VALUES (18, 'catalog', '0001_initial', '2023-02-03 08:48:16.697215+00');
INSERT INTO public.django_migrations (id, app, name, applied) VALUES (19, 'workplace', '0001_initial', '2023-02-03 08:48:16.725928+00');
INSERT INTO public.django_migrations (id, app, name, applied) VALUES (20, 'employee', '0001_initial', '2023-02-03 08:48:16.789124+00');
INSERT INTO public.django_migrations (id, app, name, applied) VALUES (21, 'counterparty', '0001_initial', '2023-02-03 08:48:16.802947+00');
INSERT INTO public.django_migrations (id, app, name, applied) VALUES (22, 'consumables', '0001_initial', '2023-02-03 08:48:16.956478+00');
INSERT INTO public.django_migrations (id, app, name, applied) VALUES (23, 'printer', '0001_initial', '2023-02-03 08:48:17.118123+00');
INSERT INTO public.django_migrations (id, app, name, applied) VALUES (24, 'sessions', '0001_initial', '2023-02-03 08:48:17.132846+00');
INSERT INTO public.django_migrations (id, app, name, applied) VALUES (25, 'ups', '0001_initial', '2023-02-03 08:48:17.332635+00');
INSERT INTO public.django_migrations (id, app, name, applied) VALUES (26, 'software', '0001_initial', '2023-02-03 08:48:17.388762+00');
INSERT INTO public.django_migrations (id, app, name, applied) VALUES (27, 'workstation', '0001_initial', '2023-02-03 08:48:17.851245+00');
INSERT INTO public.django_migrations (id, app, name, applied) VALUES (28, 'signature', '0001_initial', '2023-02-03 08:48:17.9069+00');
INSERT INTO public.django_migrations (id, app, name, applied) VALUES (29, 'printer', '0002_printer_fotodrumm_printer_note_and_more', '2023-02-06 04:50:56.226906+00');
INSERT INTO public.django_migrations (id, app, name, applied) VALUES (30, 'printer', '0003_remove_printer_cartridge_remove_printer_fotodrumm_and_more', '2023-02-06 05:41:24.87359+00');
INSERT INTO public.django_migrations (id, app, name, applied) VALUES (31, 'printer', '0004_printer_consumable_alter_printer_cartridge', '2023-02-16 03:39:23.600043+00');
INSERT INTO public.django_migrations (id, app, name, applied) VALUES (32, 'consumables', '0002_remove_accumulator_manufacturer_and_more', '2023-02-16 11:36:54.369254+00');
INSERT INTO public.django_migrations (id, app, name, applied) VALUES (33, 'ups', '0002_rename_cassette1_ups_cassette_and_more', '2023-02-16 11:36:55.124285+00');
INSERT INTO public.django_migrations (id, app, name, applied) VALUES (34, 'signature', '0002_alter_signature_storage', '2023-02-16 11:36:55.153804+00');
INSERT INTO public.django_migrations (id, app, name, applied) VALUES (35, 'consumables', '0003_delete_accumulator_delete_cartridge_delete_fotoval_and_more', '2023-02-16 11:36:55.163324+00');
INSERT INTO public.django_migrations (id, app, name, applied) VALUES (36, 'printer', '0005_remove_printer_consumable_printer_rack_printer_shelf', '2023-02-16 11:36:55.239696+00');
INSERT INTO public.django_migrations (id, app, name, applied) VALUES (37, 'consumables', '0004_consumables_rack_consumables_shelf', '2023-02-16 11:43:19.497465+00');
INSERT INTO public.django_migrations (id, app, name, applied) VALUES (38, 'printer', '0006_remove_printer_rack_remove_printer_shelf', '2023-02-16 11:43:19.54517+00');
INSERT INTO public.django_migrations (id, app, name, applied) VALUES (39, 'stockroom', '0001_initial', '2023-02-17 05:06:25.251045+00');
INSERT INTO public.django_migrations (id, app, name, applied) VALUES (40, 'stockroom', '0002_rename_stokroom_stockroom', '2023-02-17 07:16:05.151482+00');
INSERT INTO public.django_migrations (id, app, name, applied) VALUES (41, 'stockroom', '0003_stockroom_categories', '2023-02-17 11:34:51.145414+00');
INSERT INTO public.django_migrations (id, app, name, applied) VALUES (42, 'consumables', '0005_remove_consumables_rack_remove_consumables_shelf', '2023-02-20 03:45:50.557248+00');
INSERT INTO public.django_migrations (id, app, name, applied) VALUES (43, 'stockroom', '0004_categories_stockroom_rack_stockroom_shelf_and_more', '2023-02-20 03:45:50.819054+00');
INSERT INTO public.django_migrations (id, app, name, applied) VALUES (44, 'consumables', '0006_alter_consumables_categories', '2023-02-21 09:35:53.162093+00');
INSERT INTO public.django_migrations (id, app, name, applied) VALUES (45, 'printer', '0007_categories_remove_printer_modelprinter_and_more', '2023-02-21 09:35:53.452528+00');
INSERT INTO public.django_migrations (id, app, name, applied) VALUES (46, 'workstation', '0002_categories_remove_workstation_modelcomputer_and_more', '2023-02-21 09:35:53.606824+00');


--
-- TOC entry 3729 (class 0 OID 16442)
-- Dependencies: 231
-- Data for Name: django_session; Type: TABLE DATA; Schema: public; Owner: adminDevelop
--

INSERT INTO public.django_session (session_key, session_data, expire_date) VALUES ('ois1o7fbrnkyagk2vsx75z87le640j9v', '.eJxVjDEOgzAQBP9ydWSBfWcMZXregGzfEQgRljBUiL8HJBramdndIa8pTtDsxws6v61Dt2VZupGhgRIeLPg4yXwJ_vr5k1RM87qMQV2Jum1WbWL5ve_2cTD4PJxrhwVaR4gWy6jFVzURiXP6hBSswV5YKiNF3Rvr0CExcW3YR8dBWw3HH0XwOqI:1pSwTd:nDLVNiiO5cMjz8CiZOzHJdaLauE6Kcjb9Nq8k8BycAc', '2023-03-03 08:52:21.155854+00');
INSERT INTO public.django_session (session_key, session_data, expire_date) VALUES ('ynifizuy0163lev70f4e8bvdni7li666', '.eJxVjDEOgzAQBP9ydWSBfWcMZXregGzfEQgRljBUiL8HJBramdndIa8pTtDsxws6v61Dt2VZupGhgRIeLPg4yXwJ_vr5k1RM87qMQV2Jum1WbWL5ve_2cTD4PJxrhwVaR4gWy6jFVzURiXP6hBSswV5YKiNF3Rvr0CExcW3YR8dBWw3HH0XwOqI:1pP0cE:kHs4fZdnn4Kcw1cJAxX6d8QWfazrHy2-kfGMUtkZW1E', '2023-02-20 12:28:58.068793+00');
INSERT INTO public.django_session (session_key, session_data, expire_date) VALUES ('ztntq2d6a35oi2da89hov2qnrzfbkv5m', '.eJxVjDEOgzAQBP9ydWSBfWcMZXregGzfEQgRljBUiL8HJBramdndIa8pTtDsxws6v61Dt2VZupGhgRIeLPg4yXwJ_vr5k1RM87qMQV2Jum1WbWL5ve_2cTD4PJxrhwVaR4gWy6jFVzURiXP6hBSswV5YKiNF3Rvr0CExcW3YR8dBWw3HH0XwOqI:1pNvVp:rJzYL1_mtOcgbjQV_4L_cOsgxEFrg38dmlpPc38I1Nc', '2023-02-17 12:49:53.075892+00');
INSERT INTO public.django_session (session_key, session_data, expire_date) VALUES ('nke14p4d31qdsh2yslmovkzsadui1vz8', '.eJxlkM1uAjEMhN8lZ4zy4yQOx977DMhJnEJ_dlV2OVSId6-RUCXoJVLs-UbjuZhlnduH2V2MjJYwpQgNMQOGUYBTZ2AXhnWu9oRy032feVqP64_ZxY2Zzl9VTvsT3zzc3385yOfQwXVjnC_i_GAY3ntAXzsU6QIepY1IzgbhJ1ulWrQaowzI6Bpg9QiV9BmDbCCfuq1PYVApJF99qgRJrJ7AaKGELMCFo88lD2H7SIFXjCWQK42AhiRAzQSlWKdYw9rLEMr5H6bcns_rYX9e9OBjNzvjzMOsaiky3Rb9nae3edvmaT0d6_Ym2d63y_Z17vL5ctc-GBx4OShNaDFRREzahRfOJcYopC1QjDUFHNpnDmLLCImQMPbYS-jcqGsd3lx_ARkVklc:1pSdiA:77Y429dKACFs0poR69MuxxbsaLqicsxSQ-eOJ7-42Qs', '2023-03-02 12:50:06.67766+00');
INSERT INTO public.django_session (session_key, session_data, expire_date) VALUES ('d19nxf5tsmvee9yws19i0tr3vyhelxpz', '.eJxVjDEOgzAQBP9ydWSBfWcMZXregGzfEQgRljBUiL8HJBramdndIa8pTtDsxws6v61Dt2VZupGhgRIeLPg4yXwJ_vr5k1RM87qMQV2Jum1WbWL5ve_2cTD4PJxrhwVaR4gWy6jFVzURiXP6hBSswV5YKiNF3Rvr0CExcW3YR8dBWw3HH0XwOqI:1pSVOW:10Scj3uafGwfcIle_gPEFL50_OKSN75O_E9c0OMMhYI', '2023-03-02 03:57:16.043083+00');
INSERT INTO public.django_session (session_key, session_data, expire_date) VALUES ('99k44slmkjg1rzyh15x5xlmvpzqt076g', '.eJxVjDEOgzAQBP_iOrLAvjMHZXregGzfEQgRljBUiL8HJIqknZndXXV-W4duy7J0I6tGlerxy4KPk8yX4LefX0nHNK_LGPSV6Ntm3SaWz_Nu_w4Gn4dzTVCAIwRwUEYjvqoRUYjMCTE4C72wVFaKureOgAAZubbsI3EwzpyneU1xUs1-HF8XGTqi:1pUN1u:3Gj1Vr8PXjsHKTfoLi1b7JPRjyuIl5BVf43unlJzVJQ', '2023-03-07 07:25:38.059463+00');
INSERT INTO public.django_session (session_key, session_data, expire_date) VALUES ('vrba4g09jm2q7833c4f8f63ulsco20rh', '.eJxVjDEOgzAQBP9ydWSBfWcMZXregGzfEQgRljBUiL8HJBramdndIa8pTtDsxws6v61Dt2VZupGhgRIeLPg4yXwJ_vr5k1RM87qMQV2Jum1WbWL5ve_2cTD4PJxrhwVaR4gWy6jFVzURiXP6hBSswV5YKiNF3Rvr0CExcW3YR8dBWw3HH0XwOqI:1pURXn:ZGzB-8fMaUPTK8uZY9_kAoq4Ud1lz9jChHrmpHdrnKs', '2023-03-07 12:14:51.206998+00');


--
-- TOC entry 3730 (class 0 OID 16447)
-- Dependencies: 232
-- Data for Name: employee_departament; Type: TABLE DATA; Schema: public; Owner: adminDevelop
--

INSERT INTO public.employee_departament (id, name) VALUES ('b1f107a4-028f-4211-b883-b210c8170dbd', 'экономика');
INSERT INTO public.employee_departament (id, name) VALUES ('8a302d7f-c349-4f84-b7da-869ec481915c', 'управление');
INSERT INTO public.employee_departament (id, name) VALUES ('9640744f-7b6d-4bea-b974-403298a90655', 'ИТ');
INSERT INTO public.employee_departament (id, name) VALUES ('ca11cbb4-4c0e-46b7-8b6a-b7fadd4799d1', 'МТО');
INSERT INTO public.employee_departament (id, name) VALUES ('54dc8b6c-b9ff-496b-9d40-8076a4fbd0a8', 'бухгалтерия');


--
-- TOC entry 3731 (class 0 OID 16450)
-- Dependencies: 233
-- Data for Name: employee_employee; Type: TABLE DATA; Schema: public; Owner: adminDevelop
--

INSERT INTO public.employee_employee (id, name, sername, family, "employeeEmail", post_id, workplace_id) VALUES ('9a9bc80f-e385-4ba6-a360-7f75e219e8b5', 'Мария', 'Данииловна', 'Захарова', 'ZaharovaMD@mail.com', 'dbd330c3-cca7-4a41-bf4e-8a4d5e120b6a', '3e8bc459-0fb4-45a1-a6ab-90947e0b4812');
INSERT INTO public.employee_employee (id, name, sername, family, "employeeEmail", post_id, workplace_id) VALUES ('c1035cf2-1880-43df-a785-1b0973068b9b', 'Ангелина', 'Давидовна', 'Соловьева', 'SolovievaAD@mail.com', 'ec208782-08f5-48c9-adac-7f5df3cc3d0e', '308fbc08-4d5d-4be5-a7d9-9707ea4364cb');
INSERT INTO public.employee_employee (id, name, sername, family, "employeeEmail", post_id, workplace_id) VALUES ('dd1f292c-024f-4f88-a0b4-8094cfb62678', 'Марсель', 'Михайлович', 'Шевцов', 'ShevtsovMM@mail.com', '4681fcf4-0ea0-4c11-bb0b-21d45d55751e', '04661246-a504-49d3-83a2-1ae9fc49820f');
INSERT INTO public.employee_employee (id, name, sername, family, "employeeEmail", post_id, workplace_id) VALUES ('0607bc3d-d8e5-44e7-9c5e-611fd255787c', 'Злата', 'Александровна', 'Емельянова', 'EmelyanovaZA@mail.com', 'f8c0b6fa-fa57-42d1-9697-8dc5bef236e3', '9e0bdd0f-67ea-4845-ad28-ec78ea6c940d');
INSERT INTO public.employee_employee (id, name, sername, family, "employeeEmail", post_id, workplace_id) VALUES ('5cf01a39-79db-411f-8665-822f934a62e2', 'Демид', 'Владимирович', 'Герасимов', 'GerasimovDV@mail.com', '881b153a-85de-433b-8e70-a606ff4a7ac3', '7797d5e6-dd9d-4996-985e-21d1ae22ac8e');
INSERT INTO public.employee_employee (id, name, sername, family, "employeeEmail", post_id, workplace_id) VALUES ('8d1ba63e-2b49-460b-a98a-6951111de0f3', 'Мирон', 'Константинович', 'Андреев', 'AndreevMK@mail.com', '48d80715-dc10-4d1c-a37a-94d7ebf83121', 'cf1d6f5b-670e-456b-b79b-d483a8e48f82');
INSERT INTO public.employee_employee (id, name, sername, family, "employeeEmail", post_id, workplace_id) VALUES ('9fd3f507-a278-4aa3-ac11-ca3556272ccb', 'Стефания', 'Давидовна', 'Лебедева', 'LebedevaSD@mail.com', '749feb72-f4dd-4dbc-98a8-58402c39135b', '80a72676-5bbe-4e45-96af-e22c81984252');
INSERT INTO public.employee_employee (id, name, sername, family, "employeeEmail", post_id, workplace_id) VALUES ('0c3fb524-b88e-476a-9532-91dd213844a3', 'Елизавета', 'Антоновна', 'Зиновьева', 'ZinovievaEA@mail.com', 'ec208782-08f5-48c9-adac-7f5df3cc3d0e', '436bffce-fd00-4167-a07a-b86ae49d0411');
INSERT INTO public.employee_employee (id, name, sername, family, "employeeEmail", post_id, workplace_id) VALUES ('bbe07f4c-b65e-43cd-847b-9cc2fa4a6c38', 'Ярослав', 'Захарович', 'Шапошников', 'ShaposhnikovYZ@mail.com', '81a6a550-c0f0-4637-b0b9-f9684e37a44d', 'db237ace-16b6-4b42-9029-b5a140cc8c4b');
INSERT INTO public.employee_employee (id, name, sername, family, "employeeEmail", post_id, workplace_id) VALUES ('ab4ed3b2-0d66-401a-90a2-7a4bc4986889', 'Денис', 'Александрович', 'Митрофанов', 'MitrofanovDA@mail.com', '81a6a550-c0f0-4637-b0b9-f9684e37a44d', '048c10c9-f3a3-440d-b854-c7dba6413c67');
INSERT INTO public.employee_employee (id, name, sername, family, "employeeEmail", post_id, workplace_id) VALUES ('e4f9e5c0-f2b7-431a-983c-34260ee0418a', 'Георгий', 'Степанович', 'Гончаров', 'GoncharovGS@mail.com', 'bd386c6c-5ab6-423a-86d6-13831a92f505', '3fbcd5fe-cca9-4d26-9099-b2f73595bf75');
INSERT INTO public.employee_employee (id, name, sername, family, "employeeEmail", post_id, workplace_id) VALUES ('1ab40850-bd33-4c69-9d41-8a078410e539', 'Константин', 'Кириллович', 'Андреев', 'AndreevKK@mail.com', '44751ec8-6320-4efd-a07f-dff1c5ef6d26', 'fc7f43ab-f8e6-4913-9988-795df5df8a03');


--
-- TOC entry 3732 (class 0 OID 16453)
-- Dependencies: 234
-- Data for Name: employee_post; Type: TABLE DATA; Schema: public; Owner: adminDevelop
--

INSERT INTO public.employee_post (id, name, departament_id) VALUES ('ec208782-08f5-48c9-adac-7f5df3cc3d0e', 'бухгалтер', '54dc8b6c-b9ff-496b-9d40-8076a4fbd0a8');
INSERT INTO public.employee_post (id, name, departament_id) VALUES ('44751ec8-6320-4efd-a07f-dff1c5ef6d26', 'начальник отдела', '9640744f-7b6d-4bea-b974-403298a90655');
INSERT INTO public.employee_post (id, name, departament_id) VALUES ('81a6a550-c0f0-4637-b0b9-f9684e37a44d', 'системный администратор', '9640744f-7b6d-4bea-b974-403298a90655');
INSERT INTO public.employee_post (id, name, departament_id) VALUES ('dbd330c3-cca7-4a41-bf4e-8a4d5e120b6a', 'администратор сети', '9640744f-7b6d-4bea-b974-403298a90655');
INSERT INTO public.employee_post (id, name, departament_id) VALUES ('bd386c6c-5ab6-423a-86d6-13831a92f505', 'программист', '9640744f-7b6d-4bea-b974-403298a90655');
INSERT INTO public.employee_post (id, name, departament_id) VALUES ('881b153a-85de-433b-8e70-a606ff4a7ac3', 'заведующий МТО', 'ca11cbb4-4c0e-46b7-8b6a-b7fadd4799d1');
INSERT INTO public.employee_post (id, name, departament_id) VALUES ('48d80715-dc10-4d1c-a37a-94d7ebf83121', 'начальник отдела экономики', 'b1f107a4-028f-4211-b883-b210c8170dbd');
INSERT INTO public.employee_post (id, name, departament_id) VALUES ('f8c0b6fa-fa57-42d1-9697-8dc5bef236e3', 'ведущий экономист', 'b1f107a4-028f-4211-b883-b210c8170dbd');
INSERT INTO public.employee_post (id, name, departament_id) VALUES ('749feb72-f4dd-4dbc-98a8-58402c39135b', 'экономист', 'b1f107a4-028f-4211-b883-b210c8170dbd');
INSERT INTO public.employee_post (id, name, departament_id) VALUES ('4681fcf4-0ea0-4c11-bb0b-21d45d55751e', 'главный бухгалтер', '54dc8b6c-b9ff-496b-9d40-8076a4fbd0a8');


--
-- TOC entry 3754 (class 0 OID 17010)
-- Dependencies: 256
-- Data for Name: printer_categories; Type: TABLE DATA; Schema: public; Owner: adminDevelop
--

INSERT INTO public.printer_categories (id, name, slug) VALUES ('dbc8c2ef-47e8-4b40-9f5c-2394dff9b779', 'сканер', 'scaner');
INSERT INTO public.printer_categories (id, name, slug) VALUES ('1c60f9aa-7031-4f7e-a3e8-1663aa15db58', 'принтер', 'printer');
INSERT INTO public.printer_categories (id, name, slug) VALUES ('eee6f841-0b3c-4fde-b9fa-b799dabb159c', 'МФУ', 'all_in_one');


--
-- TOC entry 3733 (class 0 OID 16456)
-- Dependencies: 235
-- Data for Name: printer_printer; Type: TABLE DATA; Schema: public; Owner: adminDevelop
--

INSERT INTO public.printer_printer (id, name, serial, "serialImg", invent, "inventImg", "usbPort", "lanPort", tray1, tray2, tray3, "traySide", score, manufacturer_id, workplace_id, note, cartridge_id, fotodrumm_id, fotoval_id, toner_id, categories_id) VALUES ('5d611453-37dd-4f26-ae36-ad2051e5820f', 'M2701', 'p01', '', 'p01-01', '', '', '', 'A4', 'A3', 'Отсутствует', 'A4', NULL, '824aabce-994e-47eb-82c2-d4d0f0882f04', 'dc94b5a7-3da9-477a-8d33-35c1ad2c4d47', '', '73a5309a-cd73-4c75-b219-a3a41dc764d4', '8a71ab6a-870b-4ff0-8225-ba00cfa98079', 'e69a0c3f-4ff8-4656-979b-f64ff0cab03c', 'cd81668e-75d9-46d0-a4ce-611f84116bd3', 'eee6f841-0b3c-4fde-b9fa-b799dabb159c');
INSERT INTO public.printer_printer (id, name, serial, "serialImg", invent, "inventImg", "usbPort", "lanPort", tray1, tray2, tray3, "traySide", score, manufacturer_id, workplace_id, note, cartridge_id, fotodrumm_id, fotoval_id, toner_id, categories_id) VALUES ('333ef191-e9f9-40fb-937d-f15e42daa4b2', 'M2701', 'p03', '', 'p03-03', '', '', '', 'A4', 'A3', 'Отсутствует', 'A4', NULL, '824aabce-994e-47eb-82c2-d4d0f0882f04', 'a3b14cbe-dbde-4914-b602-858dfbc3613d', '', '73a5309a-cd73-4c75-b219-a3a41dc764d4', '8a71ab6a-870b-4ff0-8225-ba00cfa98079', 'e69a0c3f-4ff8-4656-979b-f64ff0cab03c', 'cd81668e-75d9-46d0-a4ce-611f84116bd3', 'eee6f841-0b3c-4fde-b9fa-b799dabb159c');
INSERT INTO public.printer_printer (id, name, serial, "serialImg", invent, "inventImg", "usbPort", "lanPort", tray1, tray2, tray3, "traySide", score, manufacturer_id, workplace_id, note, cartridge_id, fotodrumm_id, fotoval_id, toner_id, categories_id) VALUES ('429bb4a4-6dbe-4e71-8181-4046d02ceca7', 'hp 2015', 'p02', '', 'p02-02', '', '', '', 'A4', 'A3', 'Отсутствует', 'A4', NULL, '5fec44ba-e8e1-4a59-b9e9-ecf1313bcc3c', 'ad1427a0-8982-414c-9db0-edfb671bda8a', '', '614a6077-f01d-4cf4-b3db-ccd5088b1813', '38b4f6b9-7a18-4d62-80df-9a4fac6d8e1b', '34ea6ad4-fa60-4407-8739-cb5c7bb1a7d0', 'e3984956-f665-4409-a7d0-51ee1bba70e2', '1c60f9aa-7031-4f7e-a3e8-1663aa15db58');
INSERT INTO public.printer_printer (id, name, serial, "serialImg", invent, "inventImg", "usbPort", "lanPort", tray1, tray2, tray3, "traySide", score, manufacturer_id, workplace_id, note, cartridge_id, fotodrumm_id, fotoval_id, toner_id, categories_id) VALUES ('488ab754-df90-4c55-9d95-0e8fbc68c997', 'М2701', NULL, '', NULL, '', '', '', 'A4', 'A3', 'Отсутствует', 'A4', NULL, '824aabce-994e-47eb-82c2-d4d0f0882f04', '7be5c1f0-86d5-475d-a7e2-9f74076acc0a', '', '73a5309a-cd73-4c75-b219-a3a41dc764d4', '8a71ab6a-870b-4ff0-8225-ba00cfa98079', 'e69a0c3f-4ff8-4656-979b-f64ff0cab03c', 'cd81668e-75d9-46d0-a4ce-611f84116bd3', 'eee6f841-0b3c-4fde-b9fa-b799dabb159c');
INSERT INTO public.printer_printer (id, name, serial, "serialImg", invent, "inventImg", "usbPort", "lanPort", tray1, tray2, tray3, "traySide", score, manufacturer_id, workplace_id, note, cartridge_id, fotodrumm_id, fotoval_id, toner_id, categories_id) VALUES ('88fc5914-8a86-4125-a558-3dbb6db1c043', 'C285N', NULL, '', NULL, '', '', '', 'A4', 'A3', 'Отсутствует', 'A4', NULL, 'e1fe4b7e-38f0-4735-af95-bdb41c846715', 'a653ca3f-599e-4855-8664-061a093952ef', '', '0036672f-4b7b-4b9b-89f8-a6145f1c9f5f', '38b4f6b9-7a18-4d62-80df-9a4fac6d8e1b', '34ea6ad4-fa60-4407-8739-cb5c7bb1a7d0', 'e3984956-f665-4409-a7d0-51ee1bba70e2', '1c60f9aa-7031-4f7e-a3e8-1663aa15db58');
INSERT INTO public.printer_printer (id, name, serial, "serialImg", invent, "inventImg", "usbPort", "lanPort", tray1, tray2, tray3, "traySide", score, manufacturer_id, workplace_id, note, cartridge_id, fotodrumm_id, fotoval_id, toner_id, categories_id) VALUES ('9f201c55-d761-4f22-911d-db64cee446a4', 'M2701', NULL, '', NULL, '', '', '', 'A4', 'A3', 'Отсутствует', 'A4', NULL, '824aabce-994e-47eb-82c2-d4d0f0882f04', '351ce039-3ffa-4ccf-9666-8adb3ffa6650', '', '73a5309a-cd73-4c75-b219-a3a41dc764d4', '8a71ab6a-870b-4ff0-8225-ba00cfa98079', 'e69a0c3f-4ff8-4656-979b-f64ff0cab03c', 'cd81668e-75d9-46d0-a4ce-611f84116bd3', 'eee6f841-0b3c-4fde-b9fa-b799dabb159c');
INSERT INTO public.printer_printer (id, name, serial, "serialImg", invent, "inventImg", "usbPort", "lanPort", tray1, tray2, tray3, "traySide", score, manufacturer_id, workplace_id, note, cartridge_id, fotodrumm_id, fotoval_id, toner_id, categories_id) VALUES ('fc334341-d9bb-447b-9870-039bd0a50694', 'M2701', NULL, '', NULL, '', '', '', 'A4', 'A3', 'Отсутствует', 'A4', NULL, '824aabce-994e-47eb-82c2-d4d0f0882f04', '8c404624-c6c4-407b-970a-bb3c05d4bd55', '', '73a5309a-cd73-4c75-b219-a3a41dc764d4', '8a71ab6a-870b-4ff0-8225-ba00cfa98079', 'e69a0c3f-4ff8-4656-979b-f64ff0cab03c', 'cd81668e-75d9-46d0-a4ce-611f84116bd3', 'eee6f841-0b3c-4fde-b9fa-b799dabb159c');
INSERT INTO public.printer_printer (id, name, serial, "serialImg", invent, "inventImg", "usbPort", "lanPort", tray1, tray2, tray3, "traySide", score, manufacturer_id, workplace_id, note, cartridge_id, fotodrumm_id, fotoval_id, toner_id, categories_id) VALUES ('e07ddd1b-d765-450a-b840-2455a2baf26d', 'M2701', NULL, '', NULL, '', '', '', 'A4', 'A3', 'Отсутствует', 'A4', NULL, '824aabce-994e-47eb-82c2-d4d0f0882f04', '3a50e679-03a8-48da-ac7f-067d9c97ddc9', '', '73a5309a-cd73-4c75-b219-a3a41dc764d4', '8a71ab6a-870b-4ff0-8225-ba00cfa98079', 'e69a0c3f-4ff8-4656-979b-f64ff0cab03c', 'cd81668e-75d9-46d0-a4ce-611f84116bd3', 'eee6f841-0b3c-4fde-b9fa-b799dabb159c');
INSERT INTO public.printer_printer (id, name, serial, "serialImg", invent, "inventImg", "usbPort", "lanPort", tray1, tray2, tray3, "traySide", score, manufacturer_id, workplace_id, note, cartridge_id, fotodrumm_id, fotoval_id, toner_id, categories_id) VALUES ('68a9071c-760b-486c-bb2e-217a8fd89676', 'M2701', NULL, '', NULL, '', '', '', 'A4', 'A3', 'Отсутствует', 'A4', NULL, '824aabce-994e-47eb-82c2-d4d0f0882f04', '71cabb8c-34c2-4310-9090-f7d470971bf8', '', '73a5309a-cd73-4c75-b219-a3a41dc764d4', '8a71ab6a-870b-4ff0-8225-ba00cfa98079', 'e69a0c3f-4ff8-4656-979b-f64ff0cab03c', 'cd81668e-75d9-46d0-a4ce-611f84116bd3', 'eee6f841-0b3c-4fde-b9fa-b799dabb159c');
INSERT INTO public.printer_printer (id, name, serial, "serialImg", invent, "inventImg", "usbPort", "lanPort", tray1, tray2, tray3, "traySide", score, manufacturer_id, workplace_id, note, cartridge_id, fotodrumm_id, fotoval_id, toner_id, categories_id) VALUES ('91226af5-e89c-4201-9fcf-02faea0352e5', 'M2701', NULL, '', NULL, '', '', '', 'A4', 'A3', 'Отсутствует', 'A4', NULL, '824aabce-994e-47eb-82c2-d4d0f0882f04', '8c5de99f-ee26-462a-a69d-d80fa71d36aa', '', '73a5309a-cd73-4c75-b219-a3a41dc764d4', '8a71ab6a-870b-4ff0-8225-ba00cfa98079', 'e69a0c3f-4ff8-4656-979b-f64ff0cab03c', 'cd81668e-75d9-46d0-a4ce-611f84116bd3', 'eee6f841-0b3c-4fde-b9fa-b799dabb159c');
INSERT INTO public.printer_printer (id, name, serial, "serialImg", invent, "inventImg", "usbPort", "lanPort", tray1, tray2, tray3, "traySide", score, manufacturer_id, workplace_id, note, cartridge_id, fotodrumm_id, fotoval_id, toner_id, categories_id) VALUES ('56e8145b-376b-4405-a27d-456de67d20ed', 'M2701', NULL, '', NULL, '', '', '', 'A4', 'A3', 'Отсутствует', 'A4', NULL, '824aabce-994e-47eb-82c2-d4d0f0882f04', '2f8177fd-0295-4438-af49-ad11a8106607', '', '73a5309a-cd73-4c75-b219-a3a41dc764d4', '8a71ab6a-870b-4ff0-8225-ba00cfa98079', 'e69a0c3f-4ff8-4656-979b-f64ff0cab03c', 'cd81668e-75d9-46d0-a4ce-611f84116bd3', 'eee6f841-0b3c-4fde-b9fa-b799dabb159c');
INSERT INTO public.printer_printer (id, name, serial, "serialImg", invent, "inventImg", "usbPort", "lanPort", tray1, tray2, tray3, "traySide", score, manufacturer_id, workplace_id, note, cartridge_id, fotodrumm_id, fotoval_id, toner_id, categories_id) VALUES ('ac46d549-28a2-4db1-b417-a1c82a166c8a', 'M2701', NULL, '', NULL, '', '', '', 'A4', 'A3', 'Отсутствует', 'A4', NULL, '824aabce-994e-47eb-82c2-d4d0f0882f04', 'aea05c70-48e9-4ed7-b40c-de1c6f9ae255', '', '73a5309a-cd73-4c75-b219-a3a41dc764d4', '8a71ab6a-870b-4ff0-8225-ba00cfa98079', 'e69a0c3f-4ff8-4656-979b-f64ff0cab03c', 'cd81668e-75d9-46d0-a4ce-611f84116bd3', 'eee6f841-0b3c-4fde-b9fa-b799dabb159c');


--
-- TOC entry 3734 (class 0 OID 16461)
-- Dependencies: 236
-- Data for Name: signature_signature; Type: TABLE DATA; Schema: public; Owner: adminDevelop
--

INSERT INTO public.signature_signature (id, name, "licenseKeyFileOpen", "licenseKeyFileClose", "periodOpen", "periodClose", "employeeRegister_id", "employeeStorage_id", storage_id, workstation_id) VALUES ('94dfb165-4a00-403a-a4b5-de588e82e111', 'оалд', '', '', NULL, NULL, NULL, NULL, NULL, NULL);


--
-- TOC entry 3735 (class 0 OID 16464)
-- Dependencies: 237
-- Data for Name: software_os; Type: TABLE DATA; Schema: public; Owner: adminDevelop
--

INSERT INTO public.software_os (id, name, version, "bitDepth", "licenseKeyText", "licenseKeyImg", "licenseKeyFile", manufacturer_id) VALUES ('c9c6af78-40f7-4988-9dcf-04beea9183c1', 'Windows 10', '10.1256', '64', '11111111111111', '', '', 'c9d93055-0ae8-498e-9db2-81167f091171');
INSERT INTO public.software_os (id, name, version, "bitDepth", "licenseKeyText", "licenseKeyImg", "licenseKeyFile", manufacturer_id) VALUES ('1b8cfac6-0a2e-4fa0-9e02-0db3fe11b487', 'RedOS', '10.1256', '64', '12315', '', '', '568fc0d4-fafa-4483-a6a0-f56b86bac6b5');


--
-- TOC entry 3736 (class 0 OID 16469)
-- Dependencies: 238
-- Data for Name: software_software; Type: TABLE DATA; Schema: public; Owner: adminDevelop
--

INSERT INTO public.software_software (id, name, version, "bitDepth", "licenseKeyText", "licenseKeyImg", "licenseKeyFile", manufacturer_id) VALUES ('1d76842a-31e7-49cf-b3e0-1fad88e5b40f', 'MS Office', '10.1256', '64', '11111111', '', '', 'c9d93055-0ae8-498e-9db2-81167f091171');
INSERT INTO public.software_software (id, name, version, "bitDepth", "licenseKeyText", "licenseKeyImg", "licenseKeyFile", manufacturer_id) VALUES ('cbadda33-57d6-4af7-854f-844a6b81ae33', 'R7 Office', '7.1.14', '64', '222', '', '', 'd25a49f2-977d-4419-95c5-9e4cc7c11b78');


--
-- TOC entry 3737 (class 0 OID 16474)
-- Dependencies: 239
-- Data for Name: stockroom_categories; Type: TABLE DATA; Schema: public; Owner: adminDevelop
--



--
-- TOC entry 3738 (class 0 OID 16477)
-- Dependencies: 240
-- Data for Name: stockroom_stockroom; Type: TABLE DATA; Schema: public; Owner: adminDevelop
--

INSERT INTO public.stockroom_stockroom (consumables_id, "dateAddToStock", "dateInstall", categories_id, rack, shelf) VALUES ('3bb8d0e0-f71e-47cd-998c-c2c6e1d3e553', '2023-02-20', NULL, NULL, 2, 5);
INSERT INTO public.stockroom_stockroom (consumables_id, "dateAddToStock", "dateInstall", categories_id, rack, shelf) VALUES ('614a6077-f01d-4cf4-b3db-ccd5088b1813', '2023-02-21', NULL, NULL, 1, 2);
INSERT INTO public.stockroom_stockroom (consumables_id, "dateAddToStock", "dateInstall", categories_id, rack, shelf) VALUES ('0036672f-4b7b-4b9b-89f8-a6145f1c9f5f', '2023-02-21', NULL, NULL, 1, 3);
INSERT INTO public.stockroom_stockroom (consumables_id, "dateAddToStock", "dateInstall", categories_id, rack, shelf) VALUES ('8a71ab6a-870b-4ff0-8225-ba00cfa98079', '2023-02-21', NULL, NULL, 2, 6);
INSERT INTO public.stockroom_stockroom (consumables_id, "dateAddToStock", "dateInstall", categories_id, rack, shelf) VALUES ('e69a0c3f-4ff8-4656-979b-f64ff0cab03c', '2023-02-21', NULL, NULL, 2, 7);
INSERT INTO public.stockroom_stockroom (consumables_id, "dateAddToStock", "dateInstall", categories_id, rack, shelf) VALUES ('cd81668e-75d9-46d0-a4ce-611f84116bd3', '2023-02-21', NULL, NULL, 3, 8);


--
-- TOC entry 3739 (class 0 OID 16480)
-- Dependencies: 241
-- Data for Name: ups_cassette; Type: TABLE DATA; Schema: public; Owner: adminDevelop
--

INSERT INTO public.ups_cassette (id, name, serial, "serialImg", invent, "inventImg", power, voltage, current, score, manufacturer_id, accumulator_id) VALUES ('b11bc587-dcf9-45f4-8db8-55a26ccb0d36', '002', NULL, '', NULL, '', NULL, NULL, NULL, NULL, NULL, NULL);


--
-- TOC entry 3740 (class 0 OID 16485)
-- Dependencies: 242
-- Data for Name: ups_ups; Type: TABLE DATA; Schema: public; Owner: adminDevelop
--

INSERT INTO public.ups_ups (id, name, serial, "serialImg", invent, "inventImg", power, voltage, current, score, cassette_id, manufacturer_id, accumulator_id) VALUES ('859ddff9-c035-4383-9b38-bfcb59bb08f1', '54нкеы', NULL, '', NULL, '', NULL, NULL, NULL, NULL, NULL, NULL, NULL);


--
-- TOC entry 3741 (class 0 OID 16490)
-- Dependencies: 243
-- Data for Name: workplace_room; Type: TABLE DATA; Schema: public; Owner: adminDevelop
--

INSERT INTO public.workplace_room (id, name, building, floor) VALUES ('5004ee6e-5fa3-47c8-8798-a98709cb5f61', '112', 'основное', '01');
INSERT INTO public.workplace_room (id, name, building, floor) VALUES ('c33d9522-b052-4084-8a23-e4080374a27e', '005', 'основное', '00');
INSERT INTO public.workplace_room (id, name, building, floor) VALUES ('aa5e6d11-9b48-43d0-bac7-a364e424235c', '106', 'основное', '01');
INSERT INTO public.workplace_room (id, name, building, floor) VALUES ('22e29ab1-98c9-4f2d-9b33-841099111f80', '223', 'основное', '02');
INSERT INTO public.workplace_room (id, name, building, floor) VALUES ('5e02574d-21a4-48ea-a2b0-c73c8428f6ae', '207', 'основное', '02');
INSERT INTO public.workplace_room (id, name, building, floor) VALUES ('a4f12c87-1444-4142-9705-68dadbab1d1b', '331', 'основное', '03');
INSERT INTO public.workplace_room (id, name, building, floor) VALUES ('cf8f3862-2a7a-48d4-be75-9976fff2ff4e', '316', 'основное', '03');
INSERT INTO public.workplace_room (id, name, building, floor) VALUES ('beb7c773-e972-4cae-96bd-36ca0e9427b5', '116', 'старое', '01');
INSERT INTO public.workplace_room (id, name, building, floor) VALUES ('13e7fe38-2998-40ed-88ac-8eefc53cba16', '125', 'старое', '01');
INSERT INTO public.workplace_room (id, name, building, floor) VALUES ('6739cca7-f44d-4e91-a349-22e4cb8d3a9b', '217', 'старое', '02');
INSERT INTO public.workplace_room (id, name, building, floor) VALUES ('31138e7f-05b7-4f90-a451-3e1d2458cf5e', '221', 'старое', '02');
INSERT INTO public.workplace_room (id, name, building, floor) VALUES ('f92ca984-2521-4b39-9e3e-78a7adfbd9f2', '002', 'основное', '00');


--
-- TOC entry 3742 (class 0 OID 16493)
-- Dependencies: 244
-- Data for Name: workplace_workplace; Type: TABLE DATA; Schema: public; Owner: adminDevelop
--

INSERT INTO public.workplace_workplace (id, name, room_id) VALUES ('3e8bc459-0fb4-45a1-a6ab-90947e0b4812', 'p-002-r1', 'f92ca984-2521-4b39-9e3e-78a7adfbd9f2');
INSERT INTO public.workplace_workplace (id, name, room_id) VALUES ('dc94b5a7-3da9-477a-8d33-35c1ad2c4d47', 'p-002-p2', 'f92ca984-2521-4b39-9e3e-78a7adfbd9f2');
INSERT INTO public.workplace_workplace (id, name, room_id) VALUES ('bc29d5d3-08d6-4502-9455-42357f277809', 'p-005-s1', 'c33d9522-b052-4084-8a23-e4080374a27e');
INSERT INTO public.workplace_workplace (id, name, room_id) VALUES ('04614340-18ce-4d6d-ad82-0d9d40a95d8a', 'p-005-s2', 'c33d9522-b052-4084-8a23-e4080374a27e');
INSERT INTO public.workplace_workplace (id, name, room_id) VALUES ('04661246-a504-49d3-83a2-1ae9fc49820f', 'p-106-r1', 'aa5e6d11-9b48-43d0-bac7-a364e424235c');
INSERT INTO public.workplace_workplace (id, name, room_id) VALUES ('308fbc08-4d5d-4be5-a7d9-9707ea4364cb', 'p-106-r2', 'aa5e6d11-9b48-43d0-bac7-a364e424235c');
INSERT INTO public.workplace_workplace (id, name, room_id) VALUES ('ad1427a0-8982-414c-9db0-edfb671bda8a', 'p-005-p3', 'c33d9522-b052-4084-8a23-e4080374a27e');
INSERT INTO public.workplace_workplace (id, name, room_id) VALUES ('7be5c1f0-86d5-475d-a7e2-9f74076acc0a', 'p-112-p1', '5004ee6e-5fa3-47c8-8798-a98709cb5f61');
INSERT INTO public.workplace_workplace (id, name, room_id) VALUES ('9e0bdd0f-67ea-4845-ad28-ec78ea6c940d', 'p-112-r2', '5004ee6e-5fa3-47c8-8798-a98709cb5f61');
INSERT INTO public.workplace_workplace (id, name, room_id) VALUES ('cf1d6f5b-670e-456b-b79b-d483a8e48f82', 'p-116-r1', 'beb7c773-e972-4cae-96bd-36ca0e9427b5');
INSERT INTO public.workplace_workplace (id, name, room_id) VALUES ('a653ca3f-599e-4855-8664-061a093952ef', 'p-116-p2', 'beb7c773-e972-4cae-96bd-36ca0e9427b5');
INSERT INTO public.workplace_workplace (id, name, room_id) VALUES ('80a72676-5bbe-4e45-96af-e22c81984252', 'p-125-r1', '13e7fe38-2998-40ed-88ac-8eefc53cba16');
INSERT INTO public.workplace_workplace (id, name, room_id) VALUES ('351ce039-3ffa-4ccf-9666-8adb3ffa6650', 'p-125-p2', '13e7fe38-2998-40ed-88ac-8eefc53cba16');
INSERT INTO public.workplace_workplace (id, name, room_id) VALUES ('7797d5e6-dd9d-4996-985e-21d1ae22ac8e', 'p-207-r1', '5e02574d-21a4-48ea-a2b0-c73c8428f6ae');
INSERT INTO public.workplace_workplace (id, name, room_id) VALUES ('8c404624-c6c4-407b-970a-bb3c05d4bd55', 'p-207-p2', '5e02574d-21a4-48ea-a2b0-c73c8428f6ae');
INSERT INTO public.workplace_workplace (id, name, room_id) VALUES ('436bffce-fd00-4167-a07a-b86ae49d0411', 'p-217-r1', '6739cca7-f44d-4e91-a349-22e4cb8d3a9b');
INSERT INTO public.workplace_workplace (id, name, room_id) VALUES ('3a50e679-03a8-48da-ac7f-067d9c97ddc9', 'p-217-p2', '6739cca7-f44d-4e91-a349-22e4cb8d3a9b');
INSERT INTO public.workplace_workplace (id, name, room_id) VALUES ('db237ace-16b6-4b42-9029-b5a140cc8c4b', 'p-221-r1', '31138e7f-05b7-4f90-a451-3e1d2458cf5e');
INSERT INTO public.workplace_workplace (id, name, room_id) VALUES ('71cabb8c-34c2-4310-9090-f7d470971bf8', 'p-221-p2', '31138e7f-05b7-4f90-a451-3e1d2458cf5e');
INSERT INTO public.workplace_workplace (id, name, room_id) VALUES ('048c10c9-f3a3-440d-b854-c7dba6413c67', 'p-223-r1', '22e29ab1-98c9-4f2d-9b33-841099111f80');
INSERT INTO public.workplace_workplace (id, name, room_id) VALUES ('8c5de99f-ee26-462a-a69d-d80fa71d36aa', 'p-223-p2', '22e29ab1-98c9-4f2d-9b33-841099111f80');
INSERT INTO public.workplace_workplace (id, name, room_id) VALUES ('3fbcd5fe-cca9-4d26-9099-b2f73595bf75', 'p-316-r1', 'cf8f3862-2a7a-48d4-be75-9976fff2ff4e');
INSERT INTO public.workplace_workplace (id, name, room_id) VALUES ('2f8177fd-0295-4438-af49-ad11a8106607', 'p-316-p2', 'cf8f3862-2a7a-48d4-be75-9976fff2ff4e');
INSERT INTO public.workplace_workplace (id, name, room_id) VALUES ('fc7f43ab-f8e6-4913-9988-795df5df8a03', 'p-331-r1', 'a4f12c87-1444-4142-9705-68dadbab1d1b');
INSERT INTO public.workplace_workplace (id, name, room_id) VALUES ('aea05c70-48e9-4ed7-b40c-de1c6f9ae255', 'p-331-p2', 'a4f12c87-1444-4142-9705-68dadbab1d1b');
INSERT INTO public.workplace_workplace (id, name, room_id) VALUES ('a3b14cbe-dbde-4914-b602-858dfbc3613d', 'p-106-p3', 'aa5e6d11-9b48-43d0-bac7-a364e424235c');


--
-- TOC entry 3755 (class 0 OID 17024)
-- Dependencies: 257
-- Data for Name: workstation_categories; Type: TABLE DATA; Schema: public; Owner: adminDevelop
--

INSERT INTO public.workstation_categories (id, name, slug) VALUES ('d10959e5-9fa2-435c-9be8-8ba8f16df60e', 'сервер', 'server');
INSERT INTO public.workstation_categories (id, name, slug) VALUES ('2010533a-e81b-4490-9f41-c4cfdc554b14', 'моноблок', 'monoblock');
INSERT INTO public.workstation_categories (id, name, slug) VALUES ('82c00162-fead-43f2-b7b2-0da789690e88', 'ноутбук', 'notebook');


--
-- TOC entry 3743 (class 0 OID 16496)
-- Dependencies: 245
-- Data for Name: workstation_cpu; Type: TABLE DATA; Schema: public; Owner: adminDevelop
--



--
-- TOC entry 3744 (class 0 OID 16501)
-- Dependencies: 246
-- Data for Name: workstation_dcpower; Type: TABLE DATA; Schema: public; Owner: adminDevelop
--



--
-- TOC entry 3745 (class 0 OID 16506)
-- Dependencies: 247
-- Data for Name: workstation_gpu; Type: TABLE DATA; Schema: public; Owner: adminDevelop
--



--
-- TOC entry 3746 (class 0 OID 16511)
-- Dependencies: 248
-- Data for Name: workstation_hdd; Type: TABLE DATA; Schema: public; Owner: adminDevelop
--



--
-- TOC entry 3747 (class 0 OID 16516)
-- Dependencies: 249
-- Data for Name: workstation_keyboard; Type: TABLE DATA; Schema: public; Owner: adminDevelop
--



--
-- TOC entry 3748 (class 0 OID 16519)
-- Dependencies: 250
-- Data for Name: workstation_monitor; Type: TABLE DATA; Schema: public; Owner: adminDevelop
--



--
-- TOC entry 3749 (class 0 OID 16524)
-- Dependencies: 251
-- Data for Name: workstation_motherboard; Type: TABLE DATA; Schema: public; Owner: adminDevelop
--



--
-- TOC entry 3750 (class 0 OID 16529)
-- Dependencies: 252
-- Data for Name: workstation_mouse; Type: TABLE DATA; Schema: public; Owner: adminDevelop
--



--
-- TOC entry 3751 (class 0 OID 16532)
-- Dependencies: 253
-- Data for Name: workstation_ram; Type: TABLE DATA; Schema: public; Owner: adminDevelop
--



--
-- TOC entry 3752 (class 0 OID 16537)
-- Dependencies: 254
-- Data for Name: workstation_ssd; Type: TABLE DATA; Schema: public; Owner: adminDevelop
--



--
-- TOC entry 3753 (class 0 OID 16542)
-- Dependencies: 255
-- Data for Name: workstation_workstation; Type: TABLE DATA; Schema: public; Owner: adminDevelop
--

INSERT INTO public.workstation_workstation (id, name, serial, "serialImg", invent, "inventImg", cpu_id, dcpower_id, employee_id, gpu_id, hdd_id, "keyBoard_id", manufacturer_id, monitor_id, motherboard_id, mouse_id, os_id, ram_id, software_id, ssd_id, ups_id, workplace_id, categories_id) VALUES ('bc278ccc-ce8f-40c2-8567-12cf6100f164', 'Aspire C27', '01', '', '01-01', '', NULL, NULL, '9a9bc80f-e385-4ba6-a360-7f75e219e8b5', NULL, NULL, NULL, '0f636acb-c061-457d-a676-d5e0bb21d8ad', NULL, NULL, NULL, '1b8cfac6-0a2e-4fa0-9e02-0db3fe11b487', NULL, NULL, NULL, NULL, '3e8bc459-0fb4-45a1-a6ab-90947e0b4812', '2010533a-e81b-4490-9f41-c4cfdc554b14');
INSERT INTO public.workstation_workstation (id, name, serial, "serialImg", invent, "inventImg", cpu_id, dcpower_id, employee_id, gpu_id, hdd_id, "keyBoard_id", manufacturer_id, monitor_id, motherboard_id, mouse_id, os_id, ram_id, software_id, ssd_id, ups_id, workplace_id, categories_id) VALUES ('0a09d005-ddb5-4c68-b631-d87dd775e8f5', 'Aspire C27', '02', '', '02-02', '', NULL, NULL, 'dd1f292c-024f-4f88-a0b4-8094cfb62678', NULL, NULL, NULL, '0f636acb-c061-457d-a676-d5e0bb21d8ad', NULL, NULL, NULL, 'c9c6af78-40f7-4988-9dcf-04beea9183c1', NULL, NULL, NULL, NULL, '04661246-a504-49d3-83a2-1ae9fc49820f', '2010533a-e81b-4490-9f41-c4cfdc554b14');
INSERT INTO public.workstation_workstation (id, name, serial, "serialImg", invent, "inventImg", cpu_id, dcpower_id, employee_id, gpu_id, hdd_id, "keyBoard_id", manufacturer_id, monitor_id, motherboard_id, mouse_id, os_id, ram_id, software_id, ssd_id, ups_id, workplace_id, categories_id) VALUES ('6f802f62-1438-40ab-bb13-a151139e188f', 'Lenovo P27', '03', '', '03-03', '', NULL, NULL, '0607bc3d-d8e5-44e7-9c5e-611fd255787c', NULL, NULL, NULL, 'a054850b-a48b-4f8f-86d8-be9ad89fd574', NULL, NULL, NULL, '1b8cfac6-0a2e-4fa0-9e02-0db3fe11b487', NULL, NULL, NULL, NULL, '9e0bdd0f-67ea-4845-ad28-ec78ea6c940d', '2010533a-e81b-4490-9f41-c4cfdc554b14');
INSERT INTO public.workstation_workstation (id, name, serial, "serialImg", invent, "inventImg", cpu_id, dcpower_id, employee_id, gpu_id, hdd_id, "keyBoard_id", manufacturer_id, monitor_id, motherboard_id, mouse_id, os_id, ram_id, software_id, ssd_id, ups_id, workplace_id, categories_id) VALUES ('7e2aad99-7676-47c4-883b-a6a89b33eb8a', 'Lenovo P27', NULL, '', NULL, '', NULL, NULL, '9fd3f507-a278-4aa3-ac11-ca3556272ccb', NULL, NULL, NULL, 'a054850b-a48b-4f8f-86d8-be9ad89fd574', NULL, NULL, NULL, 'c9c6af78-40f7-4988-9dcf-04beea9183c1', NULL, NULL, NULL, NULL, '80a72676-5bbe-4e45-96af-e22c81984252', '2010533a-e81b-4490-9f41-c4cfdc554b14');
INSERT INTO public.workstation_workstation (id, name, serial, "serialImg", invent, "inventImg", cpu_id, dcpower_id, employee_id, gpu_id, hdd_id, "keyBoard_id", manufacturer_id, monitor_id, motherboard_id, mouse_id, os_id, ram_id, software_id, ssd_id, ups_id, workplace_id, categories_id) VALUES ('10ac6d2e-aa20-4206-8a3f-d5c4d33755c2', 'Aspire C27', '04', '', '04-04', '', NULL, NULL, 'c1035cf2-1880-43df-a785-1b0973068b9b', NULL, NULL, NULL, '0f636acb-c061-457d-a676-d5e0bb21d8ad', NULL, NULL, NULL, 'c9c6af78-40f7-4988-9dcf-04beea9183c1', NULL, NULL, NULL, NULL, '308fbc08-4d5d-4be5-a7d9-9707ea4364cb', '2010533a-e81b-4490-9f41-c4cfdc554b14');
INSERT INTO public.workstation_workstation (id, name, serial, "serialImg", invent, "inventImg", cpu_id, dcpower_id, employee_id, gpu_id, hdd_id, "keyBoard_id", manufacturer_id, monitor_id, motherboard_id, mouse_id, os_id, ram_id, software_id, ssd_id, ups_id, workplace_id, categories_id) VALUES ('748eb70e-6ee8-40cb-ab39-97838c706fe1', 'Lenovo P27', '06', '', '06-06', '', NULL, NULL, '8d1ba63e-2b49-460b-a98a-6951111de0f3', NULL, NULL, NULL, 'a054850b-a48b-4f8f-86d8-be9ad89fd574', NULL, NULL, NULL, '1b8cfac6-0a2e-4fa0-9e02-0db3fe11b487', NULL, NULL, NULL, NULL, 'cf1d6f5b-670e-456b-b79b-d483a8e48f82', '2010533a-e81b-4490-9f41-c4cfdc554b14');
INSERT INTO public.workstation_workstation (id, name, serial, "serialImg", invent, "inventImg", cpu_id, dcpower_id, employee_id, gpu_id, hdd_id, "keyBoard_id", manufacturer_id, monitor_id, motherboard_id, mouse_id, os_id, ram_id, software_id, ssd_id, ups_id, workplace_id, categories_id) VALUES ('77497fe5-8578-4355-b6b7-ba0f9ecb473e', 'Lenovo P27', '07', '', '07-07', '', NULL, NULL, '5cf01a39-79db-411f-8665-822f934a62e2', NULL, NULL, NULL, 'a054850b-a48b-4f8f-86d8-be9ad89fd574', NULL, NULL, NULL, '1b8cfac6-0a2e-4fa0-9e02-0db3fe11b487', NULL, NULL, NULL, NULL, '7797d5e6-dd9d-4996-985e-21d1ae22ac8e', '2010533a-e81b-4490-9f41-c4cfdc554b14');
INSERT INTO public.workstation_workstation (id, name, serial, "serialImg", invent, "inventImg", cpu_id, dcpower_id, employee_id, gpu_id, hdd_id, "keyBoard_id", manufacturer_id, monitor_id, motherboard_id, mouse_id, os_id, ram_id, software_id, ssd_id, ups_id, workplace_id, categories_id) VALUES ('93feb1fe-8f69-4d44-a44a-6edb6c0a88eb', 'Lenovo P27', NULL, '', NULL, '', NULL, NULL, '0c3fb524-b88e-476a-9532-91dd213844a3', NULL, NULL, NULL, 'a054850b-a48b-4f8f-86d8-be9ad89fd574', NULL, NULL, NULL, 'c9c6af78-40f7-4988-9dcf-04beea9183c1', NULL, NULL, NULL, NULL, '436bffce-fd00-4167-a07a-b86ae49d0411', '2010533a-e81b-4490-9f41-c4cfdc554b14');
INSERT INTO public.workstation_workstation (id, name, serial, "serialImg", invent, "inventImg", cpu_id, dcpower_id, employee_id, gpu_id, hdd_id, "keyBoard_id", manufacturer_id, monitor_id, motherboard_id, mouse_id, os_id, ram_id, software_id, ssd_id, ups_id, workplace_id, categories_id) VALUES ('c6a445d1-6212-41bb-b8d6-45dcceb8992e', 'Aspire C27', NULL, '', NULL, '', NULL, NULL, 'bbe07f4c-b65e-43cd-847b-9cc2fa4a6c38', NULL, NULL, NULL, '0f636acb-c061-457d-a676-d5e0bb21d8ad', NULL, NULL, NULL, '1b8cfac6-0a2e-4fa0-9e02-0db3fe11b487', NULL, NULL, NULL, NULL, 'db237ace-16b6-4b42-9029-b5a140cc8c4b', '2010533a-e81b-4490-9f41-c4cfdc554b14');
INSERT INTO public.workstation_workstation (id, name, serial, "serialImg", invent, "inventImg", cpu_id, dcpower_id, employee_id, gpu_id, hdd_id, "keyBoard_id", manufacturer_id, monitor_id, motherboard_id, mouse_id, os_id, ram_id, software_id, ssd_id, ups_id, workplace_id, categories_id) VALUES ('c2f3b51c-70fb-4a0a-9cbe-6205573fb3e6', 'Aspire C27', NULL, '', NULL, '', NULL, NULL, 'ab4ed3b2-0d66-401a-90a2-7a4bc4986889', NULL, NULL, NULL, '0f636acb-c061-457d-a676-d5e0bb21d8ad', NULL, NULL, NULL, '1b8cfac6-0a2e-4fa0-9e02-0db3fe11b487', NULL, NULL, NULL, NULL, '048c10c9-f3a3-440d-b854-c7dba6413c67', '2010533a-e81b-4490-9f41-c4cfdc554b14');
INSERT INTO public.workstation_workstation (id, name, serial, "serialImg", invent, "inventImg", cpu_id, dcpower_id, employee_id, gpu_id, hdd_id, "keyBoard_id", manufacturer_id, monitor_id, motherboard_id, mouse_id, os_id, ram_id, software_id, ssd_id, ups_id, workplace_id, categories_id) VALUES ('f3f63855-1fc9-4816-af24-b9a6d1e7f96a', 'HP N19', NULL, '', NULL, '', NULL, NULL, 'e4f9e5c0-f2b7-431a-983c-34260ee0418a', NULL, NULL, NULL, '5fec44ba-e8e1-4a59-b9e9-ecf1313bcc3c', NULL, NULL, NULL, '1b8cfac6-0a2e-4fa0-9e02-0db3fe11b487', NULL, NULL, NULL, NULL, '3fbcd5fe-cca9-4d26-9099-b2f73595bf75', '82c00162-fead-43f2-b7b2-0da789690e88');
INSERT INTO public.workstation_workstation (id, name, serial, "serialImg", invent, "inventImg", cpu_id, dcpower_id, employee_id, gpu_id, hdd_id, "keyBoard_id", manufacturer_id, monitor_id, motherboard_id, mouse_id, os_id, ram_id, software_id, ssd_id, ups_id, workplace_id, categories_id) VALUES ('0d562ff2-56dc-4351-bef7-6fb4d76b4462', 'Aspire C27', NULL, '', NULL, '', NULL, NULL, '1ab40850-bd33-4c69-9d41-8a078410e539', NULL, NULL, NULL, '0f636acb-c061-457d-a676-d5e0bb21d8ad', NULL, NULL, NULL, '1b8cfac6-0a2e-4fa0-9e02-0db3fe11b487', NULL, NULL, NULL, NULL, 'fc7f43ab-f8e6-4913-9988-795df5df8a03', '2010533a-e81b-4490-9f41-c4cfdc554b14');
INSERT INTO public.workstation_workstation (id, name, serial, "serialImg", invent, "inventImg", cpu_id, dcpower_id, employee_id, gpu_id, hdd_id, "keyBoard_id", manufacturer_id, monitor_id, motherboard_id, mouse_id, os_id, ram_id, software_id, ssd_id, ups_id, workplace_id, categories_id) VALUES ('f2f2dba8-4991-4a75-bfee-f3004464d78c', 'cisco s155', NULL, '', NULL, '', NULL, NULL, '9a9bc80f-e385-4ba6-a360-7f75e219e8b5', NULL, NULL, NULL, '1078072a-8728-482e-933d-b253bb7cd751', NULL, NULL, NULL, '1b8cfac6-0a2e-4fa0-9e02-0db3fe11b487', NULL, NULL, NULL, NULL, 'bc29d5d3-08d6-4502-9455-42357f277809', 'd10959e5-9fa2-435c-9be8-8ba8f16df60e');
INSERT INTO public.workstation_workstation (id, name, serial, "serialImg", invent, "inventImg", cpu_id, dcpower_id, employee_id, gpu_id, hdd_id, "keyBoard_id", manufacturer_id, monitor_id, motherboard_id, mouse_id, os_id, ram_id, software_id, ssd_id, ups_id, workplace_id, categories_id) VALUES ('9613e581-130a-4e22-9cdf-75f58128e405', 'cisco s155', NULL, '', NULL, '', NULL, NULL, '9a9bc80f-e385-4ba6-a360-7f75e219e8b5', NULL, NULL, NULL, '1078072a-8728-482e-933d-b253bb7cd751', NULL, NULL, NULL, '1b8cfac6-0a2e-4fa0-9e02-0db3fe11b487', NULL, NULL, NULL, NULL, '04614340-18ce-4d6d-ad82-0d9d40a95d8a', 'd10959e5-9fa2-435c-9be8-8ba8f16df60e');


--
-- TOC entry 3761 (class 0 OID 0)
-- Dependencies: 210
-- Name: auth_group_id_seq; Type: SEQUENCE SET; Schema: public; Owner: adminDevelop
--

SELECT pg_catalog.setval('public.auth_group_id_seq', 1, false);


--
-- TOC entry 3762 (class 0 OID 0)
-- Dependencies: 212
-- Name: auth_group_permissions_id_seq; Type: SEQUENCE SET; Schema: public; Owner: adminDevelop
--

SELECT pg_catalog.setval('public.auth_group_permissions_id_seq', 1, false);


--
-- TOC entry 3763 (class 0 OID 0)
-- Dependencies: 214
-- Name: auth_permission_id_seq; Type: SEQUENCE SET; Schema: public; Owner: adminDevelop
--

SELECT pg_catalog.setval('public.auth_permission_id_seq', 168, true);


--
-- TOC entry 3764 (class 0 OID 0)
-- Dependencies: 217
-- Name: auth_user_groups_id_seq; Type: SEQUENCE SET; Schema: public; Owner: adminDevelop
--

SELECT pg_catalog.setval('public.auth_user_groups_id_seq', 1, false);


--
-- TOC entry 3765 (class 0 OID 0)
-- Dependencies: 218
-- Name: auth_user_id_seq; Type: SEQUENCE SET; Schema: public; Owner: adminDevelop
--

SELECT pg_catalog.setval('public.auth_user_id_seq', 2, true);


--
-- TOC entry 3766 (class 0 OID 0)
-- Dependencies: 220
-- Name: auth_user_user_permissions_id_seq; Type: SEQUENCE SET; Schema: public; Owner: adminDevelop
--

SELECT pg_catalog.setval('public.auth_user_user_permissions_id_seq', 1, false);


--
-- TOC entry 3767 (class 0 OID 0)
-- Dependencies: 226
-- Name: django_admin_log_id_seq; Type: SEQUENCE SET; Schema: public; Owner: adminDevelop
--

SELECT pg_catalog.setval('public.django_admin_log_id_seq', 38, true);


--
-- TOC entry 3768 (class 0 OID 0)
-- Dependencies: 228
-- Name: django_content_type_id_seq; Type: SEQUENCE SET; Schema: public; Owner: adminDevelop
--

SELECT pg_catalog.setval('public.django_content_type_id_seq', 41, true);


--
-- TOC entry 3769 (class 0 OID 0)
-- Dependencies: 230
-- Name: django_migrations_id_seq; Type: SEQUENCE SET; Schema: public; Owner: adminDevelop
--

SELECT pg_catalog.setval('public.django_migrations_id_seq', 46, true);


--
-- TOC entry 3334 (class 2606 OID 16548)
-- Name: auth_group auth_group_name_key; Type: CONSTRAINT; Schema: public; Owner: adminDevelop
--

ALTER TABLE ONLY public.auth_group
    ADD CONSTRAINT auth_group_name_key UNIQUE (name);


--
-- TOC entry 3339 (class 2606 OID 16550)
-- Name: auth_group_permissions auth_group_permissions_group_id_permission_id_0cd325b0_uniq; Type: CONSTRAINT; Schema: public; Owner: adminDevelop
--

ALTER TABLE ONLY public.auth_group_permissions
    ADD CONSTRAINT auth_group_permissions_group_id_permission_id_0cd325b0_uniq UNIQUE (group_id, permission_id);


--
-- TOC entry 3342 (class 2606 OID 16552)
-- Name: auth_group_permissions auth_group_permissions_pkey; Type: CONSTRAINT; Schema: public; Owner: adminDevelop
--

ALTER TABLE ONLY public.auth_group_permissions
    ADD CONSTRAINT auth_group_permissions_pkey PRIMARY KEY (id);


--
-- TOC entry 3336 (class 2606 OID 16554)
-- Name: auth_group auth_group_pkey; Type: CONSTRAINT; Schema: public; Owner: adminDevelop
--

ALTER TABLE ONLY public.auth_group
    ADD CONSTRAINT auth_group_pkey PRIMARY KEY (id);


--
-- TOC entry 3345 (class 2606 OID 16556)
-- Name: auth_permission auth_permission_content_type_id_codename_01ab375a_uniq; Type: CONSTRAINT; Schema: public; Owner: adminDevelop
--

ALTER TABLE ONLY public.auth_permission
    ADD CONSTRAINT auth_permission_content_type_id_codename_01ab375a_uniq UNIQUE (content_type_id, codename);


--
-- TOC entry 3347 (class 2606 OID 16558)
-- Name: auth_permission auth_permission_pkey; Type: CONSTRAINT; Schema: public; Owner: adminDevelop
--

ALTER TABLE ONLY public.auth_permission
    ADD CONSTRAINT auth_permission_pkey PRIMARY KEY (id);


--
-- TOC entry 3355 (class 2606 OID 16560)
-- Name: auth_user_groups auth_user_groups_pkey; Type: CONSTRAINT; Schema: public; Owner: adminDevelop
--

ALTER TABLE ONLY public.auth_user_groups
    ADD CONSTRAINT auth_user_groups_pkey PRIMARY KEY (id);


--
-- TOC entry 3358 (class 2606 OID 16562)
-- Name: auth_user_groups auth_user_groups_user_id_group_id_94350c0c_uniq; Type: CONSTRAINT; Schema: public; Owner: adminDevelop
--

ALTER TABLE ONLY public.auth_user_groups
    ADD CONSTRAINT auth_user_groups_user_id_group_id_94350c0c_uniq UNIQUE (user_id, group_id);


--
-- TOC entry 3349 (class 2606 OID 16564)
-- Name: auth_user auth_user_pkey; Type: CONSTRAINT; Schema: public; Owner: adminDevelop
--

ALTER TABLE ONLY public.auth_user
    ADD CONSTRAINT auth_user_pkey PRIMARY KEY (id);


--
-- TOC entry 3361 (class 2606 OID 16566)
-- Name: auth_user_user_permissions auth_user_user_permissions_pkey; Type: CONSTRAINT; Schema: public; Owner: adminDevelop
--

ALTER TABLE ONLY public.auth_user_user_permissions
    ADD CONSTRAINT auth_user_user_permissions_pkey PRIMARY KEY (id);


--
-- TOC entry 3364 (class 2606 OID 16568)
-- Name: auth_user_user_permissions auth_user_user_permissions_user_id_permission_id_14a6b632_uniq; Type: CONSTRAINT; Schema: public; Owner: adminDevelop
--

ALTER TABLE ONLY public.auth_user_user_permissions
    ADD CONSTRAINT auth_user_user_permissions_user_id_permission_id_14a6b632_uniq UNIQUE (user_id, permission_id);


--
-- TOC entry 3352 (class 2606 OID 16570)
-- Name: auth_user auth_user_username_key; Type: CONSTRAINT; Schema: public; Owner: adminDevelop
--

ALTER TABLE ONLY public.auth_user
    ADD CONSTRAINT auth_user_username_key UNIQUE (username);


--
-- TOC entry 3366 (class 2606 OID 16572)
-- Name: catalog_references catalog_references_pkey; Type: CONSTRAINT; Schema: public; Owner: adminDevelop
--

ALTER TABLE ONLY public.catalog_references
    ADD CONSTRAINT catalog_references_pkey PRIMARY KEY (id);


--
-- TOC entry 3368 (class 2606 OID 16574)
-- Name: consumables_categories consumables_categories_pkey; Type: CONSTRAINT; Schema: public; Owner: adminDevelop
--

ALTER TABLE ONLY public.consumables_categories
    ADD CONSTRAINT consumables_categories_pkey PRIMARY KEY (id);


--
-- TOC entry 3371 (class 2606 OID 16576)
-- Name: consumables_categories consumables_categories_slug_key; Type: CONSTRAINT; Schema: public; Owner: adminDevelop
--

ALTER TABLE ONLY public.consumables_categories
    ADD CONSTRAINT consumables_categories_slug_key UNIQUE (slug);


--
-- TOC entry 3375 (class 2606 OID 16578)
-- Name: consumables_consumables consumables_consumables_pkey; Type: CONSTRAINT; Schema: public; Owner: adminDevelop
--

ALTER TABLE ONLY public.consumables_consumables
    ADD CONSTRAINT consumables_consumables_pkey PRIMARY KEY (id);


--
-- TOC entry 3377 (class 2606 OID 16580)
-- Name: counterparty_manufacturer counterparty_manufacturer_pkey; Type: CONSTRAINT; Schema: public; Owner: adminDevelop
--

ALTER TABLE ONLY public.counterparty_manufacturer
    ADD CONSTRAINT counterparty_manufacturer_pkey PRIMARY KEY (id);


--
-- TOC entry 3380 (class 2606 OID 16582)
-- Name: django_admin_log django_admin_log_pkey; Type: CONSTRAINT; Schema: public; Owner: adminDevelop
--

ALTER TABLE ONLY public.django_admin_log
    ADD CONSTRAINT django_admin_log_pkey PRIMARY KEY (id);


--
-- TOC entry 3383 (class 2606 OID 16584)
-- Name: django_content_type django_content_type_app_label_model_76bd3d3b_uniq; Type: CONSTRAINT; Schema: public; Owner: adminDevelop
--

ALTER TABLE ONLY public.django_content_type
    ADD CONSTRAINT django_content_type_app_label_model_76bd3d3b_uniq UNIQUE (app_label, model);


--
-- TOC entry 3385 (class 2606 OID 16586)
-- Name: django_content_type django_content_type_pkey; Type: CONSTRAINT; Schema: public; Owner: adminDevelop
--

ALTER TABLE ONLY public.django_content_type
    ADD CONSTRAINT django_content_type_pkey PRIMARY KEY (id);


--
-- TOC entry 3387 (class 2606 OID 16588)
-- Name: django_migrations django_migrations_pkey; Type: CONSTRAINT; Schema: public; Owner: adminDevelop
--

ALTER TABLE ONLY public.django_migrations
    ADD CONSTRAINT django_migrations_pkey PRIMARY KEY (id);


--
-- TOC entry 3390 (class 2606 OID 16590)
-- Name: django_session django_session_pkey; Type: CONSTRAINT; Schema: public; Owner: adminDevelop
--

ALTER TABLE ONLY public.django_session
    ADD CONSTRAINT django_session_pkey PRIMARY KEY (session_key);


--
-- TOC entry 3393 (class 2606 OID 16592)
-- Name: employee_departament employee_departament_pkey; Type: CONSTRAINT; Schema: public; Owner: adminDevelop
--

ALTER TABLE ONLY public.employee_departament
    ADD CONSTRAINT employee_departament_pkey PRIMARY KEY (id);


--
-- TOC entry 3396 (class 2606 OID 16594)
-- Name: employee_employee employee_employee_employeeEmail_key; Type: CONSTRAINT; Schema: public; Owner: adminDevelop
--

ALTER TABLE ONLY public.employee_employee
    ADD CONSTRAINT "employee_employee_employeeEmail_key" UNIQUE ("employeeEmail");


--
-- TOC entry 3398 (class 2606 OID 16596)
-- Name: employee_employee employee_employee_pkey; Type: CONSTRAINT; Schema: public; Owner: adminDevelop
--

ALTER TABLE ONLY public.employee_employee
    ADD CONSTRAINT employee_employee_pkey PRIMARY KEY (id);


--
-- TOC entry 3403 (class 2606 OID 16598)
-- Name: employee_post employee_post_pkey; Type: CONSTRAINT; Schema: public; Owner: adminDevelop
--

ALTER TABLE ONLY public.employee_post
    ADD CONSTRAINT employee_post_pkey PRIMARY KEY (id);


--
-- TOC entry 3497 (class 2606 OID 17014)
-- Name: printer_categories printer_categories_pkey; Type: CONSTRAINT; Schema: public; Owner: adminDevelop
--

ALTER TABLE ONLY public.printer_categories
    ADD CONSTRAINT printer_categories_pkey PRIMARY KEY (id);


--
-- TOC entry 3500 (class 2606 OID 17016)
-- Name: printer_categories printer_categories_slug_key; Type: CONSTRAINT; Schema: public; Owner: adminDevelop
--

ALTER TABLE ONLY public.printer_categories
    ADD CONSTRAINT printer_categories_slug_key UNIQUE (slug);


--
-- TOC entry 3410 (class 2606 OID 16600)
-- Name: printer_printer printer_printer_pkey; Type: CONSTRAINT; Schema: public; Owner: adminDevelop
--

ALTER TABLE ONLY public.printer_printer
    ADD CONSTRAINT printer_printer_pkey PRIMARY KEY (id);


--
-- TOC entry 3416 (class 2606 OID 16602)
-- Name: signature_signature signature_signature_pkey; Type: CONSTRAINT; Schema: public; Owner: adminDevelop
--

ALTER TABLE ONLY public.signature_signature
    ADD CONSTRAINT signature_signature_pkey PRIMARY KEY (id);


--
-- TOC entry 3421 (class 2606 OID 16604)
-- Name: software_os software_os_pkey; Type: CONSTRAINT; Schema: public; Owner: adminDevelop
--

ALTER TABLE ONLY public.software_os
    ADD CONSTRAINT software_os_pkey PRIMARY KEY (id);


--
-- TOC entry 3424 (class 2606 OID 16606)
-- Name: software_software software_software_pkey; Type: CONSTRAINT; Schema: public; Owner: adminDevelop
--

ALTER TABLE ONLY public.software_software
    ADD CONSTRAINT software_software_pkey PRIMARY KEY (id);


--
-- TOC entry 3426 (class 2606 OID 16608)
-- Name: stockroom_categories stockroom_categories_pkey; Type: CONSTRAINT; Schema: public; Owner: adminDevelop
--

ALTER TABLE ONLY public.stockroom_categories
    ADD CONSTRAINT stockroom_categories_pkey PRIMARY KEY (id);


--
-- TOC entry 3429 (class 2606 OID 16610)
-- Name: stockroom_categories stockroom_categories_slug_key; Type: CONSTRAINT; Schema: public; Owner: adminDevelop
--

ALTER TABLE ONLY public.stockroom_categories
    ADD CONSTRAINT stockroom_categories_slug_key UNIQUE (slug);


--
-- TOC entry 3432 (class 2606 OID 16612)
-- Name: stockroom_stockroom stockroom_stokroom_pkey; Type: CONSTRAINT; Schema: public; Owner: adminDevelop
--

ALTER TABLE ONLY public.stockroom_stockroom
    ADD CONSTRAINT stockroom_stokroom_pkey PRIMARY KEY (consumables_id);


--
-- TOC entry 3436 (class 2606 OID 16614)
-- Name: ups_cassette ups_cassette_pkey; Type: CONSTRAINT; Schema: public; Owner: adminDevelop
--

ALTER TABLE ONLY public.ups_cassette
    ADD CONSTRAINT ups_cassette_pkey PRIMARY KEY (id);


--
-- TOC entry 3441 (class 2606 OID 16616)
-- Name: ups_ups ups_ups_pkey; Type: CONSTRAINT; Schema: public; Owner: adminDevelop
--

ALTER TABLE ONLY public.ups_ups
    ADD CONSTRAINT ups_ups_pkey PRIMARY KEY (id);


--
-- TOC entry 3443 (class 2606 OID 16618)
-- Name: workplace_room workplace_room_pkey; Type: CONSTRAINT; Schema: public; Owner: adminDevelop
--

ALTER TABLE ONLY public.workplace_room
    ADD CONSTRAINT workplace_room_pkey PRIMARY KEY (id);


--
-- TOC entry 3445 (class 2606 OID 16620)
-- Name: workplace_workplace workplace_workplace_pkey; Type: CONSTRAINT; Schema: public; Owner: adminDevelop
--

ALTER TABLE ONLY public.workplace_workplace
    ADD CONSTRAINT workplace_workplace_pkey PRIMARY KEY (id);


--
-- TOC entry 3502 (class 2606 OID 17028)
-- Name: workstation_categories workstation_categories_pkey; Type: CONSTRAINT; Schema: public; Owner: adminDevelop
--

ALTER TABLE ONLY public.workstation_categories
    ADD CONSTRAINT workstation_categories_pkey PRIMARY KEY (id);


--
-- TOC entry 3505 (class 2606 OID 17030)
-- Name: workstation_categories workstation_categories_slug_key; Type: CONSTRAINT; Schema: public; Owner: adminDevelop
--

ALTER TABLE ONLY public.workstation_categories
    ADD CONSTRAINT workstation_categories_slug_key UNIQUE (slug);


--
-- TOC entry 3449 (class 2606 OID 16622)
-- Name: workstation_cpu workstation_cpu_pkey; Type: CONSTRAINT; Schema: public; Owner: adminDevelop
--

ALTER TABLE ONLY public.workstation_cpu
    ADD CONSTRAINT workstation_cpu_pkey PRIMARY KEY (id);


--
-- TOC entry 3452 (class 2606 OID 16624)
-- Name: workstation_dcpower workstation_dcpower_pkey; Type: CONSTRAINT; Schema: public; Owner: adminDevelop
--

ALTER TABLE ONLY public.workstation_dcpower
    ADD CONSTRAINT workstation_dcpower_pkey PRIMARY KEY (id);


--
-- TOC entry 3455 (class 2606 OID 16626)
-- Name: workstation_gpu workstation_gpu_pkey; Type: CONSTRAINT; Schema: public; Owner: adminDevelop
--

ALTER TABLE ONLY public.workstation_gpu
    ADD CONSTRAINT workstation_gpu_pkey PRIMARY KEY (id);


--
-- TOC entry 3458 (class 2606 OID 16628)
-- Name: workstation_hdd workstation_hdd_pkey; Type: CONSTRAINT; Schema: public; Owner: adminDevelop
--

ALTER TABLE ONLY public.workstation_hdd
    ADD CONSTRAINT workstation_hdd_pkey PRIMARY KEY (id);


--
-- TOC entry 3461 (class 2606 OID 16630)
-- Name: workstation_keyboard workstation_keyboard_pkey; Type: CONSTRAINT; Schema: public; Owner: adminDevelop
--

ALTER TABLE ONLY public.workstation_keyboard
    ADD CONSTRAINT workstation_keyboard_pkey PRIMARY KEY (id);


--
-- TOC entry 3464 (class 2606 OID 16632)
-- Name: workstation_monitor workstation_monitor_pkey; Type: CONSTRAINT; Schema: public; Owner: adminDevelop
--

ALTER TABLE ONLY public.workstation_monitor
    ADD CONSTRAINT workstation_monitor_pkey PRIMARY KEY (id);


--
-- TOC entry 3467 (class 2606 OID 16634)
-- Name: workstation_motherboard workstation_motherboard_pkey; Type: CONSTRAINT; Schema: public; Owner: adminDevelop
--

ALTER TABLE ONLY public.workstation_motherboard
    ADD CONSTRAINT workstation_motherboard_pkey PRIMARY KEY (id);


--
-- TOC entry 3470 (class 2606 OID 16636)
-- Name: workstation_mouse workstation_mouse_pkey; Type: CONSTRAINT; Schema: public; Owner: adminDevelop
--

ALTER TABLE ONLY public.workstation_mouse
    ADD CONSTRAINT workstation_mouse_pkey PRIMARY KEY (id);


--
-- TOC entry 3473 (class 2606 OID 16638)
-- Name: workstation_ram workstation_ram_pkey; Type: CONSTRAINT; Schema: public; Owner: adminDevelop
--

ALTER TABLE ONLY public.workstation_ram
    ADD CONSTRAINT workstation_ram_pkey PRIMARY KEY (id);


--
-- TOC entry 3476 (class 2606 OID 16640)
-- Name: workstation_ssd workstation_ssd_pkey; Type: CONSTRAINT; Schema: public; Owner: adminDevelop
--

ALTER TABLE ONLY public.workstation_ssd
    ADD CONSTRAINT workstation_ssd_pkey PRIMARY KEY (id);


--
-- TOC entry 3490 (class 2606 OID 16642)
-- Name: workstation_workstation workstation_workstation_pkey; Type: CONSTRAINT; Schema: public; Owner: adminDevelop
--

ALTER TABLE ONLY public.workstation_workstation
    ADD CONSTRAINT workstation_workstation_pkey PRIMARY KEY (id);


--
-- TOC entry 3332 (class 1259 OID 16643)
-- Name: auth_group_name_a6ea08ec_like; Type: INDEX; Schema: public; Owner: adminDevelop
--

CREATE INDEX auth_group_name_a6ea08ec_like ON public.auth_group USING btree (name varchar_pattern_ops);


--
-- TOC entry 3337 (class 1259 OID 16644)
-- Name: auth_group_permissions_group_id_b120cbf9; Type: INDEX; Schema: public; Owner: adminDevelop
--

CREATE INDEX auth_group_permissions_group_id_b120cbf9 ON public.auth_group_permissions USING btree (group_id);


--
-- TOC entry 3340 (class 1259 OID 16645)
-- Name: auth_group_permissions_permission_id_84c5c92e; Type: INDEX; Schema: public; Owner: adminDevelop
--

CREATE INDEX auth_group_permissions_permission_id_84c5c92e ON public.auth_group_permissions USING btree (permission_id);


--
-- TOC entry 3343 (class 1259 OID 16646)
-- Name: auth_permission_content_type_id_2f476e4b; Type: INDEX; Schema: public; Owner: adminDevelop
--

CREATE INDEX auth_permission_content_type_id_2f476e4b ON public.auth_permission USING btree (content_type_id);


--
-- TOC entry 3353 (class 1259 OID 16647)
-- Name: auth_user_groups_group_id_97559544; Type: INDEX; Schema: public; Owner: adminDevelop
--

CREATE INDEX auth_user_groups_group_id_97559544 ON public.auth_user_groups USING btree (group_id);


--
-- TOC entry 3356 (class 1259 OID 16648)
-- Name: auth_user_groups_user_id_6a12ed8b; Type: INDEX; Schema: public; Owner: adminDevelop
--

CREATE INDEX auth_user_groups_user_id_6a12ed8b ON public.auth_user_groups USING btree (user_id);


--
-- TOC entry 3359 (class 1259 OID 16649)
-- Name: auth_user_user_permissions_permission_id_1fbb5f2c; Type: INDEX; Schema: public; Owner: adminDevelop
--

CREATE INDEX auth_user_user_permissions_permission_id_1fbb5f2c ON public.auth_user_user_permissions USING btree (permission_id);


--
-- TOC entry 3362 (class 1259 OID 16650)
-- Name: auth_user_user_permissions_user_id_a95ead1b; Type: INDEX; Schema: public; Owner: adminDevelop
--

CREATE INDEX auth_user_user_permissions_user_id_a95ead1b ON public.auth_user_user_permissions USING btree (user_id);


--
-- TOC entry 3350 (class 1259 OID 16651)
-- Name: auth_user_username_6821ab7c_like; Type: INDEX; Schema: public; Owner: adminDevelop
--

CREATE INDEX auth_user_username_6821ab7c_like ON public.auth_user USING btree (username varchar_pattern_ops);


--
-- TOC entry 3369 (class 1259 OID 16652)
-- Name: consumables_categories_slug_be26b38e_like; Type: INDEX; Schema: public; Owner: adminDevelop
--

CREATE INDEX consumables_categories_slug_be26b38e_like ON public.consumables_categories USING btree (slug varchar_pattern_ops);


--
-- TOC entry 3372 (class 1259 OID 16653)
-- Name: consumables_consumables_categories_id_c8ee6df2; Type: INDEX; Schema: public; Owner: adminDevelop
--

CREATE INDEX consumables_consumables_categories_id_c8ee6df2 ON public.consumables_consumables USING btree (categories_id);


--
-- TOC entry 3373 (class 1259 OID 16654)
-- Name: consumables_consumables_manufacturer_id_ae04008d; Type: INDEX; Schema: public; Owner: adminDevelop
--

CREATE INDEX consumables_consumables_manufacturer_id_ae04008d ON public.consumables_consumables USING btree (manufacturer_id);


--
-- TOC entry 3378 (class 1259 OID 16655)
-- Name: django_admin_log_content_type_id_c4bce8eb; Type: INDEX; Schema: public; Owner: adminDevelop
--

CREATE INDEX django_admin_log_content_type_id_c4bce8eb ON public.django_admin_log USING btree (content_type_id);


--
-- TOC entry 3381 (class 1259 OID 16656)
-- Name: django_admin_log_user_id_c564eba6; Type: INDEX; Schema: public; Owner: adminDevelop
--

CREATE INDEX django_admin_log_user_id_c564eba6 ON public.django_admin_log USING btree (user_id);


--
-- TOC entry 3388 (class 1259 OID 16657)
-- Name: django_session_expire_date_a5c62663; Type: INDEX; Schema: public; Owner: adminDevelop
--

CREATE INDEX django_session_expire_date_a5c62663 ON public.django_session USING btree (expire_date);


--
-- TOC entry 3391 (class 1259 OID 16658)
-- Name: django_session_session_key_c0390e0f_like; Type: INDEX; Schema: public; Owner: adminDevelop
--

CREATE INDEX django_session_session_key_c0390e0f_like ON public.django_session USING btree (session_key varchar_pattern_ops);


--
-- TOC entry 3394 (class 1259 OID 16659)
-- Name: employee_employee_employeeEmail_96b023a9_like; Type: INDEX; Schema: public; Owner: adminDevelop
--

CREATE INDEX "employee_employee_employeeEmail_96b023a9_like" ON public.employee_employee USING btree ("employeeEmail" varchar_pattern_ops);


--
-- TOC entry 3399 (class 1259 OID 16660)
-- Name: employee_employee_post_id_8cbc2ce4; Type: INDEX; Schema: public; Owner: adminDevelop
--

CREATE INDEX employee_employee_post_id_8cbc2ce4 ON public.employee_employee USING btree (post_id);


--
-- TOC entry 3400 (class 1259 OID 16661)
-- Name: employee_employee_workplace_id_49829270; Type: INDEX; Schema: public; Owner: adminDevelop
--

CREATE INDEX employee_employee_workplace_id_49829270 ON public.employee_employee USING btree (workplace_id);


--
-- TOC entry 3401 (class 1259 OID 16662)
-- Name: employee_post_departament_id_89330dcf; Type: INDEX; Schema: public; Owner: adminDevelop
--

CREATE INDEX employee_post_departament_id_89330dcf ON public.employee_post USING btree (departament_id);


--
-- TOC entry 3498 (class 1259 OID 17022)
-- Name: printer_categories_slug_66348649_like; Type: INDEX; Schema: public; Owner: adminDevelop
--

CREATE INDEX printer_categories_slug_66348649_like ON public.printer_categories USING btree (slug varchar_pattern_ops);


--
-- TOC entry 3404 (class 1259 OID 16663)
-- Name: printer_printer_cartridge_id_72353884; Type: INDEX; Schema: public; Owner: adminDevelop
--

CREATE INDEX printer_printer_cartridge_id_72353884 ON public.printer_printer USING btree (cartridge_id);


--
-- TOC entry 3405 (class 1259 OID 17023)
-- Name: printer_printer_categories_id_c07a6eb3; Type: INDEX; Schema: public; Owner: adminDevelop
--

CREATE INDEX printer_printer_categories_id_c07a6eb3 ON public.printer_printer USING btree (categories_id);


--
-- TOC entry 3406 (class 1259 OID 16664)
-- Name: printer_printer_fotodrumm_id_f6f55807; Type: INDEX; Schema: public; Owner: adminDevelop
--

CREATE INDEX printer_printer_fotodrumm_id_f6f55807 ON public.printer_printer USING btree (fotodrumm_id);


--
-- TOC entry 3407 (class 1259 OID 16665)
-- Name: printer_printer_fotoval_id_17893a42; Type: INDEX; Schema: public; Owner: adminDevelop
--

CREATE INDEX printer_printer_fotoval_id_17893a42 ON public.printer_printer USING btree (fotoval_id);


--
-- TOC entry 3408 (class 1259 OID 16666)
-- Name: printer_printer_manufacturer_id_f2911922; Type: INDEX; Schema: public; Owner: adminDevelop
--

CREATE INDEX printer_printer_manufacturer_id_f2911922 ON public.printer_printer USING btree (manufacturer_id);


--
-- TOC entry 3411 (class 1259 OID 16667)
-- Name: printer_printer_toner_id_6cd8bde3; Type: INDEX; Schema: public; Owner: adminDevelop
--

CREATE INDEX printer_printer_toner_id_6cd8bde3 ON public.printer_printer USING btree (toner_id);


--
-- TOC entry 3412 (class 1259 OID 16668)
-- Name: printer_printer_workplace_id_fe254cae; Type: INDEX; Schema: public; Owner: adminDevelop
--

CREATE INDEX printer_printer_workplace_id_fe254cae ON public.printer_printer USING btree (workplace_id);


--
-- TOC entry 3413 (class 1259 OID 16669)
-- Name: signature_signature_employeeRegister_id_989e3767; Type: INDEX; Schema: public; Owner: adminDevelop
--

CREATE INDEX "signature_signature_employeeRegister_id_989e3767" ON public.signature_signature USING btree ("employeeRegister_id");


--
-- TOC entry 3414 (class 1259 OID 16670)
-- Name: signature_signature_employeeStorage_id_43d89ad6; Type: INDEX; Schema: public; Owner: adminDevelop
--

CREATE INDEX "signature_signature_employeeStorage_id_43d89ad6" ON public.signature_signature USING btree ("employeeStorage_id");


--
-- TOC entry 3417 (class 1259 OID 16671)
-- Name: signature_signature_storage_id_08318af9; Type: INDEX; Schema: public; Owner: adminDevelop
--

CREATE INDEX signature_signature_storage_id_08318af9 ON public.signature_signature USING btree (storage_id);


--
-- TOC entry 3418 (class 1259 OID 16672)
-- Name: signature_signature_workstation_id_536cbeb4; Type: INDEX; Schema: public; Owner: adminDevelop
--

CREATE INDEX signature_signature_workstation_id_536cbeb4 ON public.signature_signature USING btree (workstation_id);


--
-- TOC entry 3419 (class 1259 OID 16673)
-- Name: software_os_manufacturer_id_92f35604; Type: INDEX; Schema: public; Owner: adminDevelop
--

CREATE INDEX software_os_manufacturer_id_92f35604 ON public.software_os USING btree (manufacturer_id);


--
-- TOC entry 3422 (class 1259 OID 16674)
-- Name: software_software_manufacturer_id_e03d2bf0; Type: INDEX; Schema: public; Owner: adminDevelop
--

CREATE INDEX software_software_manufacturer_id_e03d2bf0 ON public.software_software USING btree (manufacturer_id);


--
-- TOC entry 3427 (class 1259 OID 16675)
-- Name: stockroom_categories_slug_4d4d0498_like; Type: INDEX; Schema: public; Owner: adminDevelop
--

CREATE INDEX stockroom_categories_slug_4d4d0498_like ON public.stockroom_categories USING btree (slug varchar_pattern_ops);


--
-- TOC entry 3430 (class 1259 OID 16676)
-- Name: stockroom_stockroom_categories_id_6da07d4a; Type: INDEX; Schema: public; Owner: adminDevelop
--

CREATE INDEX stockroom_stockroom_categories_id_6da07d4a ON public.stockroom_stockroom USING btree (categories_id);


--
-- TOC entry 3433 (class 1259 OID 16677)
-- Name: ups_cassette_accumulator_id_aff85302; Type: INDEX; Schema: public; Owner: adminDevelop
--

CREATE INDEX ups_cassette_accumulator_id_aff85302 ON public.ups_cassette USING btree (accumulator_id);


--
-- TOC entry 3434 (class 1259 OID 16678)
-- Name: ups_cassette_manufacturer_id_dc45fac0; Type: INDEX; Schema: public; Owner: adminDevelop
--

CREATE INDEX ups_cassette_manufacturer_id_dc45fac0 ON public.ups_cassette USING btree (manufacturer_id);


--
-- TOC entry 3437 (class 1259 OID 16679)
-- Name: ups_ups_accumulator_id_587422d8; Type: INDEX; Schema: public; Owner: adminDevelop
--

CREATE INDEX ups_ups_accumulator_id_587422d8 ON public.ups_ups USING btree (accumulator_id);


--
-- TOC entry 3438 (class 1259 OID 16680)
-- Name: ups_ups_cassette1_id_dabeebbb; Type: INDEX; Schema: public; Owner: adminDevelop
--

CREATE INDEX ups_ups_cassette1_id_dabeebbb ON public.ups_ups USING btree (cassette_id);


--
-- TOC entry 3439 (class 1259 OID 16681)
-- Name: ups_ups_manufacturer_id_98b0d39f; Type: INDEX; Schema: public; Owner: adminDevelop
--

CREATE INDEX ups_ups_manufacturer_id_98b0d39f ON public.ups_ups USING btree (manufacturer_id);


--
-- TOC entry 3446 (class 1259 OID 16682)
-- Name: workplace_workplace_room_id_00d411b8; Type: INDEX; Schema: public; Owner: adminDevelop
--

CREATE INDEX workplace_workplace_room_id_00d411b8 ON public.workplace_workplace USING btree (room_id);


--
-- TOC entry 3503 (class 1259 OID 17036)
-- Name: workstation_categories_slug_66f6ec4e_like; Type: INDEX; Schema: public; Owner: adminDevelop
--

CREATE INDEX workstation_categories_slug_66f6ec4e_like ON public.workstation_categories USING btree (slug varchar_pattern_ops);


--
-- TOC entry 3447 (class 1259 OID 16683)
-- Name: workstation_cpu_manufacturer_id_4fed8c4d; Type: INDEX; Schema: public; Owner: adminDevelop
--

CREATE INDEX workstation_cpu_manufacturer_id_4fed8c4d ON public.workstation_cpu USING btree (manufacturer_id);


--
-- TOC entry 3450 (class 1259 OID 16684)
-- Name: workstation_dcpower_manufacturer_id_ee1f1e05; Type: INDEX; Schema: public; Owner: adminDevelop
--

CREATE INDEX workstation_dcpower_manufacturer_id_ee1f1e05 ON public.workstation_dcpower USING btree (manufacturer_id);


--
-- TOC entry 3453 (class 1259 OID 16685)
-- Name: workstation_gpu_manufacturer_id_88f590b2; Type: INDEX; Schema: public; Owner: adminDevelop
--

CREATE INDEX workstation_gpu_manufacturer_id_88f590b2 ON public.workstation_gpu USING btree (manufacturer_id);


--
-- TOC entry 3456 (class 1259 OID 16686)
-- Name: workstation_hdd_manufacturer_id_da036894; Type: INDEX; Schema: public; Owner: adminDevelop
--

CREATE INDEX workstation_hdd_manufacturer_id_da036894 ON public.workstation_hdd USING btree (manufacturer_id);


--
-- TOC entry 3459 (class 1259 OID 16687)
-- Name: workstation_keyboard_manufacturer_id_4d716b35; Type: INDEX; Schema: public; Owner: adminDevelop
--

CREATE INDEX workstation_keyboard_manufacturer_id_4d716b35 ON public.workstation_keyboard USING btree (manufacturer_id);


--
-- TOC entry 3462 (class 1259 OID 16688)
-- Name: workstation_monitor_manufacturer_id_e2d39079; Type: INDEX; Schema: public; Owner: adminDevelop
--

CREATE INDEX workstation_monitor_manufacturer_id_e2d39079 ON public.workstation_monitor USING btree (manufacturer_id);


--
-- TOC entry 3465 (class 1259 OID 16689)
-- Name: workstation_motherboard_manufacturer_id_e782e21f; Type: INDEX; Schema: public; Owner: adminDevelop
--

CREATE INDEX workstation_motherboard_manufacturer_id_e782e21f ON public.workstation_motherboard USING btree (manufacturer_id);


--
-- TOC entry 3468 (class 1259 OID 16690)
-- Name: workstation_mouse_manufacturer_id_08f9f994; Type: INDEX; Schema: public; Owner: adminDevelop
--

CREATE INDEX workstation_mouse_manufacturer_id_08f9f994 ON public.workstation_mouse USING btree (manufacturer_id);


--
-- TOC entry 3471 (class 1259 OID 16691)
-- Name: workstation_ram_manufacturer_id_a7367722; Type: INDEX; Schema: public; Owner: adminDevelop
--

CREATE INDEX workstation_ram_manufacturer_id_a7367722 ON public.workstation_ram USING btree (manufacturer_id);


--
-- TOC entry 3474 (class 1259 OID 16692)
-- Name: workstation_ssd_manufacturer_id_92970d6f; Type: INDEX; Schema: public; Owner: adminDevelop
--

CREATE INDEX workstation_ssd_manufacturer_id_92970d6f ON public.workstation_ssd USING btree (manufacturer_id);


--
-- TOC entry 3477 (class 1259 OID 17037)
-- Name: workstation_workstation_categories_id_9918adbf; Type: INDEX; Schema: public; Owner: adminDevelop
--

CREATE INDEX workstation_workstation_categories_id_9918adbf ON public.workstation_workstation USING btree (categories_id);


--
-- TOC entry 3478 (class 1259 OID 16693)
-- Name: workstation_workstation_cpu_id_0c0d8549; Type: INDEX; Schema: public; Owner: adminDevelop
--

CREATE INDEX workstation_workstation_cpu_id_0c0d8549 ON public.workstation_workstation USING btree (cpu_id);


--
-- TOC entry 3479 (class 1259 OID 16694)
-- Name: workstation_workstation_dcpower_id_e75d378a; Type: INDEX; Schema: public; Owner: adminDevelop
--

CREATE INDEX workstation_workstation_dcpower_id_e75d378a ON public.workstation_workstation USING btree (dcpower_id);


--
-- TOC entry 3480 (class 1259 OID 16695)
-- Name: workstation_workstation_employee_id_e0faf3fe; Type: INDEX; Schema: public; Owner: adminDevelop
--

CREATE INDEX workstation_workstation_employee_id_e0faf3fe ON public.workstation_workstation USING btree (employee_id);


--
-- TOC entry 3481 (class 1259 OID 16696)
-- Name: workstation_workstation_gpu_id_02f331c5; Type: INDEX; Schema: public; Owner: adminDevelop
--

CREATE INDEX workstation_workstation_gpu_id_02f331c5 ON public.workstation_workstation USING btree (gpu_id);


--
-- TOC entry 3482 (class 1259 OID 16697)
-- Name: workstation_workstation_hdd_id_af708c31; Type: INDEX; Schema: public; Owner: adminDevelop
--

CREATE INDEX workstation_workstation_hdd_id_af708c31 ON public.workstation_workstation USING btree (hdd_id);


--
-- TOC entry 3483 (class 1259 OID 16698)
-- Name: workstation_workstation_keyBoard_id_3a025d4c; Type: INDEX; Schema: public; Owner: adminDevelop
--

CREATE INDEX "workstation_workstation_keyBoard_id_3a025d4c" ON public.workstation_workstation USING btree ("keyBoard_id");


--
-- TOC entry 3484 (class 1259 OID 16699)
-- Name: workstation_workstation_manufacturer_id_58b51dc2; Type: INDEX; Schema: public; Owner: adminDevelop
--

CREATE INDEX workstation_workstation_manufacturer_id_58b51dc2 ON public.workstation_workstation USING btree (manufacturer_id);


--
-- TOC entry 3485 (class 1259 OID 16700)
-- Name: workstation_workstation_monitor_id_03d34db8; Type: INDEX; Schema: public; Owner: adminDevelop
--

CREATE INDEX workstation_workstation_monitor_id_03d34db8 ON public.workstation_workstation USING btree (monitor_id);


--
-- TOC entry 3486 (class 1259 OID 16701)
-- Name: workstation_workstation_motherboard_id_93531597; Type: INDEX; Schema: public; Owner: adminDevelop
--

CREATE INDEX workstation_workstation_motherboard_id_93531597 ON public.workstation_workstation USING btree (motherboard_id);


--
-- TOC entry 3487 (class 1259 OID 16702)
-- Name: workstation_workstation_mouse_id_3a88e920; Type: INDEX; Schema: public; Owner: adminDevelop
--

CREATE INDEX workstation_workstation_mouse_id_3a88e920 ON public.workstation_workstation USING btree (mouse_id);


--
-- TOC entry 3488 (class 1259 OID 16703)
-- Name: workstation_workstation_os_id_d245605e; Type: INDEX; Schema: public; Owner: adminDevelop
--

CREATE INDEX workstation_workstation_os_id_d245605e ON public.workstation_workstation USING btree (os_id);


--
-- TOC entry 3491 (class 1259 OID 16704)
-- Name: workstation_workstation_ram_id_2113819c; Type: INDEX; Schema: public; Owner: adminDevelop
--

CREATE INDEX workstation_workstation_ram_id_2113819c ON public.workstation_workstation USING btree (ram_id);


--
-- TOC entry 3492 (class 1259 OID 16705)
-- Name: workstation_workstation_software_id_3a987e40; Type: INDEX; Schema: public; Owner: adminDevelop
--

CREATE INDEX workstation_workstation_software_id_3a987e40 ON public.workstation_workstation USING btree (software_id);


--
-- TOC entry 3493 (class 1259 OID 16706)
-- Name: workstation_workstation_ssd_id_cff0cc4f; Type: INDEX; Schema: public; Owner: adminDevelop
--

CREATE INDEX workstation_workstation_ssd_id_cff0cc4f ON public.workstation_workstation USING btree (ssd_id);


--
-- TOC entry 3494 (class 1259 OID 16707)
-- Name: workstation_workstation_ups_id_116ca72a; Type: INDEX; Schema: public; Owner: adminDevelop
--

CREATE INDEX workstation_workstation_ups_id_116ca72a ON public.workstation_workstation USING btree (ups_id);


--
-- TOC entry 3495 (class 1259 OID 16708)
-- Name: workstation_workstation_workplace_id_18d04b01; Type: INDEX; Schema: public; Owner: adminDevelop
--

CREATE INDEX workstation_workstation_workplace_id_18d04b01 ON public.workstation_workstation USING btree (workplace_id);


--
-- TOC entry 3506 (class 2606 OID 16709)
-- Name: auth_group_permissions auth_group_permissio_permission_id_84c5c92e_fk_auth_perm; Type: FK CONSTRAINT; Schema: public; Owner: adminDevelop
--

ALTER TABLE ONLY public.auth_group_permissions
    ADD CONSTRAINT auth_group_permissio_permission_id_84c5c92e_fk_auth_perm FOREIGN KEY (permission_id) REFERENCES public.auth_permission(id) DEFERRABLE INITIALLY DEFERRED;


--
-- TOC entry 3507 (class 2606 OID 16714)
-- Name: auth_group_permissions auth_group_permissions_group_id_b120cbf9_fk_auth_group_id; Type: FK CONSTRAINT; Schema: public; Owner: adminDevelop
--

ALTER TABLE ONLY public.auth_group_permissions
    ADD CONSTRAINT auth_group_permissions_group_id_b120cbf9_fk_auth_group_id FOREIGN KEY (group_id) REFERENCES public.auth_group(id) DEFERRABLE INITIALLY DEFERRED;


--
-- TOC entry 3508 (class 2606 OID 16719)
-- Name: auth_permission auth_permission_content_type_id_2f476e4b_fk_django_co; Type: FK CONSTRAINT; Schema: public; Owner: adminDevelop
--

ALTER TABLE ONLY public.auth_permission
    ADD CONSTRAINT auth_permission_content_type_id_2f476e4b_fk_django_co FOREIGN KEY (content_type_id) REFERENCES public.django_content_type(id) DEFERRABLE INITIALLY DEFERRED;


--
-- TOC entry 3509 (class 2606 OID 16724)
-- Name: auth_user_groups auth_user_groups_group_id_97559544_fk_auth_group_id; Type: FK CONSTRAINT; Schema: public; Owner: adminDevelop
--

ALTER TABLE ONLY public.auth_user_groups
    ADD CONSTRAINT auth_user_groups_group_id_97559544_fk_auth_group_id FOREIGN KEY (group_id) REFERENCES public.auth_group(id) DEFERRABLE INITIALLY DEFERRED;


--
-- TOC entry 3510 (class 2606 OID 16729)
-- Name: auth_user_groups auth_user_groups_user_id_6a12ed8b_fk_auth_user_id; Type: FK CONSTRAINT; Schema: public; Owner: adminDevelop
--

ALTER TABLE ONLY public.auth_user_groups
    ADD CONSTRAINT auth_user_groups_user_id_6a12ed8b_fk_auth_user_id FOREIGN KEY (user_id) REFERENCES public.auth_user(id) DEFERRABLE INITIALLY DEFERRED;


--
-- TOC entry 3511 (class 2606 OID 16734)
-- Name: auth_user_user_permissions auth_user_user_permi_permission_id_1fbb5f2c_fk_auth_perm; Type: FK CONSTRAINT; Schema: public; Owner: adminDevelop
--

ALTER TABLE ONLY public.auth_user_user_permissions
    ADD CONSTRAINT auth_user_user_permi_permission_id_1fbb5f2c_fk_auth_perm FOREIGN KEY (permission_id) REFERENCES public.auth_permission(id) DEFERRABLE INITIALLY DEFERRED;


--
-- TOC entry 3512 (class 2606 OID 16739)
-- Name: auth_user_user_permissions auth_user_user_permissions_user_id_a95ead1b_fk_auth_user_id; Type: FK CONSTRAINT; Schema: public; Owner: adminDevelop
--

ALTER TABLE ONLY public.auth_user_user_permissions
    ADD CONSTRAINT auth_user_user_permissions_user_id_a95ead1b_fk_auth_user_id FOREIGN KEY (user_id) REFERENCES public.auth_user(id) DEFERRABLE INITIALLY DEFERRED;


--
-- TOC entry 3513 (class 2606 OID 16744)
-- Name: consumables_consumables consumables_consumab_categories_id_c8ee6df2_fk_consumabl; Type: FK CONSTRAINT; Schema: public; Owner: adminDevelop
--

ALTER TABLE ONLY public.consumables_consumables
    ADD CONSTRAINT consumables_consumab_categories_id_c8ee6df2_fk_consumabl FOREIGN KEY (categories_id) REFERENCES public.consumables_categories(id) DEFERRABLE INITIALLY DEFERRED;


--
-- TOC entry 3514 (class 2606 OID 16749)
-- Name: consumables_consumables consumables_consumab_manufacturer_id_ae04008d_fk_counterpa; Type: FK CONSTRAINT; Schema: public; Owner: adminDevelop
--

ALTER TABLE ONLY public.consumables_consumables
    ADD CONSTRAINT consumables_consumab_manufacturer_id_ae04008d_fk_counterpa FOREIGN KEY (manufacturer_id) REFERENCES public.counterparty_manufacturer(id) DEFERRABLE INITIALLY DEFERRED;


--
-- TOC entry 3515 (class 2606 OID 16754)
-- Name: django_admin_log django_admin_log_content_type_id_c4bce8eb_fk_django_co; Type: FK CONSTRAINT; Schema: public; Owner: adminDevelop
--

ALTER TABLE ONLY public.django_admin_log
    ADD CONSTRAINT django_admin_log_content_type_id_c4bce8eb_fk_django_co FOREIGN KEY (content_type_id) REFERENCES public.django_content_type(id) DEFERRABLE INITIALLY DEFERRED;


--
-- TOC entry 3516 (class 2606 OID 16759)
-- Name: django_admin_log django_admin_log_user_id_c564eba6_fk_auth_user_id; Type: FK CONSTRAINT; Schema: public; Owner: adminDevelop
--

ALTER TABLE ONLY public.django_admin_log
    ADD CONSTRAINT django_admin_log_user_id_c564eba6_fk_auth_user_id FOREIGN KEY (user_id) REFERENCES public.auth_user(id) DEFERRABLE INITIALLY DEFERRED;


--
-- TOC entry 3517 (class 2606 OID 16764)
-- Name: employee_employee employee_employee_post_id_8cbc2ce4_fk_employee_post_id; Type: FK CONSTRAINT; Schema: public; Owner: adminDevelop
--

ALTER TABLE ONLY public.employee_employee
    ADD CONSTRAINT employee_employee_post_id_8cbc2ce4_fk_employee_post_id FOREIGN KEY (post_id) REFERENCES public.employee_post(id) DEFERRABLE INITIALLY DEFERRED;


--
-- TOC entry 3518 (class 2606 OID 16769)
-- Name: employee_employee employee_employee_workplace_id_49829270_fk_workplace; Type: FK CONSTRAINT; Schema: public; Owner: adminDevelop
--

ALTER TABLE ONLY public.employee_employee
    ADD CONSTRAINT employee_employee_workplace_id_49829270_fk_workplace FOREIGN KEY (workplace_id) REFERENCES public.workplace_workplace(id) DEFERRABLE INITIALLY DEFERRED;


--
-- TOC entry 3519 (class 2606 OID 16774)
-- Name: employee_post employee_post_departament_id_89330dcf_fk_employee_; Type: FK CONSTRAINT; Schema: public; Owner: adminDevelop
--

ALTER TABLE ONLY public.employee_post
    ADD CONSTRAINT employee_post_departament_id_89330dcf_fk_employee_ FOREIGN KEY (departament_id) REFERENCES public.employee_departament(id) DEFERRABLE INITIALLY DEFERRED;


--
-- TOC entry 3520 (class 2606 OID 16779)
-- Name: printer_printer printer_printer_cartridge_id_72353884_fk_consumabl; Type: FK CONSTRAINT; Schema: public; Owner: adminDevelop
--

ALTER TABLE ONLY public.printer_printer
    ADD CONSTRAINT printer_printer_cartridge_id_72353884_fk_consumabl FOREIGN KEY (cartridge_id) REFERENCES public.consumables_consumables(id) DEFERRABLE INITIALLY DEFERRED;


--
-- TOC entry 3526 (class 2606 OID 17017)
-- Name: printer_printer printer_printer_categories_id_c07a6eb3_fk_printer_categories_id; Type: FK CONSTRAINT; Schema: public; Owner: adminDevelop
--

ALTER TABLE ONLY public.printer_printer
    ADD CONSTRAINT printer_printer_categories_id_c07a6eb3_fk_printer_categories_id FOREIGN KEY (categories_id) REFERENCES public.printer_categories(id) DEFERRABLE INITIALLY DEFERRED;


--
-- TOC entry 3521 (class 2606 OID 16784)
-- Name: printer_printer printer_printer_fotodrumm_id_f6f55807_fk_consumabl; Type: FK CONSTRAINT; Schema: public; Owner: adminDevelop
--

ALTER TABLE ONLY public.printer_printer
    ADD CONSTRAINT printer_printer_fotodrumm_id_f6f55807_fk_consumabl FOREIGN KEY (fotodrumm_id) REFERENCES public.consumables_consumables(id) DEFERRABLE INITIALLY DEFERRED;


--
-- TOC entry 3522 (class 2606 OID 16789)
-- Name: printer_printer printer_printer_fotoval_id_17893a42_fk_consumabl; Type: FK CONSTRAINT; Schema: public; Owner: adminDevelop
--

ALTER TABLE ONLY public.printer_printer
    ADD CONSTRAINT printer_printer_fotoval_id_17893a42_fk_consumabl FOREIGN KEY (fotoval_id) REFERENCES public.consumables_consumables(id) DEFERRABLE INITIALLY DEFERRED;


--
-- TOC entry 3523 (class 2606 OID 16794)
-- Name: printer_printer printer_printer_manufacturer_id_f2911922_fk_counterpa; Type: FK CONSTRAINT; Schema: public; Owner: adminDevelop
--

ALTER TABLE ONLY public.printer_printer
    ADD CONSTRAINT printer_printer_manufacturer_id_f2911922_fk_counterpa FOREIGN KEY (manufacturer_id) REFERENCES public.counterparty_manufacturer(id) DEFERRABLE INITIALLY DEFERRED;


--
-- TOC entry 3524 (class 2606 OID 16799)
-- Name: printer_printer printer_printer_toner_id_6cd8bde3_fk_consumables_consumables_id; Type: FK CONSTRAINT; Schema: public; Owner: adminDevelop
--

ALTER TABLE ONLY public.printer_printer
    ADD CONSTRAINT printer_printer_toner_id_6cd8bde3_fk_consumables_consumables_id FOREIGN KEY (toner_id) REFERENCES public.consumables_consumables(id) DEFERRABLE INITIALLY DEFERRED;


--
-- TOC entry 3525 (class 2606 OID 16804)
-- Name: printer_printer printer_printer_workplace_id_fe254cae_fk_workplace_workplace_id; Type: FK CONSTRAINT; Schema: public; Owner: adminDevelop
--

ALTER TABLE ONLY public.printer_printer
    ADD CONSTRAINT printer_printer_workplace_id_fe254cae_fk_workplace_workplace_id FOREIGN KEY (workplace_id) REFERENCES public.workplace_workplace(id) DEFERRABLE INITIALLY DEFERRED;


--
-- TOC entry 3527 (class 2606 OID 16809)
-- Name: signature_signature signature_signature_employeeRegister_id_989e3767_fk_employee_; Type: FK CONSTRAINT; Schema: public; Owner: adminDevelop
--

ALTER TABLE ONLY public.signature_signature
    ADD CONSTRAINT "signature_signature_employeeRegister_id_989e3767_fk_employee_" FOREIGN KEY ("employeeRegister_id") REFERENCES public.employee_employee(id) DEFERRABLE INITIALLY DEFERRED;


--
-- TOC entry 3528 (class 2606 OID 16814)
-- Name: signature_signature signature_signature_employeeStorage_id_43d89ad6_fk_employee_; Type: FK CONSTRAINT; Schema: public; Owner: adminDevelop
--

ALTER TABLE ONLY public.signature_signature
    ADD CONSTRAINT "signature_signature_employeeStorage_id_43d89ad6_fk_employee_" FOREIGN KEY ("employeeStorage_id") REFERENCES public.employee_employee(id) DEFERRABLE INITIALLY DEFERRED;


--
-- TOC entry 3529 (class 2606 OID 16819)
-- Name: signature_signature signature_signature_storage_id_08318af9_fk_consumabl; Type: FK CONSTRAINT; Schema: public; Owner: adminDevelop
--

ALTER TABLE ONLY public.signature_signature
    ADD CONSTRAINT signature_signature_storage_id_08318af9_fk_consumabl FOREIGN KEY (storage_id) REFERENCES public.consumables_consumables(id) DEFERRABLE INITIALLY DEFERRED;


--
-- TOC entry 3530 (class 2606 OID 16824)
-- Name: signature_signature signature_signature_workstation_id_536cbeb4_fk_workstati; Type: FK CONSTRAINT; Schema: public; Owner: adminDevelop
--

ALTER TABLE ONLY public.signature_signature
    ADD CONSTRAINT signature_signature_workstation_id_536cbeb4_fk_workstati FOREIGN KEY (workstation_id) REFERENCES public.workstation_workstation(id) DEFERRABLE INITIALLY DEFERRED;


--
-- TOC entry 3531 (class 2606 OID 16829)
-- Name: software_os software_os_manufacturer_id_92f35604_fk_counterpa; Type: FK CONSTRAINT; Schema: public; Owner: adminDevelop
--

ALTER TABLE ONLY public.software_os
    ADD CONSTRAINT software_os_manufacturer_id_92f35604_fk_counterpa FOREIGN KEY (manufacturer_id) REFERENCES public.counterparty_manufacturer(id) DEFERRABLE INITIALLY DEFERRED;


--
-- TOC entry 3532 (class 2606 OID 16834)
-- Name: software_software software_software_manufacturer_id_e03d2bf0_fk_counterpa; Type: FK CONSTRAINT; Schema: public; Owner: adminDevelop
--

ALTER TABLE ONLY public.software_software
    ADD CONSTRAINT software_software_manufacturer_id_e03d2bf0_fk_counterpa FOREIGN KEY (manufacturer_id) REFERENCES public.counterparty_manufacturer(id) DEFERRABLE INITIALLY DEFERRED;


--
-- TOC entry 3533 (class 2606 OID 16839)
-- Name: stockroom_stockroom stockroom_stockroom_categories_id_6da07d4a_fk_stockroom; Type: FK CONSTRAINT; Schema: public; Owner: adminDevelop
--

ALTER TABLE ONLY public.stockroom_stockroom
    ADD CONSTRAINT stockroom_stockroom_categories_id_6da07d4a_fk_stockroom FOREIGN KEY (categories_id) REFERENCES public.stockroom_categories(id) DEFERRABLE INITIALLY DEFERRED;


--
-- TOC entry 3534 (class 2606 OID 16844)
-- Name: stockroom_stockroom stockroom_stokroom_consumables_id_9b6b961a_fk_consumabl; Type: FK CONSTRAINT; Schema: public; Owner: adminDevelop
--

ALTER TABLE ONLY public.stockroom_stockroom
    ADD CONSTRAINT stockroom_stokroom_consumables_id_9b6b961a_fk_consumabl FOREIGN KEY (consumables_id) REFERENCES public.consumables_consumables(id) DEFERRABLE INITIALLY DEFERRED;


--
-- TOC entry 3535 (class 2606 OID 16849)
-- Name: ups_cassette ups_cassette_accumulator_id_aff85302_fk_consumabl; Type: FK CONSTRAINT; Schema: public; Owner: adminDevelop
--

ALTER TABLE ONLY public.ups_cassette
    ADD CONSTRAINT ups_cassette_accumulator_id_aff85302_fk_consumabl FOREIGN KEY (accumulator_id) REFERENCES public.consumables_consumables(id) DEFERRABLE INITIALLY DEFERRED;


--
-- TOC entry 3536 (class 2606 OID 16854)
-- Name: ups_cassette ups_cassette_manufacturer_id_dc45fac0_fk_counterpa; Type: FK CONSTRAINT; Schema: public; Owner: adminDevelop
--

ALTER TABLE ONLY public.ups_cassette
    ADD CONSTRAINT ups_cassette_manufacturer_id_dc45fac0_fk_counterpa FOREIGN KEY (manufacturer_id) REFERENCES public.counterparty_manufacturer(id) DEFERRABLE INITIALLY DEFERRED;


--
-- TOC entry 3537 (class 2606 OID 16859)
-- Name: ups_ups ups_ups_accumulator_id_587422d8_fk_consumables_consumables_id; Type: FK CONSTRAINT; Schema: public; Owner: adminDevelop
--

ALTER TABLE ONLY public.ups_ups
    ADD CONSTRAINT ups_ups_accumulator_id_587422d8_fk_consumables_consumables_id FOREIGN KEY (accumulator_id) REFERENCES public.consumables_consumables(id) DEFERRABLE INITIALLY DEFERRED;


--
-- TOC entry 3538 (class 2606 OID 16864)
-- Name: ups_ups ups_ups_cassette_id_998510c0_fk_ups_cassette_id; Type: FK CONSTRAINT; Schema: public; Owner: adminDevelop
--

ALTER TABLE ONLY public.ups_ups
    ADD CONSTRAINT ups_ups_cassette_id_998510c0_fk_ups_cassette_id FOREIGN KEY (cassette_id) REFERENCES public.ups_cassette(id) DEFERRABLE INITIALLY DEFERRED;


--
-- TOC entry 3539 (class 2606 OID 16869)
-- Name: ups_ups ups_ups_manufacturer_id_98b0d39f_fk_counterpa; Type: FK CONSTRAINT; Schema: public; Owner: adminDevelop
--

ALTER TABLE ONLY public.ups_ups
    ADD CONSTRAINT ups_ups_manufacturer_id_98b0d39f_fk_counterpa FOREIGN KEY (manufacturer_id) REFERENCES public.counterparty_manufacturer(id) DEFERRABLE INITIALLY DEFERRED;


--
-- TOC entry 3540 (class 2606 OID 16874)
-- Name: workplace_workplace workplace_workplace_room_id_00d411b8_fk_workplace_room_id; Type: FK CONSTRAINT; Schema: public; Owner: adminDevelop
--

ALTER TABLE ONLY public.workplace_workplace
    ADD CONSTRAINT workplace_workplace_room_id_00d411b8_fk_workplace_room_id FOREIGN KEY (room_id) REFERENCES public.workplace_room(id) DEFERRABLE INITIALLY DEFERRED;


--
-- TOC entry 3541 (class 2606 OID 16879)
-- Name: workstation_cpu workstation_cpu_manufacturer_id_4fed8c4d_fk_counterpa; Type: FK CONSTRAINT; Schema: public; Owner: adminDevelop
--

ALTER TABLE ONLY public.workstation_cpu
    ADD CONSTRAINT workstation_cpu_manufacturer_id_4fed8c4d_fk_counterpa FOREIGN KEY (manufacturer_id) REFERENCES public.counterparty_manufacturer(id) DEFERRABLE INITIALLY DEFERRED;


--
-- TOC entry 3542 (class 2606 OID 16884)
-- Name: workstation_dcpower workstation_dcpower_manufacturer_id_ee1f1e05_fk_counterpa; Type: FK CONSTRAINT; Schema: public; Owner: adminDevelop
--

ALTER TABLE ONLY public.workstation_dcpower
    ADD CONSTRAINT workstation_dcpower_manufacturer_id_ee1f1e05_fk_counterpa FOREIGN KEY (manufacturer_id) REFERENCES public.counterparty_manufacturer(id) DEFERRABLE INITIALLY DEFERRED;


--
-- TOC entry 3543 (class 2606 OID 16889)
-- Name: workstation_gpu workstation_gpu_manufacturer_id_88f590b2_fk_counterpa; Type: FK CONSTRAINT; Schema: public; Owner: adminDevelop
--

ALTER TABLE ONLY public.workstation_gpu
    ADD CONSTRAINT workstation_gpu_manufacturer_id_88f590b2_fk_counterpa FOREIGN KEY (manufacturer_id) REFERENCES public.counterparty_manufacturer(id) DEFERRABLE INITIALLY DEFERRED;


--
-- TOC entry 3544 (class 2606 OID 16894)
-- Name: workstation_hdd workstation_hdd_manufacturer_id_da036894_fk_counterpa; Type: FK CONSTRAINT; Schema: public; Owner: adminDevelop
--

ALTER TABLE ONLY public.workstation_hdd
    ADD CONSTRAINT workstation_hdd_manufacturer_id_da036894_fk_counterpa FOREIGN KEY (manufacturer_id) REFERENCES public.counterparty_manufacturer(id) DEFERRABLE INITIALLY DEFERRED;


--
-- TOC entry 3545 (class 2606 OID 16899)
-- Name: workstation_keyboard workstation_keyboard_manufacturer_id_4d716b35_fk_counterpa; Type: FK CONSTRAINT; Schema: public; Owner: adminDevelop
--

ALTER TABLE ONLY public.workstation_keyboard
    ADD CONSTRAINT workstation_keyboard_manufacturer_id_4d716b35_fk_counterpa FOREIGN KEY (manufacturer_id) REFERENCES public.counterparty_manufacturer(id) DEFERRABLE INITIALLY DEFERRED;


--
-- TOC entry 3546 (class 2606 OID 16904)
-- Name: workstation_monitor workstation_monitor_manufacturer_id_e2d39079_fk_counterpa; Type: FK CONSTRAINT; Schema: public; Owner: adminDevelop
--

ALTER TABLE ONLY public.workstation_monitor
    ADD CONSTRAINT workstation_monitor_manufacturer_id_e2d39079_fk_counterpa FOREIGN KEY (manufacturer_id) REFERENCES public.counterparty_manufacturer(id) DEFERRABLE INITIALLY DEFERRED;


--
-- TOC entry 3547 (class 2606 OID 16909)
-- Name: workstation_motherboard workstation_motherbo_manufacturer_id_e782e21f_fk_counterpa; Type: FK CONSTRAINT; Schema: public; Owner: adminDevelop
--

ALTER TABLE ONLY public.workstation_motherboard
    ADD CONSTRAINT workstation_motherbo_manufacturer_id_e782e21f_fk_counterpa FOREIGN KEY (manufacturer_id) REFERENCES public.counterparty_manufacturer(id) DEFERRABLE INITIALLY DEFERRED;


--
-- TOC entry 3548 (class 2606 OID 16914)
-- Name: workstation_mouse workstation_mouse_manufacturer_id_08f9f994_fk_counterpa; Type: FK CONSTRAINT; Schema: public; Owner: adminDevelop
--

ALTER TABLE ONLY public.workstation_mouse
    ADD CONSTRAINT workstation_mouse_manufacturer_id_08f9f994_fk_counterpa FOREIGN KEY (manufacturer_id) REFERENCES public.counterparty_manufacturer(id) DEFERRABLE INITIALLY DEFERRED;


--
-- TOC entry 3549 (class 2606 OID 16919)
-- Name: workstation_ram workstation_ram_manufacturer_id_a7367722_fk_counterpa; Type: FK CONSTRAINT; Schema: public; Owner: adminDevelop
--

ALTER TABLE ONLY public.workstation_ram
    ADD CONSTRAINT workstation_ram_manufacturer_id_a7367722_fk_counterpa FOREIGN KEY (manufacturer_id) REFERENCES public.counterparty_manufacturer(id) DEFERRABLE INITIALLY DEFERRED;


--
-- TOC entry 3550 (class 2606 OID 16924)
-- Name: workstation_ssd workstation_ssd_manufacturer_id_92970d6f_fk_counterpa; Type: FK CONSTRAINT; Schema: public; Owner: adminDevelop
--

ALTER TABLE ONLY public.workstation_ssd
    ADD CONSTRAINT workstation_ssd_manufacturer_id_92970d6f_fk_counterpa FOREIGN KEY (manufacturer_id) REFERENCES public.counterparty_manufacturer(id) DEFERRABLE INITIALLY DEFERRED;


--
-- TOC entry 3567 (class 2606 OID 17031)
-- Name: workstation_workstation workstation_workstat_categories_id_9918adbf_fk_workstati; Type: FK CONSTRAINT; Schema: public; Owner: adminDevelop
--

ALTER TABLE ONLY public.workstation_workstation
    ADD CONSTRAINT workstation_workstat_categories_id_9918adbf_fk_workstati FOREIGN KEY (categories_id) REFERENCES public.workstation_categories(id) DEFERRABLE INITIALLY DEFERRED;


--
-- TOC entry 3551 (class 2606 OID 16929)
-- Name: workstation_workstation workstation_workstat_dcpower_id_e75d378a_fk_workstati; Type: FK CONSTRAINT; Schema: public; Owner: adminDevelop
--

ALTER TABLE ONLY public.workstation_workstation
    ADD CONSTRAINT workstation_workstat_dcpower_id_e75d378a_fk_workstati FOREIGN KEY (dcpower_id) REFERENCES public.workstation_dcpower(id) DEFERRABLE INITIALLY DEFERRED;


--
-- TOC entry 3552 (class 2606 OID 16934)
-- Name: workstation_workstation workstation_workstat_employee_id_e0faf3fe_fk_employee_; Type: FK CONSTRAINT; Schema: public; Owner: adminDevelop
--

ALTER TABLE ONLY public.workstation_workstation
    ADD CONSTRAINT workstation_workstat_employee_id_e0faf3fe_fk_employee_ FOREIGN KEY (employee_id) REFERENCES public.employee_employee(id) DEFERRABLE INITIALLY DEFERRED;


--
-- TOC entry 3553 (class 2606 OID 16939)
-- Name: workstation_workstation workstation_workstat_keyBoard_id_3a025d4c_fk_workstati; Type: FK CONSTRAINT; Schema: public; Owner: adminDevelop
--

ALTER TABLE ONLY public.workstation_workstation
    ADD CONSTRAINT "workstation_workstat_keyBoard_id_3a025d4c_fk_workstati" FOREIGN KEY ("keyBoard_id") REFERENCES public.workstation_keyboard(id) DEFERRABLE INITIALLY DEFERRED;


--
-- TOC entry 3554 (class 2606 OID 16944)
-- Name: workstation_workstation workstation_workstat_manufacturer_id_58b51dc2_fk_counterpa; Type: FK CONSTRAINT; Schema: public; Owner: adminDevelop
--

ALTER TABLE ONLY public.workstation_workstation
    ADD CONSTRAINT workstation_workstat_manufacturer_id_58b51dc2_fk_counterpa FOREIGN KEY (manufacturer_id) REFERENCES public.counterparty_manufacturer(id) DEFERRABLE INITIALLY DEFERRED;


--
-- TOC entry 3555 (class 2606 OID 16949)
-- Name: workstation_workstation workstation_workstat_monitor_id_03d34db8_fk_workstati; Type: FK CONSTRAINT; Schema: public; Owner: adminDevelop
--

ALTER TABLE ONLY public.workstation_workstation
    ADD CONSTRAINT workstation_workstat_monitor_id_03d34db8_fk_workstati FOREIGN KEY (monitor_id) REFERENCES public.workstation_monitor(id) DEFERRABLE INITIALLY DEFERRED;


--
-- TOC entry 3556 (class 2606 OID 16954)
-- Name: workstation_workstation workstation_workstat_motherboard_id_93531597_fk_workstati; Type: FK CONSTRAINT; Schema: public; Owner: adminDevelop
--

ALTER TABLE ONLY public.workstation_workstation
    ADD CONSTRAINT workstation_workstat_motherboard_id_93531597_fk_workstati FOREIGN KEY (motherboard_id) REFERENCES public.workstation_motherboard(id) DEFERRABLE INITIALLY DEFERRED;


--
-- TOC entry 3557 (class 2606 OID 16959)
-- Name: workstation_workstation workstation_workstat_mouse_id_3a88e920_fk_workstati; Type: FK CONSTRAINT; Schema: public; Owner: adminDevelop
--

ALTER TABLE ONLY public.workstation_workstation
    ADD CONSTRAINT workstation_workstat_mouse_id_3a88e920_fk_workstati FOREIGN KEY (mouse_id) REFERENCES public.workstation_mouse(id) DEFERRABLE INITIALLY DEFERRED;


--
-- TOC entry 3558 (class 2606 OID 16964)
-- Name: workstation_workstation workstation_workstat_software_id_3a987e40_fk_software_; Type: FK CONSTRAINT; Schema: public; Owner: adminDevelop
--

ALTER TABLE ONLY public.workstation_workstation
    ADD CONSTRAINT workstation_workstat_software_id_3a987e40_fk_software_ FOREIGN KEY (software_id) REFERENCES public.software_software(id) DEFERRABLE INITIALLY DEFERRED;


--
-- TOC entry 3559 (class 2606 OID 16969)
-- Name: workstation_workstation workstation_workstat_workplace_id_18d04b01_fk_workplace; Type: FK CONSTRAINT; Schema: public; Owner: adminDevelop
--

ALTER TABLE ONLY public.workstation_workstation
    ADD CONSTRAINT workstation_workstat_workplace_id_18d04b01_fk_workplace FOREIGN KEY (workplace_id) REFERENCES public.workplace_workplace(id) DEFERRABLE INITIALLY DEFERRED;


--
-- TOC entry 3560 (class 2606 OID 16974)
-- Name: workstation_workstation workstation_workstation_cpu_id_0c0d8549_fk_workstation_cpu_id; Type: FK CONSTRAINT; Schema: public; Owner: adminDevelop
--

ALTER TABLE ONLY public.workstation_workstation
    ADD CONSTRAINT workstation_workstation_cpu_id_0c0d8549_fk_workstation_cpu_id FOREIGN KEY (cpu_id) REFERENCES public.workstation_cpu(id) DEFERRABLE INITIALLY DEFERRED;


--
-- TOC entry 3561 (class 2606 OID 16979)
-- Name: workstation_workstation workstation_workstation_gpu_id_02f331c5_fk_workstation_gpu_id; Type: FK CONSTRAINT; Schema: public; Owner: adminDevelop
--

ALTER TABLE ONLY public.workstation_workstation
    ADD CONSTRAINT workstation_workstation_gpu_id_02f331c5_fk_workstation_gpu_id FOREIGN KEY (gpu_id) REFERENCES public.workstation_gpu(id) DEFERRABLE INITIALLY DEFERRED;


--
-- TOC entry 3562 (class 2606 OID 16984)
-- Name: workstation_workstation workstation_workstation_hdd_id_af708c31_fk_workstation_hdd_id; Type: FK CONSTRAINT; Schema: public; Owner: adminDevelop
--

ALTER TABLE ONLY public.workstation_workstation
    ADD CONSTRAINT workstation_workstation_hdd_id_af708c31_fk_workstation_hdd_id FOREIGN KEY (hdd_id) REFERENCES public.workstation_hdd(id) DEFERRABLE INITIALLY DEFERRED;


--
-- TOC entry 3563 (class 2606 OID 16989)
-- Name: workstation_workstation workstation_workstation_os_id_d245605e_fk_software_os_id; Type: FK CONSTRAINT; Schema: public; Owner: adminDevelop
--

ALTER TABLE ONLY public.workstation_workstation
    ADD CONSTRAINT workstation_workstation_os_id_d245605e_fk_software_os_id FOREIGN KEY (os_id) REFERENCES public.software_os(id) DEFERRABLE INITIALLY DEFERRED;


--
-- TOC entry 3564 (class 2606 OID 16994)
-- Name: workstation_workstation workstation_workstation_ram_id_2113819c_fk_workstation_ram_id; Type: FK CONSTRAINT; Schema: public; Owner: adminDevelop
--

ALTER TABLE ONLY public.workstation_workstation
    ADD CONSTRAINT workstation_workstation_ram_id_2113819c_fk_workstation_ram_id FOREIGN KEY (ram_id) REFERENCES public.workstation_ram(id) DEFERRABLE INITIALLY DEFERRED;


--
-- TOC entry 3565 (class 2606 OID 16999)
-- Name: workstation_workstation workstation_workstation_ssd_id_cff0cc4f_fk_workstation_ssd_id; Type: FK CONSTRAINT; Schema: public; Owner: adminDevelop
--

ALTER TABLE ONLY public.workstation_workstation
    ADD CONSTRAINT workstation_workstation_ssd_id_cff0cc4f_fk_workstation_ssd_id FOREIGN KEY (ssd_id) REFERENCES public.workstation_ssd(id) DEFERRABLE INITIALLY DEFERRED;


--
-- TOC entry 3566 (class 2606 OID 17004)
-- Name: workstation_workstation workstation_workstation_ups_id_116ca72a_fk_ups_ups_id; Type: FK CONSTRAINT; Schema: public; Owner: adminDevelop
--

ALTER TABLE ONLY public.workstation_workstation
    ADD CONSTRAINT workstation_workstation_ups_id_116ca72a_fk_ups_ups_id FOREIGN KEY (ups_id) REFERENCES public.ups_ups(id) DEFERRABLE INITIALLY DEFERRED;


-- Completed on 2023-02-21 12:19:23 UTC

--
-- PostgreSQL database dump complete
--